employee_id,fullname,avg_performance_rating,years_of_service_months,grade_name,education_name,grade_id,position_id,iq,pauli,faxtor,disc,mbti,gtq_total,tiki,papi_n_score,papi_g_score,papi_a_score,papi_l_score,papi_p_score,papi_i_score,papi_t_score,papi_v_score,papi_o_score,papi_b_score,papi_s_score,papi_x_score,papi_c_score,papi_d_score,papi_r_score,papi_z_score,papi_e_score,papi_k_score,papi_f_score,papi_w_score,avg_score_gdr,avg_score_cex,avg_score_ids,avg_score_qdd,avg_score_sto,avg_score_sea,avg_score_vcu,avg_score_lie,avg_score_ftc,avg_score_csi,strength_rank_1_theme,strength_rank_2_theme,strength_rank_3_theme
DUP1942,Dewi Fadillah Hidayat,2.8000000000000000,79,IV,S1,2,1,null,55,54,CD,ISFP,null,8,null,4.0,6.0,6.0,5.0,1.0,9.0,1.0,3.0,null,9.0,3.0,1.0,4.0,7.0,null,3.0,3.0,5.0,8.0,2.8000000000000000,2.4000000000000000,2.8000000000000000,3.2000000000000000,3.0000000000000000,2.8000000000000000,3.0000000000000000,2.5000000000000000,3.0000000000000000,2.8000000000000000,Learner,Maximizer,Ideation
DUP2096,Putri Wibowo,3.6000000000000000,49,III,S2,1,4,null,27,62,SD,ISFJ,null,4,1.0,2.0,1.0,3.0,4.0,6.0,2.0,6.0,4.0,6.0,8.0,8.0,9.0,3.0,6.0,2.0,4.0,9.0,1.0,3.0,3.2000000000000000,3.2500000000000000,3.8000000000000000,3.4000000000000000,3.8000000000000000,3.6000000000000000,3.7500000000000000,3.4000000000000000,3.2000000000000000,3.0000000000000000,Command,Significance,Competition
DUP2722,Dewi Syahputra,2.6666666666666667,33,IV,S1,2,5,124.0,83,22,DI,ISTJ,18.0,2,8.0,9.0,2.0,3.0,null,9.0,7.0,3.0,2.0,null,1.0,3.0,6.0,4.0,6.0,3.0,1.0,1.0,4.0,6.0,3.5000000000000000,2.3333333333333333,2.8000000000000000,2.4000000000000000,2.5000000000000000,3.4000000000000000,2.5000000000000000,2.6000000000000000,3.2000000000000000,3.2000000000000000,Individualization,Self-Assurance,
DUP3015,Bayu Kurniawan,3.8000000000000000,79,III,SMA,1,1,87.0,81,55,CD,ESFP,22.0,6,5.0,8.0,5.0,7.0,8.0,9.0,null,null,1.0,4.0,3.0,5.0,3.0,4.0,7.0,3.0,9.0,1.0,2.0,3.0,4.0000000000000000,3.6000000000000000,3.6000000000000000,3.6000000000000000,3.8000000000000000,4.0000000000000000,3.8000000000000000,3.7500000000000000,3.2000000000000000,4.0000000000000000,Responsibility,Context,Includer
DUP3452,Fitri Anugrah Subekti,3.2000000000000000,50,V,D3,3,3,90.0,60,65,ID,ESFJ,38.0,7,null,null,7.0,4.0,4.0,2.0,null,9.0,null,9.0,9.0,6.0,1.0,9.0,2.0,4.0,7.0,1.0,3.0,1.0,2.8000000000000000,3.2000000000000000,3.2000000000000000,3.0000000000000000,3.2000000000000000,3.0000000000000000,3.0000000000000000,3.0000000000000000,3.0000000000000000,2.5000000000000000,Developer,Arranger,Self-Assurance
DUP4177,Adi Ginting,3.2000000000000000,75,V,S1,3,6,null,41,22,DS,ENTJ,null,8,8.0,4.0,9.0,9.0,3.0,4.0,6.0,3.0,3.0,7.0,7.0,3.0,2.0,6.0,null,2.0,1.0,3.0,null,1.0,3.6000000000000000,3.2500000000000000,3.2000000000000000,2.5000000000000000,3.2500000000000000,3.0000000000000000,3.5000000000000000,3.0000000000000000,3.4000000000000000,3.6000000000000000,Arranger,Significance,Harmony
DUP5237,Fajar Fauziah,2.5000000000000000,8,IV,D3,2,4,121.0,99,61,DS,ESFP,30.0,10,3.0,2.0,9.0,8.0,2.0,null,6.0,4.0,2.0,3.0,4.0,7.0,3.0,2.0,5.0,9.0,3.0,8.0,2.0,9.0,2.6666666666666667,2.7500000000000000,4.0000000000000000,2.0000000000000000,2.2500000000000000,2.6666666666666667,2.5000000000000000,2.7500000000000000,2.3333333333333333,2.3333333333333333,Harmony,Discipline,Connectedness
DUP9015,Umar Maulana,3.4000000000000000,50,IV,S2,2,5,134.0,26,42,SC,ENTP,41.0,8,4.0,4.0,6.0,null,6.0,9.0,5.0,1.0,4.0,8.0,1.0,8.0,6.0,1.0,4.0,5.0,4.0,7.0,8.0,8.0,3.6000000000000000,3.6000000000000000,3.4000000000000000,3.7500000000000000,3.2500000000000000,3.8000000000000000,3.4000000000000000,3.8000000000000000,4.0000000000000000,3.4000000000000000,Belief,Relator,
DUP9129,Nabila Dharma Salsabila,2.7500000000000000,50,V,SMA,3,6,93.0,28,51,IC,ESFP,36.0,2,2.0,1.0,9.0,3.0,3.0,5.0,2.0,9.0,4.0,null,5.0,6.0,4.0,9.0,6.0,3.0,5.0,9.0,1.0,6.0,3.2000000000000000,2.8000000000000000,3.0000000000000000,3.0000000000000000,3.0000000000000000,3.0000000000000000,3.0000000000000000,3.0000000000000000,3.0000000000000000,3.0000000000000000,Belief,Empathy,Focus
DUP9801,Ayu Kusuma Santoso,4.0000000000000000,7,III,S1,1,3,131.0,37,64,SC,ISTJ,28.0,7,2.0,9.0,1.0,null,5.0,6.0,9.0,9.0,7.0,1.0,3.0,9.0,4.0,7.0,6.0,1.0,8.0,5.0,2.0,null,3.5000000000000000,3.2500000000000000,3.5000000000000000,3.2500000000000000,3.6666666666666667,3.6666666666666667,3.5000000000000000,3.2500000000000000,3.2500000000000000,3.2500000000000000,,Responsibility,Communication
EMP100000,Rendra Pratama,2.4000000000000000,64,IV,S2,2,1,94.0,86,75,SI,null,33.0,2,2.0,5.0,1.0,7.0,3.0,8.0,3.0,4.0,9.0,6.0,9.0,2.0,5.0,null,7.0,1.0,1.0,null,3.0,4.0,2.5000000000000000,2.4000000000000000,2.6000000000000000,27.0000000000000000,2.4000000000000000,2.2000000000000000,2.6000000000000000,2.4000000000000000,2.6000000000000000,2.2500000000000000,,Adaptability,Context
EMP100001,Wulan Setiawan,3.5000000000000000,16,III,D3,1,4,94.0,48,52,DS,INTP,17.0,3,8.0,2.0,3.0,7.0,5.0,4.0,6.0,7.0,9.0,1.0,3.0,6.0,7.0,4.0,3.0,9.0,2.0,6.0,2.0,1.0,3.7500000000000000,3.2500000000000000,3.5000000000000000,2.6666666666666667,3.2500000000000000,3.6666666666666667,3.5000000000000000,3.2500000000000000,3.2500000000000000,3.5000000000000000,Responsibility,Includer,Significance
EMP100002,Julia Jatmiko Situmorang,3.0000000000000000,58,III,S2,1,5,109.0,66,38,DC,null,20.0,3,9.0,2.0,2.0,null,3.0,8.0,9.0,9.0,5.0,null,3.0,4.0,4.0,2.0,1.0,6.0,5.0,4.0,7.0,1.0,2.6000000000000000,3.8000000000000000,3.0000000000000000,3.2500000000000000,3.2000000000000000,3.0000000000000000,3.0000000000000000,2.7500000000000000,2.7500000000000000,3.0000000000000000,Restorative,Maximizer,Woo
EMP100003,Oka Halim,2.5000000000000000,15,IV,S1,2,4,85.0,39,63,SI,ENTJ,39.0,3,9.0,3.0,null,3.0,8.0,8.0,1.0,7.0,1.0,8.0,1.0,4.0,9.0,2.0,9.0,3.0,6.0,5.0,5.0,7.0,2.7500000000000000,1.6666666666666667,2.5000000000000000,2.2500000000000000,2.6666666666666667,2.5000000000000000,3.5000000000000000,2.2500000000000000,2.2500000000000000,2.2500000000000000,Belief,Intellection,Arranger
EMP100004,Dwi Pratama,3.2000000000000000,34,III,D3,1,6,134.0,75,100,null,INTJ,21.0,9,7.0,8.0,5.0,3.0,7.0,9.0,9.0,2.0,6.0,4.0,2.0,3.0,4.0,5.0,1.0,6.0,3.0,1.0,7.0,1.0,3.2000000000000000,3.5000000000000000,2.8000000000000000,2.6000000000000000,3.6000000000000000,2.4000000000000000,3.3333333333333333,3.2500000000000000,3.4000000000000000,3.0000000000000000,Deliberative,Command,Woo
EMP100005,Bayu Zulfikar,2.2500000000000000,66,III,S2,1,5,130.0,69,35,DC,null,21.0,7,null,3.0,null,1.0,6.0,null,1.0,8.0,null,5.0,8.0,8.0,4.0,6.0,2.0,9.0,6.0,5.0,7.0,2.0,1.5000000000000000,2.6000000000000000,1.7500000000000000,2.4000000000000000,1.7500000000000000,2.2000000000000000,2.5000000000000000,2.2500000000000000,2.0000000000000000,2.2000000000000000,Input,Relator,Woo
EMP100006,Indra Santoso,3.6000000000000000,82,III,D3,1,3,139.0,94,24,SC,ESFP,27.0,6,2.0,9.0,7.0,6.0,7.0,3.0,8.0,6.0,null,9.0,4.0,null,6.0,4.0,3.0,7.0,6.0,6.0,1.0,null,3.4000000000000000,3.2000000000000000,3.8000000000000000,3.4000000000000000,3.7500000000000000,3.8000000000000000,3.5000000000000000,3.5000000000000000,3.2500000000000000,4.0000000000000000,Input,Analytical,Responsibility
EMP100007,Rani Mahendra,2.8000000000000000,56,V,S1,3,4,99.0,65,45,DS,ESFJ,17.0,4,7.0,1.0,1.0,2.0,9.0,7.0,3.0,5.0,9.0,2.0,3.0,null,5.0,2.0,9.0,6.0,2.0,7.0,7.0,9.0,2.6000000000000000,2.7500000000000000,3.0000000000000000,2.8000000000000000,3.0000000000000000,2.6000000000000000,2.2000000000000000,3.2500000000000000,3.0000000000000000,2.8000000000000000,Connectedness,Strategic,Consistency
EMP100008,Gita Permadi,3.4000000000000000,40,III,SMA,1,3,137.0,47,97,ID,INFP,23.0,1,9.0,6.0,5.0,8.0,9.0,7.0,null,6.0,1.0,6.0,7.0,2.0,2.0,null,3.0,6.0,6.0,4.0,3.0,1.0,3.4000000000000000,3.2500000000000000,3.2000000000000000,3.4000000000000000,3.0000000000000000,3.0000000000000000,3.2500000000000000,3.0000000000000000,3.4000000000000000,3.4000000000000000,,Ideation,Focus
EMP100009,Julia Anggara,3.3333333333333333,77,V,S2,3,5,82.0,21,84,DS,ISFP,29.0,4,9.0,3.0,2.0,2.0,1.0,4.0,6.0,3.0,9.0,3.0,null,7.0,8.0,1.0,6.0,9.0,4.0,1.0,6.0,8.0,3.4000000000000000,3.4000000000000000,3.8000000000000000,3.4000000000000000,3.2000000000000000,3.2500000000000000,3.4000000000000000,3.0000000000000000,3.7500000000000000,2.8000000000000000,Analytical,Developer,Relator
EMP100010,Maya Jatmiko Handayani,2.6000000000000000,29,V,D3,3,4,84.0,43,61,CI,ESTJ,42.0,2,2.0,6.0,5.0,null,5.0,7.0,null,5.0,5.0,7.0,null,3.0,5.0,3.0,2.0,5.0,6.0,4.0,6.0,8.0,2.2500000000000000,3.0000000000000000,2.8000000000000000,2.6000000000000000,2.6000000000000000,3.0000000000000000,2.3333333333333333,2.2000000000000000,3.0000000000000000,2.8000000000000000,Activator,Includer,Arranger
EMP100011,Fajar Halim,3.6000000000000000,51,V,S1,3,3,125.0,45,31,DI,ENFP,31.0,10,null,9.0,null,null,6.0,4.0,5.0,6.0,1.0,2.0,7.0,6.0,2.0,5.0,6.0,6.0,3.0,3.0,8.0,7.0,3.6000000000000000,3.2500000000000000,2.6000000000000000,3.2500000000000000,2.8000000000000000,4.0000000000000000,3.6000000000000000,4.0000000000000000,3.5000000000000000,3.2500000000000000,Empathy,Intellection,Activator
EMP100012,Rendra Tri Purnama,4.0000000000000000,3,IV,SMA,2,2,108.0,20,70,DS,ISFJ,43.0,10,8.0,1.0,4.0,7.0,5.0,5.0,1.0,3.0,1.0,2.0,5.0,6.0,6.0,7.0,1.0,4.0,7.0,1.0,4.0,null,3.0000000000000000,2.5000000000000000,2.0000000000000000,2.3333333333333333,2.7500000000000000,2.7500000000000000,2.5000000000000000,2.2500000000000000,2.2500000000000000,2.7500000000000000,Belief,Empathy,Focus
EMP100013,Maya Mahendra,2.0000000000000000,3,V,D3,3,6,124.0,88,32,IC,ENTP,33.0,9,5.0,null,3.0,4.0,7.0,3.0,9.0,4.0,1.0,3.0,3.0,null,7.0,9.0,4.0,7.0,8.0,3.0,4.0,2.0,1.6666666666666667,2.5000000000000000,2.0000000000000000,2.2500000000000000,2.6666666666666667,2.5000000000000000,3.0000000000000000,2.0000000000000000,2.6666666666666667,2.0000000000000000,,Consistency,Adaptability
EMP100014,Wahyu Indrawan,3.2000000000000000,65,IV,SMA,2,6,92.0,92,54,SI,ISTJ,24.0,7,8.0,4.0,5.0,1.0,7.0,7.0,2.0,null,8.0,5.0,null,9.0,9.0,9.0,null,2.0,8.0,5.0,null,2.0,3.0000000000000000,2.8000000000000000,2.8000000000000000,3.3333333333333333,3.0000000000000000,3.6000000000000000,3.2000000000000000,3.4000000000000000,3.6000000000000000,3.0000000000000000,Empathy,Maximizer,Focus
EMP100015,Zahra Utama Setiawan,2.7500000000000000,28,V,S1,3,3,null,65,77,DC,ENFP,null,7,9.0,3.0,null,6.0,9.0,1.0,5.0,3.0,7.0,5.0,1.0,2.0,7.0,null,9.0,6.0,6.0,1.0,7.0,7.0,2.8000000000000000,3.2000000000000000,2.8000000000000000,3.2000000000000000,3.4000000000000000,3.2000000000000000,3.2000000000000000,2.8000000000000000,2.7500000000000000,2.8000000000000000,Restorative,Analytical,Significance
EMP100016,Dinda Pramudita Ginting,2.8000000000000000,39,IV,D3,2,6,97.0,83,93,SI,ISTP,34.0,5,6.0,3.0,1.0,5.0,9.0,1.0,2.0,6.0,8.0,2.0,3.0,7.0,null,3.0,8.0,null,6.0,8.0,4.0,4.0,2.8000000000000000,3.2000000000000000,2.7500000000000000,3.2000000000000000,2.4000000000000000,2.4000000000000000,3.5000000000000000,2.6000000000000000,2.6000000000000000,3.2000000000000000,Adaptability,Relator,Discipline
EMP100017,Fajar Mahendra,3.8000000000000000,95,V,S1,3,4,107.0,55,80,CS,ENTJ,31.0,1,2.0,7.0,4.0,1.0,6.0,4.0,1.0,3.0,6.0,2.0,6.0,null,6.0,5.0,1.0,5.0,8.0,1.0,3.0,3.0,3.2000000000000000,3.6000000000000000,3.0000000000000000,3.2000000000000000,2.6000000000000000,3.2500000000000000,3.0000000000000000,3.2000000000000000,3.2000000000000000,3.2000000000000000,Individualization,Positivity,Input
EMP100018,Arif Ginting,2.8000000000000000,53,IV,D3,2,5,null,66,69,SC,ESFJ,28.0,3,8.0,6.0,1.0,6.0,7.0,1.0,9.0,6.0,8.0,8.0,5.0,9.0,1.0,6.0,8.0,null,5.0,4.0,1.0,9.0,3.2500000000000000,3.4000000000000000,2.8000000000000000,3.0000000000000000,3.5000000000000000,2.6666666666666667,2.7500000000000000,3.0000000000000000,2.8000000000000000,2.6000000000000000,Harmony,Arranger,Connectedness
EMP100019,Rizki Iqbal Gunawan,3.6000000000000000,27,III,S2,1,4,125.0,28,72,CD,ISTP,23.0,10,1.0,9.0,2.0,1.0,9.0,7.0,3.0,3.0,3.0,7.0,4.0,4.0,4.0,7.0,8.0,4.0,6.0,2.0,9.0,null,3.6000000000000000,3.7500000000000000,3.5000000000000000,3.4000000000000000,22.6000000000000000,3.4000000000000000,3.8000000000000000,3.6000000000000000,3.8000000000000000,3.0000000000000000,Strategic,Discipline,Arranger
EMP100020,Yoga Erlangga Hartanto,3.4000000000000000,31,IV,SMA,2,1,132.0,83,83,DC,ENFP,33.0,1,7.0,9.0,3.0,2.0,5.0,1.0,1.0,4.0,5.0,null,9.0,1.0,6.0,null,5.0,9.0,1.0,6.0,8.0,2.0,3.6666666666666667,3.4000000000000000,3.4000000000000000,4.2000000000000000,3.6000000000000000,3.8000000000000000,4.0000000000000000,3.4000000000000000,2.8000000000000000,3.2000000000000000,Includer,Command,Adaptability
EMP100021,Oka Candra Kurniawan,4.0000000000000000,81,V,S1,3,1,null,22,34,CS,INFP,null,2,9.0,6.0,5.0,3.0,1.0,null,1.0,2.0,4.0,6.0,5.0,6.0,2.0,6.0,6.0,2.0,8.0,2.0,5.0,1.0,4.0000000000000000,3.2500000000000000,3.8000000000000000,4.0000000000000000,4.2000000000000000,3.7500000000000000,4.0000000000000000,4.0000000000000000,4.4000000000000000,4.2000000000000000,Significance,Activator,Futuristic
EMP100022,Oka Nugroho,3.4000000000000000,53,IV,S2,2,2,91.0,49,94,null,ISTP,35.0,8,null,3.0,2.0,6.0,8.0,1.0,1.0,8.0,7.0,3.0,5.0,null,7.0,8.0,9.0,2.0,3.0,null,7.0,5.0,4.2500000000000000,3.6000000000000000,3.6000000000000000,3.6000000000000000,3.4000000000000000,3.4000000000000000,3.4000000000000000,2.3333333333333333,3.2000000000000000,3.2000000000000000,Discipline,Self-Assurance,Strategic
EMP100023,Adit Kurniawan,2.4000000000000000,49,IV,SMA,2,3,139.0,86,52,DC,ESTJ,30.0,5,7.0,5.0,2.0,5.0,3.0,3.0,2.0,6.0,2.0,1.0,null,5.0,7.0,4.0,4.0,1.0,9.0,3.0,4.0,8.0,2.4000000000000000,2.6000000000000000,2.4000000000000000,2.2000000000000000,2.0000000000000000,2.2000000000000000,2.8000000000000000,2.6000000000000000,2.0000000000000000,2.5000000000000000,Arranger,Strategic,Futuristic
EMP100024,Rendra Candra Maulida,3.5000000000000000,44,IV,S2,2,5,134.0,64,23,CD,ESTP,23.0,5,6.0,6.0,6.0,7.0,3.0,2.0,9.0,1.0,5.0,3.0,8.0,2.0,5.0,3.0,8.0,2.0,3.0,1.0,9.0,2.0,3.8000000000000000,3.7500000000000000,4.2000000000000000,3.8000000000000000,4.0000000000000000,2.8000000000000000,3.6000000000000000,3.8000000000000000,4.0000000000000000,3.4000000000000000,Connectedness,Adaptability,Competition
EMP100025,Rizky Dharma Purnama,3.0000000000000000,20,V,S1,3,1,null,53,71,CS,ESTJ,34.0,8,4.0,7.0,8.0,9.0,8.0,3.0,2.0,7.0,5.0,8.0,1.0,7.0,6.0,7.0,3.0,8.0,null,null,2.0,4.0,2.7500000000000000,3.0000000000000000,3.3333333333333333,3.5000000000000000,3.5000000000000000,3.5000000000000000,2.6666666666666667,3.0000000000000000,3.0000000000000000,3.7500000000000000,Adaptability,Relator,Strategic
EMP100026,Wulan Yudhistira Tamba,3.4000000000000000,65,IV,SMA,2,4,107.0,96,37,IS,ESFJ,32.0,4,7.0,4.0,7.0,2.0,6.0,1.0,3.0,5.0,5.0,8.0,7.0,9.0,5.0,2.0,4.0,null,6.0,7.0,9.0,7.0,4.3333333333333333,3.6000000000000000,2.7500000000000000,3.4000000000000000,3.2000000000000000,3.2000000000000000,3.0000000000000000,3.5000000000000000,3.2500000000000000,3.4000000000000000,Competition,Harmony,Deliberative
EMP100027,Oka Rohman,2.0000000000000000,132,V,S2,3,2,97.0,93,76,SC,INFP,18.0,9,1.0,6.0,null,5.0,9.0,6.0,6.0,3.0,6.0,9.0,1.0,4.0,9.0,null,2.0,2.0,6.0,5.0,2.0,5.0,3.0000000000000000,2.2500000000000000,2.0000000000000000,2.2500000000000000,2.2500000000000000,2.4000000000000000,2.8000000000000000,2.0000000000000000,2.4000000000000000,2.6000000000000000,Discipline,Includer,Command
EMP100028,Nadia Saputra,2.7500000000000000,22,IV,SMA,2,3,107.0,95,71,SI,INFP,20.0,3,6.0,5.0,2.0,9.0,1.0,2.0,4.0,8.0,1.0,null,3.0,3.0,2.0,3.0,9.0,4.0,3.0,3.0,9.0,9.0,2.5000000000000000,3.0000000000000000,2.2500000000000000,3.0000000000000000,2.6666666666666667,2.6666666666666667,3.0000000000000000,3.0000000000000000,3.5000000000000000,3.2500000000000000,Deliberative,Significance,Arranger
EMP100029,Satya Adi Hasibuan,3.2500000000000000,32,III,D3,1,5,105.0,93,85,DC,INTP,29.0,10,2.0,6.0,3.0,4.0,2.0,null,null,4.0,2.0,2.0,7.0,null,7.0,4.0,null,9.0,2.0,1.0,5.0,3.0,3.0000000000000000,3.0000000000000000,3.5000000000000000,3.6000000000000000,3.0000000000000000,2.8000000000000000,3.0000000000000000,3.2500000000000000,3.8000000000000000,3.2500000000000000,Maximizer,Ideation,Intellection
EMP100030,Rizky Anugrah Permadi,2.2000000000000000,56,V,S2,3,5,110.0,46,100,DS,ESTJ,22.0,4,6.0,2.0,8.0,3.0,9.0,4.0,3.0,8.0,2.0,8.0,4.0,7.0,4.0,7.0,3.0,3.0,4.0,4.0,8.0,2.0,1.7500000000000000,2.5000000000000000,2.0000000000000000,1.8000000000000000,2.6000000000000000,2.0000000000000000,2.5000000000000000,2.0000000000000000,2.4000000000000000,2.6000000000000000,Restorative,Responsibility,Input
EMP100031,Julia Nabila Kurniawan,3.6000000000000000,34,IV,SMA,2,3,103.0,34,93,CD,INTJ,35.0,3,6.0,2.0,null,5.0,2.0,6.0,1.0,7.0,4.0,2.0,6.0,6.0,2.0,5.0,3.0,3.0,4.0,5.0,2.0,5.0,3.5000000000000000,3.5000000000000000,3.2000000000000000,3.7500000000000000,3.8000000000000000,22.4000000000000000,4.0000000000000000,3.7500000000000000,4.0000000000000000,3.6000000000000000,Maximizer,Arranger,Responsibility
EMP100032,Galih Mahardika Purnama,3.4000000000000000,34,III,SMA,1,3,null,29,85,DS,ENTJ,36.0,7,9.0,3.0,6.0,6.0,7.0,5.0,1.0,9.0,4.0,3.0,6.0,8.0,7.0,3.0,1.0,7.0,null,3.0,6.0,3.0,3.2500000000000000,3.8000000000000000,3.4000000000000000,3.2000000000000000,3.4000000000000000,3.0000000000000000,3.4000000000000000,3.2000000000000000,2.8000000000000000,3.4000000000000000,Maximizer,Learner,
EMP100033,Ahmad Simanjuntak,2.6000000000000000,37,IV,SMA,2,5,117.0,53,83,ID,ENFP,23.0,6,5.0,1.0,5.0,6.0,9.0,9.0,1.0,2.0,3.0,null,7.0,7.0,null,1.0,5.0,2.0,2.0,2.0,3.0,5.0,2.2500000000000000,3.0000000000000000,2.8000000000000000,2.6000000000000000,2.5000000000000000,3.2500000000000000,2.0000000000000000,3.2000000000000000,2.2500000000000000,2.2000000000000000,Futuristic,Discipline,Input
EMP100034,Ari Adi Ginting,3.5000000000000000,86,III,SMA,1,6,116.0,34,35,DS,ENFP,35.0,5,2.0,1.0,null,2.0,8.0,null,6.0,4.0,7.0,3.0,8.0,3.0,4.0,3.0,5.0,2.0,5.0,5.0,5.0,6.0,3.4000000000000000,3.4000000000000000,3.8000000000000000,3.5000000000000000,3.6000000000000000,3.7500000000000000,3.6000000000000000,3.4000000000000000,3.2000000000000000,3.8000000000000000,Achiever,Self-Assurance,Relator
EMP100035,Oka Tamba,2.8000000000000000,57,V,S1,3,1,103.0,84,36,DI,null,28.0,7,3.0,9.0,5.0,1.0,6.0,null,3.0,1.0,9.0,9.0,4.0,null,3.0,1.0,7.0,2.0,5.0,3.0,3.0,2.0,2.6000000000000000,2.8000000000000000,2.7500000000000000,2.8000000000000000,2.8000000000000000,3.0000000000000000,2.0000000000000000,2.8000000000000000,3.2500000000000000,3.0000000000000000,Command,Includer,
EMP100036,Ayunda Utama Lestari,3.4000000000000000,54,V,S1,3,1,120.0,96,81,CD,ESFJ,28.0,3,7.0,2.0,7.0,null,null,1.0,6.0,9.0,6.0,7.0,9.0,5.0,7.0,4.0,null,4.0,2.0,null,6.0,8.0,3.4000000000000000,3.0000000000000000,3.6000000000000000,3.6000000000000000,3.2500000000000000,3.4000000000000000,3.7500000000000000,3.2500000000000000,3.2000000000000000,3.7500000000000000,Woo,Deliberative,Context
EMP100037,Nabila Ramadhan,2.6000000000000000,52,IV,S1,2,6,null,45,41,null,ISTJ,null,1,2.0,5.0,8.0,2.0,7.0,3.0,8.0,1.0,8.0,6.0,1.0,2.0,4.0,9.0,2.0,8.0,4.0,9.0,1.0,9.0,2.8000000000000000,3.7500000000000000,2.6000000000000000,2.4000000000000000,3.2500000000000000,3.6000000000000000,2.2500000000000000,2.6000000000000000,2.4000000000000000,2.4000000000000000,Connectedness,Responsibility,Analytical
EMP100038,Bella Tri Setiawan,2.7500000000000000,50,V,SMA,3,6,93.0,28,51,IC,ESFP,36.0,2,2.0,1.0,9.0,3.0,3.0,5.0,2.0,9.0,4.0,null,5.0,6.0,4.0,9.0,6.0,3.0,5.0,9.0,1.0,6.0,3.2000000000000000,2.8000000000000000,3.0000000000000000,3.0000000000000000,3.0000000000000000,3.0000000000000000,3.0000000000000000,3.0000000000000000,3.0000000000000000,3.0000000000000000,Belief,Empathy,Focus
EMP100039,Budi Adi Permadi,4.3333333333333333,65,III,S2,1,4,125.0,51,52,SI,ISFP,41.0,9,2.0,9.0,3.0,8.0,2.0,9.0,2.0,9.0,6.0,9.0,null,7.0,1.0,6.0,4.0,5.0,4.0,3.0,5.0,6.0,3.4000000000000000,3.5000000000000000,3.4000000000000000,3.6000000000000000,3.6000000000000000,3.4000000000000000,3.2000000000000000,3.2000000000000000,3.6000000000000000,3.2000000000000000,Futuristic,Developer,Woo
EMP100040,Rifqi Putra,1.6000000000000000,81,IV,SMA,2,4,112.0,55,36,ID,ESTP,24.0,10,7.0,3.0,1.0,2.0,null,8.0,5.0,3.0,1.0,7.0,1.0,null,3.0,6.0,4.0,2.0,9.0,7.0,3.0,3.0,1.5000000000000000,1.8000000000000000,1.6666666666666667,1.7500000000000000,1.5000000000000000,1.7500000000000000,1.6000000000000000,2.0000000000000000,1.6000000000000000,2.5000000000000000,Discipline,Self-Assurance,Learner
EMP100041,Lestari Maulana,3.4000000000000000,99,III,S1,1,3,86.0,53,32,IS,ISTJ,25.0,7,null,3.0,3.0,4.0,8.0,7.0,4.0,1.0,8.0,1.0,1.0,6.0,null,7.0,3.0,null,4.0,9.0,3.0,5.0,3.2000000000000000,3.2000000000000000,3.0000000000000000,3.0000000000000000,3.4000000000000000,2.5000000000000000,3.4000000000000000,3.0000000000000000,3.4000000000000000,2.7500000000000000,Intellection,Connectedness,Significance
EMP100042,Oka Lukman,3.0000000000000000,28,III,SMA,1,6,139.0,63,43,CD,ENFP,25.0,1,8.0,7.0,9.0,3.0,7.0,2.0,4.0,6.0,5.0,3.0,4.0,6.0,5.0,7.0,9.0,1.0,3.0,5.0,3.0,3.0,2.8000000000000000,2.8000000000000000,2.5000000000000000,2.6000000000000000,3.0000000000000000,2.7500000000000000,2.8000000000000000,3.2000000000000000,3.0000000000000000,2.8000000000000000,Command,Adaptability,Intellection
EMP100043,Nugroho Indrawan,3.7500000000000000,40,III,D3,1,3,null,41,97,SD,ESFJ,null,9,8.0,6.0,7.0,8.0,1.0,8.0,5.0,3.0,null,3.0,2.0,null,8.0,5.0,8.0,1.0,4.0,1.0,1.0,8.0,3.4000000000000000,3.6000000000000000,3.6000000000000000,3.7500000000000000,2.2500000000000000,3.6000000000000000,3.5000000000000000,4.0000000000000000,3.4000000000000000,2.7500000000000000,Learner,Individualization,Relator
EMP100044,Indra Maulida,2.5000000000000000,8,III,S1,1,5,82.0,74,44,ID,ESFP,41.0,5,4.0,7.0,1.0,9.0,1.0,5.0,4.0,4.0,3.0,3.0,7.0,7.0,9.0,1.0,7.0,3.0,7.0,null,4.0,4.0,2.7500000000000000,2.5000000000000000,3.0000000000000000,2.5000000000000000,2.7500000000000000,2.2500000000000000,3.0000000000000000,3.0000000000000000,2.3333333333333333,2.5000000000000000,Focus,Communication,Arranger
EMP100045,Dimas Mahendra,3.2000000000000000,38,V,D3,3,2,111.0,99,71,DS,ISTJ,23.0,1,3.0,6.0,9.0,7.0,null,8.0,8.0,6.0,9.0,8.0,1.0,8.0,3.0,2.0,3.0,2.0,8.0,1.0,8.0,null,3.2500000000000000,3.4000000000000000,3.4000000000000000,3.4000000000000000,3.6000000000000000,2.8000000000000000,2.4000000000000000,3.0000000000000000,3.0000000000000000,3.4000000000000000,Ideation,Positivity,Belief
EMP100046,Fitri Lestari,3.0000000000000000,64,IV,S1,2,1,null,67,91,null,ISTJ,null,6,1.0,8.0,2.0,1.0,2.0,1.0,8.0,6.0,7.0,2.0,3.0,4.0,9.0,null,7.0,6.0,4.0,8.0,6.0,4.0,3.6000000000000000,3.2000000000000000,2.8000000000000000,3.4000000000000000,3.0000000000000000,2.6000000000000000,3.0000000000000000,2.8000000000000000,3.0000000000000000,2.7500000000000000,Adaptability,Empathy,
EMP100047,Hadi Pradana,2.7500000000000000,58,III,S2,1,2,110.0,61,55,ID,ISTJ,22.0,1,9.0,3.0,3.0,4.0,3.0,null,6.0,1.0,6.0,8.0,4.0,8.0,9.0,7.0,5.0,7.0,2.0,null,3.0,5.0,3.0000000000000000,2.6000000000000000,2.8000000000000000,3.0000000000000000,3.6000000000000000,3.6000000000000000,4.0000000000000000,3.2000000000000000,3.5000000000000000,3.2000000000000000,Competition,Includer,Connectedness
EMP100048,Adit Halim,3.0000000000000000,50,III,SMA,1,4,125.0,37,32,SI,ESFJ,36.0,1,5.0,9.0,3.0,7.0,3.0,6.0,5.0,5.0,1.0,2.0,9.0,3.0,6.0,5.0,3.0,null,2.0,1.0,1.0,1.0,2.7500000000000000,3.2000000000000000,2.4000000000000000,2.5000000000000000,3.0000000000000000,3.2500000000000000,3.7500000000000000,2.8000000000000000,2.5000000000000000,3.4000000000000000,Relator,Context,Deliberative
EMP100049,Rizki Halim Siregar,3.5000000000000000,35,V,SMA,3,5,133.0,94,30,DC,INTP,27.0,5,6.0,5.0,8.0,2.0,2.0,4.0,3.0,6.0,4.0,9.0,1.0,5.0,1.0,8.0,5.0,7.0,null,2.0,2.0,3.0,4.2500000000000000,4.0000000000000000,3.5000000000000000,3.5000000000000000,3.4000000000000000,3.6000000000000000,3.6000000000000000,3.4000000000000000,5.0000000000000000,3.4000000000000000,Achiever,,Ideation
EMP100050,Joko Ridwan,3.8000000000000000,69,III,S1,1,4,131.0,81,54,DC,null,32.0,6,5.0,2.0,5.0,2.0,9.0,null,3.0,6.0,1.0,8.0,6.0,6.0,8.0,2.0,8.0,8.0,3.0,1.0,1.0,6.0,4.0000000000000000,3.6000000000000000,4.0000000000000000,3.4000000000000000,4.2000000000000000,3.4000000000000000,3.8000000000000000,22.6000000000000000,3.5000000000000000,3.5000000000000000,,Competition,Learner
EMP100051,Ari Mahardika Nugroho,3.4000000000000000,98,III,S2,1,5,110.0,94,61,CS,INFP,36.0,7,7.0,1.0,2.0,8.0,3.0,8.0,null,3.0,9.0,1.0,8.0,4.0,3.0,6.0,4.0,2.0,1.0,1.0,4.0,2.0,3.2000000000000000,2.8000000000000000,3.6000000000000000,3.7500000000000000,4.0000000000000000,3.4000000000000000,3.8000000000000000,4.0000000000000000,2.5000000000000000,3.6000000000000000,Analytical,Developer,Positivity
EMP100052,Sari Yudhistira Mahendra,4.0000000000000000,23,V,S2,3,4,126.0,69,55,IC,ISTJ,36.0,10,5.0,6.0,3.0,null,9.0,1.0,3.0,8.0,8.0,3.0,3.0,9.0,3.0,7.0,9.0,9.0,3.0,4.0,5.0,1.0,4.2500000000000000,4.6666666666666667,4.0000000000000000,3.7500000000000000,3.7500000000000000,3.5000000000000000,3.7500000000000000,4.6666666666666667,4.0000000000000000,3.3333333333333333,,Responsibility,Communication
EMP100053,Anisa Pamungkas,3.2500000000000000,52,V,S2,3,1,140.0,97,71,IS,ISFJ,23.0,5,3.0,5.0,8.0,6.0,1.0,1.0,6.0,2.0,1.0,3.0,8.0,3.0,8.0,9.0,6.0,4.0,3.0,3.0,null,6.0,3.2000000000000000,3.2500000000000000,3.3333333333333333,2.4000000000000000,3.4000000000000000,3.6000000000000000,3.7500000000000000,3.2500000000000000,2.2000000000000000,4.0000000000000000,Self-Assurance,Positivity,Learner
EMP100054,Nugroho Maulida,3.7500000000000000,22,III,S1,1,4,88.0,23,42,SI,ISTJ,36.0,8,3.0,4.0,7.0,9.0,5.0,8.0,2.0,2.0,8.0,3.0,6.0,2.0,4.0,7.0,5.0,5.0,2.0,6.0,6.0,6.0,3.6666666666666667,3.2500000000000000,4.3333333333333333,3.3333333333333333,4.0000000000000000,3.7500000000000000,4.2500000000000000,3.2500000000000000,3.7500000000000000,3.6666666666666667,Includer,Maximizer,Focus
EMP100055,Putri Nugroho,4.2000000000000000,42,IV,SMA,2,6,124.0,50,80,DS,INFJ,26.0,9,8.0,3.0,6.0,8.0,5.0,3.0,6.0,1.0,7.0,9.0,9.0,7.0,1.0,4.0,9.0,2.0,9.0,9.0,4.0,3.0,4.2500000000000000,4.2000000000000000,3.7500000000000000,4.4000000000000000,3.8000000000000000,4.2500000000000000,3.2500000000000000,4.0000000000000000,4.0000000000000000,4.0000000000000000,Discipline,Input,
EMP100056,Ayunda Ramadhan,3.8000000000000000,96,III,S2,1,1,null,44,20,CI,INTJ,null,5,5.0,2.0,9.0,null,8.0,7.0,2.0,null,8.0,7.0,2.0,3.0,2.0,4.0,4.0,2.0,5.0,8.0,3.0,3.0,3.6000000000000000,4.0000000000000000,3.8000000000000000,4.3333333333333333,3.8000000000000000,4.0000000000000000,3.8000000000000000,4.0000000000000000,4.0000000000000000,3.8000000000000000,Achiever,Command,Positivity
EMP100057,Nurlita Kusuma,3.0000000000000000,60,V,D3,3,6,123.0,39,27,IS,ENTP,35.0,9,2.0,8.0,2.0,2.0,4.0,2.0,2.0,8.0,3.0,1.0,4.0,6.0,9.0,8.0,null,9.0,9.0,6.0,5.0,7.0,3.0000000000000000,2.8000000000000000,2.8000000000000000,3.2500000000000000,3.0000000000000000,3.4000000000000000,2.4000000000000000,3.4000000000000000,3.0000000000000000,2.4000000000000000,Empathy,Maximizer,
EMP100058,Adit Anugrah Halim,4.0000000000000000,66,V,S1,3,2,null,60,96,CS,INTJ,null,8,4.0,null,1.0,7.0,7.0,9.0,5.0,7.0,2.0,9.0,8.0,3.0,1.0,8.0,7.0,4.0,4.0,2.0,6.0,1.0,4.0000000000000000,2.6000000000000000,2.4000000000000000,2.0000000000000000,1.6000000000000000,2.4000000000000000,3.0000000000000000,2.6000000000000000,2.2000000000000000,2.8000000000000000,Self-Assurance,Empathy,Futuristic
EMP100059,Fajar Dharma Subekti,3.0000000000000000,75,V,SMA,3,3,92.0,64,77,SI,null,13.0,9,6.0,1.0,6.0,2.0,2.0,6.0,5.0,1.0,9.0,9.0,null,6.0,2.0,6.0,1.0,6.0,3.0,2.0,2.0,9.0,3.2000000000000000,2.3333333333333333,2.8000000000000000,2.3333333333333333,3.5000000000000000,3.4000000000000000,2.8000000000000000,2.6000000000000000,2.5000000000000000,3.2000000000000000,Activator,Connectedness,Positivity
EMP100060,Wulan Maulida,4.4000000000000000,44,IV,S1,2,3,null,46,96,CS,ENTP,null,7,4.0,1.0,6.0,7.0,9.0,9.0,8.0,1.0,9.0,8.0,6.0,7.0,null,5.0,3.0,4.0,2.0,null,2.0,9.0,3.2000000000000000,2.7500000000000000,3.0000000000000000,3.0000000000000000,3.2500000000000000,3.0000000000000000,3.6000000000000000,3.2000000000000000,3.6666666666666667,4.0000000000000000,Deliberative,Activator,Competition
EMP100061,Oktavia Anugrah Setiawan,3.0000000000000000,46,V,D3,3,6,null,92,22,IC,ENTP,null,6,8.0,5.0,5.0,3.0,6.0,8.0,8.0,6.0,4.0,4.0,7.0,6.0,4.0,3.0,6.0,9.0,4.0,4.0,null,7.0,2.2500000000000000,3.5000000000000000,3.0000000000000000,3.0000000000000000,3.6000000000000000,2.8000000000000000,3.0000000000000000,3.0000000000000000,2.6000000000000000,2.2000000000000000,Competition,Individualization,
EMP100062,Valdo Jatmiko Mahendra,3.0000000000000000,40,IV,S2,2,4,89.0,42,25,null,ISTP,31.0,8,5.0,3.0,5.0,9.0,8.0,6.0,9.0,1.0,9.0,8.0,null,6.0,3.0,8.0,6.0,1.0,3.0,4.0,7.0,null,3.0000000000000000,2.7500000000000000,3.2000000000000000,3.6000000000000000,2.6000000000000000,2.4000000000000000,3.0000000000000000,2.6000000000000000,3.2000000000000000,3.2000000000000000,Learner,Individualization,Woo
EMP100063,Ayu Lestari Pradana,3.6000000000000000,42,III,S2,1,1,null,45,96,SC,ESFP,null,8,8.0,3.0,1.0,3.0,4.0,1.0,2.0,9.0,6.0,2.0,4.0,3.0,7.0,5.0,1.0,9.0,4.0,7.0,1.0,9.0,3.4000000000000000,3.8000000000000000,3.8000000000000000,3.8000000000000000,3.4000000000000000,3.7500000000000000,4.3333333333333333,4.2000000000000000,3.6000000000000000,4.0000000000000000,,Woo,
EMP100064,Kurnia Purnama,2.8000000000000000,38,V,D3,3,6,96.0,55,27,IS,ESTP,26.0,4,7.0,1.0,9.0,8.0,5.0,8.0,5.0,1.0,4.0,6.0,1.0,3.0,1.0,8.0,7.0,6.0,3.0,9.0,5.0,3.0,3.7500000000000000,3.6666666666666667,3.2000000000000000,2.6000000000000000,2.8000000000000000,2.2500000000000000,2.6000000000000000,3.0000000000000000,3.0000000000000000,2.8000000000000000,Futuristic,Ideation,Arranger
EMP100065,Rani Saputra,3.0000000000000000,24,IV,D3,2,1,90.0,22,29,CS,ISFP,34.0,10,8.0,null,5.0,8.0,6.0,3.0,8.0,4.0,3.0,6.0,5.0,6.0,5.0,7.0,2.0,1.0,5.0,null,4.0,null,3.0000000000000000,3.0000000000000000,3.0000000000000000,3.0000000000000000,2.6000000000000000,2.6000000000000000,3.0000000000000000,3.3333333333333333,2.5000000000000000,2.5000000000000000,Harmony,Focus,Command
EMP100066,Tania Lestari Setiawan,3.0000000000000000,65,III,D3,1,3,84.0,54,64,CD,ENTJ,28.0,10,3.0,null,1.0,6.0,3.0,3.0,8.0,7.0,4.0,8.0,7.0,8.0,8.0,8.0,4.0,2.0,3.0,4.0,4.0,null,3.2500000000000000,2.6000000000000000,2.6000000000000000,2.7500000000000000,2.4000000000000000,3.0000000000000000,3.0000000000000000,3.2000000000000000,3.0000000000000000,2.6000000000000000,Ideation,,Responsibility
EMP100067,Indra Zulfikar,3.2000000000000000,89,V,D3,3,3,101.0,40,38,SD,INTJ,20.0,6,7.0,5.0,null,5.0,9.0,7.0,3.0,8.0,null,7.0,5.0,9.0,8.0,null,4.0,4.0,7.0,6.0,6.0,8.0,3.0000000000000000,3.0000000000000000,3.6000000000000000,3.2000000000000000,3.0000000000000000,3.6000000000000000,3.6000000000000000,3.0000000000000000,3.2000000000000000,2.8000000000000000,Intellection,Empathy,Strategic
EMP100068,Nabila Qolbi Suharto,2.4000000000000000,68,III,SMA,1,3,null,34,60,DI,INTP,16.0,5,null,2.0,7.0,4.0,5.0,6.0,4.0,7.0,3.0,2.0,1.0,2.0,6.0,1.0,3.0,3.0,9.0,4.0,7.0,7.0,2.2000000000000000,2.4000000000000000,2.4000000000000000,2.6666666666666667,2.2000000000000000,2.8000000000000000,2.5000000000000000,2.6000000000000000,2.6000000000000000,2.5000000000000000,Discipline,,Ideation
EMP100069,Anisa Permadi,2.6666666666666667,61,III,S1,1,4,93.0,36,41,IC,INFJ,36.0,10,3.0,3.0,8.0,8.0,6.0,8.0,9.0,6.0,6.0,8.0,3.0,9.0,5.0,7.0,4.0,9.0,2.0,6.0,4.0,3.0,2.6000000000000000,2.4000000000000000,2.2000000000000000,2.5000000000000000,2.6666666666666667,2.7500000000000000,2.8000000000000000,3.0000000000000000,3.0000000000000000,2.8000000000000000,Restorative,Analytical,Command
EMP100070,Kartika Rachman Ramadhan,3.3333333333333333,47,III,D3,1,6,137.0,74,38,DC,ENFJ,36.0,2,4.0,3.0,2.0,5.0,9.0,4.0,9.0,2.0,6.0,2.0,9.0,5.0,7.0,5.0,4.0,8.0,5.0,4.0,3.0,3.0,3.6000000000000000,3.4000000000000000,3.6000000000000000,3.4000000000000000,3.6000000000000000,3.4000000000000000,3.2000000000000000,22.4000000000000000,3.0000000000000000,3.0000000000000000,Empathy,Self-Assurance,Restorative
EMP100071,Rafa Situmorang,3.4000000000000000,72,III,S1,1,4,107.0,38,52,DC,ENTP,35.0,7,6.0,2.0,2.0,3.0,6.0,9.0,9.0,5.0,9.0,5.0,7.0,4.0,2.0,5.0,4.0,null,5.0,1.0,7.0,2.0,3.8000000000000000,3.4000000000000000,3.6000000000000000,4.0000000000000000,3.6000000000000000,3.4000000000000000,3.0000000000000000,3.2000000000000000,3.7500000000000000,3.5000000000000000,Maximizer,Woo,Achiever
EMP100072,Nugroho Hartanto,3.2500000000000000,45,III,S2,1,3,87.0,92,40,CI,INFP,32.0,4,3.0,null,6.0,5.0,1.0,6.0,6.0,3.0,3.0,6.0,9.0,2.0,9.0,7.0,3.0,5.0,4.0,null,9.0,2.0,3.2000000000000000,2.2500000000000000,3.6000000000000000,3.2000000000000000,2.8000000000000000,3.2500000000000000,3.6000000000000000,3.4000000000000000,2.7500000000000000,3.0000000000000000,Command,Relator,Harmony
EMP100073,Dimas Halim Ananda,2.4000000000000000,85,V,S2,3,3,104.0,42,31,IC,ESTJ,35.0,9,5.0,null,9.0,4.0,6.0,8.0,9.0,2.0,6.0,5.0,9.0,null,2.0,2.0,9.0,5.0,2.0,8.0,4.0,5.0,2.0000000000000000,2.8000000000000000,2.6000000000000000,2.5000000000000000,2.6000000000000000,2.0000000000000000,2.2000000000000000,2.8000000000000000,2.6000000000000000,2.6000000000000000,Communication,Restorative,
EMP100074,Ari Utama Putra,2.8000000000000000,32,V,D3,3,2,131.0,52,76,CI,INTJ,25.0,4,2.0,6.0,4.0,3.0,4.0,4.0,1.0,5.0,8.0,6.0,4.0,1.0,8.0,2.0,5.0,9.0,8.0,2.0,1.0,2.0,3.0000000000000000,2.6000000000000000,26.5000000000000000,3.5000000000000000,3.0000000000000000,2.8000000000000000,3.0000000000000000,3.0000000000000000,3.2000000000000000,2.7500000000000000,Relator,Achiever,Consistency
EMP100075,Rizki Halim Zulfikar,3.6000000000000000,24,III,SMA,1,5,null,31,78,ID,INTP,null,2,5.0,8.0,8.0,8.0,8.0,2.0,2.0,4.0,3.0,9.0,7.0,8.0,4.0,4.0,3.0,7.0,4.0,5.0,3.0,null,3.6000000000000000,3.4000000000000000,3.2000000000000000,3.6000000000000000,3.8000000000000000,3.6000000000000000,3.2000000000000000,3.6000000000000000,3.6000000000000000,3.6000000000000000,Developer,Positivity,Intellection
EMP100076,Rizki Wijaya,3.3333333333333333,4,III,S2,1,6,80.0,90,52,IS,ESFP,34.0,4,8.0,6.0,1.0,7.0,2.0,5.0,9.0,8.0,5.0,9.0,null,1.0,5.0,null,2.0,2.0,5.0,1.0,1.0,null,2.0000000000000000,3.6666666666666667,4.0000000000000000,3.0000000000000000,3.0000000000000000,3.2500000000000000,3.0000000000000000,3.3333333333333333,2.7500000000000000,3.0000000000000000,,Empathy,Activator
EMP100077,Novi Setiawan,2.8000000000000000,35,III,S2,1,3,135.0,79,57,CD,ENFJ,32.0,1,5.0,6.0,5.0,2.0,3.0,3.0,7.0,1.0,7.0,null,7.0,6.0,9.0,7.0,3.0,9.0,2.0,1.0,2.0,5.0,2.8000000000000000,3.2500000000000000,2.2000000000000000,3.0000000000000000,3.0000000000000000,3.0000000000000000,2.2500000000000000,2.8000000000000000,3.4000000000000000,2.5000000000000000,Discipline,Deliberative,
EMP100078,Indra Anggara,3.2000000000000000,39,V,SMA,3,6,84.0,99,46,SI,ISTP,19.0,8,3.0,6.0,5.0,2.0,7.0,4.0,1.0,6.0,3.0,6.0,8.0,3.0,5.0,6.0,5.0,null,5.0,6.0,9.0,7.0,3.6000000000000000,3.0000000000000000,3.2000000000000000,3.5000000000000000,3.2000000000000000,2.8000000000000000,4.0000000000000000,3.4000000000000000,3.5000000000000000,2.8000000000000000,Deliberative,,Context
EMP100079,Novi Hasibuan,3.4000000000000000,67,III,D3,1,3,122.0,22,38,DS,ISTJ,23.0,5,1.0,2.0,3.0,4.0,2.0,2.0,9.0,8.0,1.0,8.0,5.0,null,5.0,6.0,5.0,9.0,6.0,2.0,3.0,8.0,4.0000000000000000,3.5000000000000000,3.0000000000000000,3.6000000000000000,3.2500000000000000,3.5000000000000000,3.2500000000000000,3.3333333333333333,3.2000000000000000,4.2500000000000000,Deliberative,Achiever,Focus
EMP100080,Andi Mahardika Handayani,3.6000000000000000,43,IV,SMA,2,2,87.0,55,29,DC,ENFJ,36.0,8,null,6.0,1.0,7.0,3.0,6.0,4.0,6.0,5.0,1.0,3.0,4.0,7.0,3.0,1.0,6.0,7.0,8.0,4.0,3.0,3.6000000000000000,3.8000000000000000,3.5000000000000000,3.2000000000000000,3.6000000000000000,3.2500000000000000,3.4000000000000000,3.2500000000000000,22.6000000000000000,4.0000000000000000,Context,Maximizer,Positivity
EMP100081,Ari Yulianto,3.5000000000000000,85,V,S2,3,6,138.0,49,31,CS,ENFP,23.0,7,3.0,6.0,9.0,2.0,4.0,2.0,6.0,1.0,1.0,2.0,2.0,8.0,3.0,null,6.0,6.0,6.0,2.0,2.0,1.0,3.0000000000000000,4.0000000000000000,3.2000000000000000,3.2500000000000000,3.6000000000000000,3.0000000000000000,3.4000000000000000,3.8000000000000000,3.0000000000000000,2.8000000000000000,Empathy,Learner,Intellection
EMP100082,Budi Dharma Lukman,2.8000000000000000,63,V,SMA,3,1,133.0,94,39,null,INTP,27.0,6,1.0,2.0,5.0,1.0,1.0,7.0,3.0,1.0,3.0,5.0,2.0,1.0,4.0,5.0,null,4.0,1.0,8.0,null,9.0,2.4000000000000000,2.4000000000000000,2.6000000000000000,2.2500000000000000,2.0000000000000000,2.8000000000000000,2.6000000000000000,2.8000000000000000,2.7500000000000000,3.2500000000000000,Command,Ideation,Connectedness
EMP100083,Rizka Erlangga Subekti,3.6666666666666667,19,IV,SMA,2,6,99.0,50,81,CD,ENTJ,30.0,2,4.0,8.0,null,9.0,5.0,3.0,4.0,4.0,7.0,5.0,null,8.0,7.0,8.0,3.0,6.0,2.0,2.0,null,9.0,3.2500000000000000,3.7500000000000000,3.7500000000000000,3.5000000000000000,4.0000000000000000,3.7500000000000000,3.7500000000000000,4.0000000000000000,3.3333333333333333,4.0000000000000000,Communication,,Restorative
EMP100084,Dian Rachman Handayani,3.5000000000000000,16,IV,D3,2,6,118.0,56,48,SD,null,36.0,5,8.0,3.0,3.0,9.0,9.0,4.0,null,8.0,1.0,5.0,7.0,3.0,1.0,7.0,8.0,7.0,8.0,6.0,4.0,1.0,3.3333333333333333,4.2500000000000000,3.5000000000000000,3.3333333333333333,22.4000000000000000,3.5000000000000000,3.7500000000000000,3.0000000000000000,3.7500000000000000,4.0000000000000000,Ideation,Input,Focus
EMP100085,Ahmad Rohman,3.0000000000000000,22,V,S1,3,2,null,86,61,null,ENTJ,26.0,8,5.0,4.0,6.0,7.0,6.0,9.0,4.0,3.0,2.0,2.0,5.0,4.0,6.0,3.0,9.0,2.0,2.0,3.0,1.0,2.0,4.0000000000000000,3.2500000000000000,3.6666666666666667,2.7500000000000000,3.0000000000000000,2.7500000000000000,2.6666666666666667,4.0000000000000000,2.5000000000000000,2.7500000000000000,,Empathy,Connectedness
EMP100086,Rani Syahputra,3.7500000000000000,23,V,S2,3,4,110.0,79,76,IC,ISTJ,36.0,3,1.0,7.0,7.0,3.0,1.0,4.0,3.0,7.0,2.0,6.0,9.0,9.0,4.0,6.0,1.0,3.0,7.0,5.0,2.0,null,4.0000000000000000,4.0000000000000000,3.5000000000000000,3.7500000000000000,4.0000000000000000,3.7500000000000000,3.7500000000000000,4.0000000000000000,4.0000000000000000,4.7500000000000000,Consistency,Responsibility,Relator
EMP100087,Rizka Ananda,2.7500000000000000,12,V,S2,3,1,109.0,36,63,DS,ENFP,25.0,2,2.0,8.0,9.0,7.0,5.0,7.0,5.0,9.0,7.0,6.0,9.0,7.0,4.0,3.0,7.0,null,6.0,7.0,4.0,7.0,3.0000000000000000,2.5000000000000000,2.7500000000000000,3.5000000000000000,2.7500000000000000,3.0000000000000000,2.7500000000000000,3.0000000000000000,2.7500000000000000,3.2500000000000000,Activator,Responsibility,Learner
EMP100088,Nadia Saputra Mahendra,3.0000000000000000,38,III,S2,1,3,83.0,29,88,CS,ISFP,29.0,5,8.0,5.0,8.0,2.0,3.0,4.0,3.0,4.0,3.0,9.0,1.0,9.0,5.0,7.0,9.0,9.0,5.0,1.0,4.0,8.0,3.5000000000000000,3.0000000000000000,3.0000000000000000,2.3333333333333333,3.6666666666666667,2.6000000000000000,3.2000000000000000,3.4000000000000000,3.0000000000000000,2.5000000000000000,Ideation,Relator,Woo
EMP100089,Umar Simanjuntak,3.0000000000000000,56,V,S1,3,5,null,97,26,CD,null,null,10,2.0,7.0,9.0,3.0,9.0,6.0,4.0,2.0,7.0,8.0,2.0,9.0,5.0,9.0,9.0,2.0,3.0,3.0,5.0,6.0,3.7500000000000000,3.6000000000000000,3.5000000000000000,3.2000000000000000,3.2000000000000000,3.5000000000000000,3.0000000000000000,3.6000000000000000,3.2000000000000000,3.2000000000000000,Arranger,Woo,Ideation
EMP100090,Maya Pratomo,3.4000000000000000,27,IV,S1,2,6,null,48,96,DS,ESTJ,29.0,1,null,7.0,3.0,6.0,9.0,1.0,3.0,3.0,7.0,3.0,2.0,8.0,1.0,4.0,5.0,1.0,2.0,8.0,9.0,5.0,3.2000000000000000,3.5000000000000000,3.2000000000000000,3.8000000000000000,3.2000000000000000,3.4000000000000000,4.0000000000000000,3.5000000000000000,3.8000000000000000,3.2000000000000000,Adaptability,Strategic,Significance
EMP100091,Oka Candra Firmansyah,3.5000000000000000,10,IV,S2,2,3,102.0,36,83,DS,ENFP,23.0,6,3.0,1.0,null,3.0,8.0,3.0,3.0,3.0,4.0,4.0,7.0,3.0,4.0,6.0,1.0,5.0,2.0,6.0,7.0,9.0,3.7500000000000000,3.2500000000000000,4.3333333333333333,2.5000000000000000,3.5000000000000000,3.0000000000000000,3.5000000000000000,3.7500000000000000,3.2500000000000000,3.5000000000000000,Relator,Activator,Deliberative
EMP100092,Ahmad Indrawan,3.2000000000000000,68,V,S1,3,2,null,43,51,IC,ENTJ,null,1,1.0,5.0,3.0,7.0,6.0,8.0,null,5.0,null,4.0,2.0,6.0,3.0,7.0,2.0,6.0,3.0,1.0,7.0,9.0,3.4000000000000000,3.0000000000000000,3.0000000000000000,3.4000000000000000,3.4000000000000000,3.2000000000000000,3.0000000000000000,3.0000000000000000,2.6000000000000000,3.5000000000000000,Analytical,Intellection,Maximizer
EMP100093,Nadia Lestari Utami,3.0000000000000000,57,IV,S1,2,2,93.0,71,31,CS,ENTP,24.0,3,9.0,3.0,6.0,1.0,1.0,5.0,8.0,3.0,8.0,4.0,9.0,2.0,null,8.0,8.0,8.0,9.0,1.0,7.0,3.0,3.0000000000000000,2.8000000000000000,2.8000000000000000,2.7500000000000000,3.0000000000000000,3.2500000000000000,3.0000000000000000,3.2000000000000000,2.5000000000000000,3.3333333333333333,Harmony,Discipline,Learner
EMP100094,Nadia Utama Yulianto,2.8000000000000000,33,III,S1,1,1,95.0,24,50,SD,INFJ,16.0,6,2.0,8.0,2.0,5.0,9.0,7.0,6.0,6.0,6.0,7.0,9.0,2.0,6.0,4.0,3.0,null,9.0,6.0,1.0,3.0,2.6000000000000000,2.6000000000000000,3.0000000000000000,2.6000000000000000,3.8000000000000000,2.7500000000000000,2.8000000000000000,2.6000000000000000,3.0000000000000000,2.2500000000000000,Intellection,Focus,Input
EMP100095,Fitri Pamungkas,2.7500000000000000,41,IV,S2,2,3,null,66,40,SC,ISFJ,null,5,2.0,5.0,1.0,4.0,3.0,6.0,2.0,9.0,7.0,7.0,9.0,5.0,3.0,1.0,7.0,7.0,4.0,8.0,8.0,null,3.0000000000000000,3.0000000000000000,3.7500000000000000,3.2000000000000000,3.2000000000000000,2.4000000000000000,3.2000000000000000,3.2500000000000000,3.4000000000000000,3.2000000000000000,Positivity,Achiever,Ideation
EMP100096,Rama Dharma Wibowo,2.8000000000000000,77,IV,S2,2,2,null,42,78,SI,ENTJ,20.0,7,7.0,3.0,5.0,7.0,7.0,5.0,1.0,4.0,2.0,null,2.0,9.0,6.0,2.0,4.0,9.0,2.0,1.0,9.0,5.0,2.5000000000000000,2.6000000000000000,3.2000000000000000,3.0000000000000000,2.6000000000000000,2.6000000000000000,2.0000000000000000,3.2500000000000000,2.6000000000000000,3.0000000000000000,Restorative,Focus,Consistency
EMP100097,Valdo Subekti,3.0000000000000000,64,III,S1,1,6,null,44,76,DC,INFJ,32.0,2,8.0,5.0,4.0,9.0,7.0,2.0,null,9.0,6.0,2.0,1.0,4.0,8.0,3.0,4.0,4.0,6.0,7.0,2.0,9.0,3.5000000000000000,3.2000000000000000,3.7500000000000000,3.6000000000000000,3.4000000000000000,3.6000000000000000,4.0000000000000000,4.2500000000000000,4.5000000000000000,3.7500000000000000,Input,Analytical,Belief
EMP100098,Indra Hidayat,3.8000000000000000,57,V,S1,3,3,128.0,37,32,ID,ENTJ,17.0,9,2.0,7.0,null,4.0,7.0,4.0,6.0,5.0,8.0,8.0,3.0,1.0,7.0,7.0,7.0,9.0,6.0,6.0,null,1.0,4.2500000000000000,4.2000000000000000,3.4000000000000000,3.7500000000000000,4.0000000000000000,3.2500000000000000,3.3333333333333333,4.0000000000000000,4.0000000000000000,3.8000000000000000,Self-Assurance,Maximizer,Developer
EMP100099,Tania Suharto,2.8000000000000000,46,III,S1,1,4,null,52,80,SC,ESTJ,null,7,5.0,4.0,7.0,null,9.0,null,7.0,8.0,2.0,4.0,null,1.0,5.0,null,9.0,1.0,3.0,4.0,null,null,3.0000000000000000,2.7500000000000000,2.7500000000000000,2.8000000000000000,2.6666666666666667,3.0000000000000000,3.5000000000000000,3.2500000000000000,3.2000000000000000,2.4000000000000000,Developer,Responsibility,Belief
EMP100100,Intan Rachman Suharto,3.2000000000000000,55,IV,D3,2,1,null,44,56,DC,null,null,6,1.0,3.0,2.0,9.0,5.0,3.0,3.0,4.0,6.0,8.0,null,5.0,3.0,6.0,7.0,1.0,5.0,1.0,5.0,7.0,3.2000000000000000,3.2000000000000000,3.2000000000000000,3.6666666666666667,3.5000000000000000,3.0000000000000000,2.8000000000000000,3.6000000000000000,3.2500000000000000,3.3333333333333333,Relator,Connectedness,Belief
EMP100101,Yoga Pratomo,4.0000000000000000,51,V,SMA,3,4,81.0,35,97,IC,ESTJ,26.0,2,2.0,null,4.0,null,7.0,null,7.0,7.0,5.0,4.0,5.0,4.0,9.0,null,4.0,4.0,4.0,1.0,6.0,2.0,4.2500000000000000,3.8000000000000000,4.3333333333333333,3.7500000000000000,3.6000000000000000,4.5000000000000000,4.4000000000000000,4.2500000000000000,3.6000000000000000,4.2500000000000000,Belief,Intellection,Includer
EMP100102,Dinda Permadi,3.3333333333333333,22,III,S2,1,3,111.0,47,89,SI,INTJ,19.0,5,6.0,5.0,5.0,1.0,5.0,6.0,5.0,3.0,9.0,7.0,2.0,null,9.0,9.0,9.0,4.0,1.0,4.0,4.0,null,3.0000000000000000,2.7500000000000000,3.0000000000000000,2.3333333333333333,3.0000000000000000,3.0000000000000000,2.5000000000000000,2.7500000000000000,2.7500000000000000,3.5000000000000000,Futuristic,Intellection,Discipline
EMP100103,Ayu Ginting,3.6000000000000000,32,IV,D3,2,2,105.0,62,73,null,ESTJ,26.0,2,3.0,2.0,7.0,5.0,8.0,7.0,2.0,4.0,7.0,7.0,8.0,5.0,null,null,3.0,6.0,9.0,3.0,4.0,2.0,4.0000000000000000,2.7500000000000000,3.0000000000000000,3.6000000000000000,3.7500000000000000,3.8000000000000000,3.2500000000000000,4.2500000000000000,3.8000000000000000,3.6000000000000000,Significance,Self-Assurance,Arranger
EMP100104,Budi Pratama,3.6000000000000000,81,III,SMA,1,4,102.0,80,37,DC,ISTP,23.0,9,null,9.0,9.0,4.0,9.0,9.0,9.0,3.0,5.0,5.0,2.0,1.0,1.0,2.0,2.0,9.0,9.0,6.0,9.0,1.0,3.2500000000000000,3.4000000000000000,3.8000000000000000,3.5000000000000000,3.4000000000000000,3.6000000000000000,3.6000000000000000,4.0000000000000000,4.2500000000000000,3.4000000000000000,Harmony,,Self-Assurance
EMP100105,Maya Yulianto,3.2500000000000000,16,III,SMA,1,1,null,50,45,SC,ENFJ,null,7,5.0,9.0,9.0,9.0,7.0,5.0,7.0,5.0,3.0,1.0,4.0,9.0,3.0,1.0,9.0,3.0,null,7.0,null,8.0,3.0000000000000000,3.2500000000000000,3.6666666666666667,3.2500000000000000,3.3333333333333333,3.2500000000000000,4.0000000000000000,3.6666666666666667,3.3333333333333333,3.5000000000000000,Adaptability,Context,Includer
EMP100106,Valdo Wijaya Wijaya,2.8000000000000000,64,V,SMA,3,1,102.0,72,49,CD,ENFJ,29.0,4,6.0,3.0,1.0,5.0,2.0,4.0,4.0,6.0,5.0,3.0,9.0,6.0,9.0,3.0,4.0,7.0,8.0,3.0,2.0,5.0,3.0000000000000000,2.8000000000000000,2.6000000000000000,2.8000000000000000,3.0000000000000000,2.8000000000000000,2.5000000000000000,3.0000000000000000,2.6000000000000000,3.0000000000000000,Context,Includer,Learner
EMP100107,Dian Fauziah,3.0000000000000000,45,IV,SMA,2,4,104.0,28,59,CI,ISFP,41.0,9,3.0,9.0,1.0,3.0,6.0,9.0,null,5.0,4.0,5.0,8.0,2.0,3.0,9.0,7.0,9.0,1.0,8.0,5.0,3.0,3.4000000000000000,2.8000000000000000,2.2000000000000000,2.6000000000000000,3.0000000000000000,3.0000000000000000,3.2000000000000000,2.6000000000000000,3.2000000000000000,2.6000000000000000,Developer,,Discipline
EMP100108,Dinda Erlangga Handayani,3.6000000000000000,58,IV,S1,2,3,129.0,73,70,DC,ISTP,27.0,5,8.0,4.0,6.0,null,9.0,9.0,3.0,null,4.0,5.0,8.0,7.0,7.0,1.0,2.0,9.0,5.0,null,null,null,3.6000000000000000,3.4000000000000000,4.0000000000000000,3.0000000000000000,3.2000000000000000,3.4000000000000000,4.0000000000000000,3.6000000000000000,3.5000000000000000,3.2000000000000000,Intellection,Communication,Learner
EMP100109,Dinda Wibowo,3.0000000000000000,55,V,SMA,3,2,91.0,90,96,DC,ESFP,16.0,4,6.0,6.0,9.0,8.0,3.0,7.0,5.0,2.0,null,4.0,1.0,8.0,1.0,3.0,8.0,3.0,9.0,null,9.0,8.0,3.2000000000000000,2.8000000000000000,2.8000000000000000,2.3333333333333333,3.5000000000000000,3.0000000000000000,3.7500000000000000,3.6000000000000000,3.0000000000000000,3.4000000000000000,Woo,Empathy,Developer
EMP100110,Citra Hartanto,3.2000000000000000,46,V,S2,3,5,97.0,36,63,SD,INFP,37.0,5,3.0,7.0,null,8.0,5.0,1.0,9.0,5.0,null,3.0,1.0,1.0,9.0,8.0,4.0,4.0,2.0,2.0,6.0,8.0,3.2000000000000000,3.0000000000000000,4.3333333333333333,3.2000000000000000,3.2000000000000000,3.2500000000000000,2.7500000000000000,3.8000000000000000,3.7500000000000000,3.4000000000000000,Input,Relator,Context
EMP100111,Rendra Herlambang,3.0000000000000000,44,V,S2,3,3,83.0,38,99,ID,ENFJ,22.0,8,8.0,7.0,4.0,5.0,1.0,1.0,3.0,4.0,1.0,null,1.0,7.0,3.0,7.0,5.0,6.0,7.0,8.0,7.0,9.0,3.2000000000000000,3.0000000000000000,3.2000000000000000,3.5000000000000000,2.6666666666666667,3.0000000000000000,3.0000000000000000,3.2500000000000000,3.0000000000000000,2.8000000000000000,Relator,,Positivity
EMP100112,Adit Mahardika Pratama,3.0000000000000000,36,III,D3,1,3,132.0,88,83,null,ENTP,25.0,7,6.0,4.0,1.0,2.0,1.0,8.0,7.0,5.0,2.0,null,2.0,7.0,7.0,5.0,7.0,2.0,6.0,5.0,7.0,1.0,3.5000000000000000,3.2500000000000000,3.4000000000000000,3.4000000000000000,3.5000000000000000,3.8000000000000000,3.6666666666666667,3.4000000000000000,3.0000000000000000,3.0000000000000000,Consistency,Strategic,Input
EMP100113,Iman Rachman Rahmawati,2.7500000000000000,55,IV,D3,2,1,117.0,57,72,ID,INTJ,28.0,10,6.0,3.0,1.0,5.0,4.0,null,2.0,4.0,7.0,6.0,8.0,null,6.0,1.0,9.0,5.0,null,8.0,7.0,6.0,3.0000000000000000,2.6000000000000000,2.5000000000000000,3.0000000000000000,2.6000000000000000,3.0000000000000000,3.7500000000000000,2.5000000000000000,3.0000000000000000,3.0000000000000000,,Individualization,Connectedness
EMP100114,Vania Fadillah Fauziah,3.5000000000000000,15,IV,SMA,2,4,null,33,29,DI,INFJ,null,7,8.0,2.0,5.0,7.0,3.0,8.0,8.0,3.0,2.0,4.0,7.0,8.0,2.0,null,null,null,2.0,9.0,9.0,5.0,3.5000000000000000,2.6666666666666667,3.3333333333333333,3.3333333333333333,3.5000000000000000,4.0000000000000000,3.5000000000000000,3.2500000000000000,4.0000000000000000,3.5000000000000000,Futuristic,Intellection,Woo
EMP100115,Satya Yudhistira Lukman,3.6000000000000000,41,III,S2,1,1,90.0,21,62,IS,ENFJ,23.0,7,4.0,4.0,7.0,4.0,7.0,5.0,3.0,7.0,5.0,9.0,4.0,7.0,2.0,5.0,null,3.0,5.0,7.0,null,6.0,2.7500000000000000,3.0000000000000000,2.4000000000000000,2.4000000000000000,2.6000000000000000,2.6000000000000000,2.8000000000000000,2.5000000000000000,2.8000000000000000,2.8000000000000000,Communication,Learner,Positivity
EMP100116,Bayu Ridwan,3.0000000000000000,50,V,S1,3,6,null,89,40,SI,ISFP,null,7,8.0,9.0,4.0,4.0,2.0,9.0,2.0,6.0,1.0,2.0,9.0,7.0,3.0,1.0,5.0,5.0,7.0,5.0,null,8.0,3.0000000000000000,3.2000000000000000,3.0000000000000000,3.2000000000000000,2.6666666666666667,2.7500000000000000,3.4000000000000000,3.0000000000000000,3.0000000000000000,3.4000000000000000,Activator,Developer,Restorative
EMP100117,Prasetyo Gunawan,3.0000000000000000,39,IV,S1,2,4,86.0,40,98,null,INFJ,25.0,5,3.0,2.0,8.0,3.0,3.0,7.0,4.0,3.0,2.0,null,3.0,9.0,null,7.0,2.0,4.0,8.0,5.0,4.0,9.0,2.5000000000000000,3.0000000000000000,2.8000000000000000,2.6000000000000000,3.5000000000000000,3.2000000000000000,3.2000000000000000,3.0000000000000000,3.4000000000000000,3.2000000000000000,Input,Achiever,Intellection
EMP100118,Julia Pramudita Hartanto,3.0000000000000000,53,V,S1,3,4,null,67,31,IC,ISTJ,32.0,2,3.0,5.0,3.0,3.0,6.0,9.0,2.0,1.0,6.0,8.0,7.0,4.0,9.0,7.0,6.0,7.0,8.0,2.0,8.0,3.0,3.0000000000000000,2.4000000000000000,2.7500000000000000,3.6000000000000000,3.2000000000000000,2.8000000000000000,3.5000000000000000,2.8000000000000000,3.0000000000000000,3.2000000000000000,Adaptability,Relator,Self-Assurance
EMP100119,Iman Ginting,3.2500000000000000,1,IV,S1,2,6,102.0,96,35,SI,INTJ,29.0,1,2.0,9.0,5.0,5.0,9.0,4.0,4.0,2.0,7.0,1.0,null,7.0,7.0,1.0,2.0,null,null,4.0,5.0,6.0,4.0000000000000000,3.3333333333333333,3.5000000000000000,3.2500000000000000,3.0000000000000000,3.0000000000000000,3.5000000000000000,3.3333333333333333,2.3333333333333333,3.5000000000000000,Self-Assurance,Strategic,Significance
EMP100120,Iman Maulida,3.6000000000000000,52,IV,D3,2,2,127.0,53,45,SC,null,29.0,8,4.0,5.0,4.0,9.0,9.0,9.0,null,8.0,2.0,2.0,2.0,1.0,4.0,null,5.0,6.0,null,2.0,3.0,9.0,3.8000000000000000,4.0000000000000000,3.5000000000000000,4.0000000000000000,3.6000000000000000,3.7500000000000000,4.0000000000000000,3.4000000000000000,3.0000000000000000,3.0000000000000000,,Restorative,Belief
EMP100121,Bayu Hidayat,3.6000000000000000,56,III,S1,1,4,84.0,95,85,null,INFJ,21.0,10,8.0,null,5.0,2.0,4.0,9.0,8.0,5.0,6.0,5.0,4.0,4.0,2.0,6.0,2.0,8.0,2.0,2.0,null,1.0,3.4000000000000000,3.6000000000000000,3.6000000000000000,4.0000000000000000,3.6000000000000000,3.4000000000000000,3.2000000000000000,3.4000000000000000,4.0000000000000000,3.2500000000000000,Maximizer,Individualization,Analytical
EMP100122,Rizki Simanjuntak,2.5000000000000000,10,V,S1,3,6,null,27,63,CS,ESTP,null,2,6.0,6.0,7.0,8.0,9.0,2.0,9.0,4.0,7.0,2.0,3.0,4.0,null,8.0,8.0,6.0,2.0,6.0,7.0,1.0,3.0000000000000000,2.5000000000000000,2.2500000000000000,2.5000000000000000,1.3333333333333333,2.2500000000000000,2.5000000000000000,2.0000000000000000,3.0000000000000000,2.5000000000000000,Harmony,Command,Restorative
EMP100123,Kurnia Jatmiko Permadi,2.4000000000000000,54,IV,SMA,2,5,107.0,40,42,CD,ESTJ,27.0,8,3.0,2.0,8.0,8.0,3.0,3.0,2.0,4.0,1.0,5.0,8.0,2.0,7.0,4.0,4.0,5.0,3.0,5.0,5.0,4.0,2.5000000000000000,2.4000000000000000,2.8000000000000000,2.5000000000000000,2.2000000000000000,2.8000000000000000,3.0000000000000000,2.2500000000000000,2.6000000000000000,2.2000000000000000,Focus,,Maximizer
EMP100124,Maya Nabila Salsabila,2.5000000000000000,52,III,D3,1,2,null,38,84,DC,ESFP,null,8,3.0,4.0,2.0,9.0,null,3.0,1.0,null,null,9.0,8.0,2.0,3.0,5.0,9.0,1.0,null,9.0,9.0,9.0,3.0000000000000000,2.6000000000000000,2.6000000000000000,2.8000000000000000,2.6000000000000000,2.8000000000000000,2.5000000000000000,3.0000000000000000,2.8000000000000000,2.8000000000000000,Input,Command,Deliberative
EMP100125,Nabila Lestari Santoso,3.8000000000000000,45,V,D3,3,5,null,28,72,DC,ENTP,30.0,6,9.0,9.0,6.0,5.0,4.0,5.0,7.0,4.0,5.0,null,4.0,7.0,null,2.0,5.0,3.0,6.0,3.0,9.0,5.0,3.2500000000000000,3.4000000000000000,4.0000000000000000,3.6000000000000000,3.7500000000000000,3.8000000000000000,4.2000000000000000,3.8000000000000000,4.0000000000000000,4.2000000000000000,Learner,Input,Deliberative
EMP100126,Vania Siregar,2.6000000000000000,67,V,S2,3,5,120.0,86,53,DS,ISFP,24.0,1,6.0,7.0,2.0,8.0,8.0,1.0,2.0,null,9.0,6.0,5.0,null,2.0,4.0,2.0,9.0,6.0,7.0,2.0,7.0,3.0000000000000000,2.4000000000000000,3.2000000000000000,2.6000000000000000,2.4000000000000000,3.2000000000000000,2.6000000000000000,3.0000000000000000,2.6000000000000000,2.8000000000000000,,Ideation,Adaptability
EMP100127,Lestari Gunawan,2.6000000000000000,26,V,S2,3,6,null,20,65,CI,null,null,1,3.0,6.0,3.0,8.0,2.0,6.0,6.0,8.0,7.0,7.0,1.0,1.0,4.0,9.0,2.0,8.0,3.0,8.0,5.0,4.0,2.8000000000000000,2.2500000000000000,2.6000000000000000,2.5000000000000000,2.6000000000000000,3.0000000000000000,3.0000000000000000,2.4000000000000000,2.3333333333333333,2.2500000000000000,Analytical,Individualization,Arranger
EMP100128,Ahmad Siregar,2.0000000000000000,58,IV,S1,2,4,117.0,70,69,DC,ESTP,38.0,3,3.0,3.0,3.0,6.0,7.0,7.0,5.0,5.0,8.0,3.0,null,6.0,2.0,2.0,8.0,6.0,9.0,5.0,9.0,8.0,1.8000000000000000,2.0000000000000000,1.8000000000000000,2.2500000000000000,2.2500000000000000,2.0000000000000000,2.2500000000000000,1.6000000000000000,2.6000000000000000,2.0000000000000000,Empathy,Focus,Positivity
EMP100129,Dian Utama Kusuma,2.5000000000000000,17,IV,S2,2,2,109.0,64,40,CS,ENTP,28.0,3,1.0,5.0,9.0,8.0,4.0,8.0,6.0,4.0,2.0,1.0,1.0,null,null,1.0,5.0,7.0,1.0,6.0,null,5.0,3.0000000000000000,2.5000000000000000,2.2500000000000000,2.5000000000000000,3.0000000000000000,3.0000000000000000,2.7500000000000000,2.7500000000000000,2.7500000000000000,2.0000000000000000,,Adaptability,Arranger
EMP100130,Citra Rahmawati,2.8000000000000000,68,III,SMA,1,1,84.0,39,80,CD,INTP,24.0,9,8.0,null,2.0,6.0,8.0,4.0,1.0,5.0,3.0,3.0,2.0,5.0,6.0,9.0,5.0,7.0,3.0,9.0,5.0,7.0,3.0000000000000000,2.7500000000000000,2.2000000000000000,3.0000000000000000,2.5000000000000000,3.0000000000000000,3.0000000000000000,2.8000000000000000,3.2000000000000000,2.8000000000000000,Learner,Maximizer,
EMP100131,Ayunda Adi Hartanto,3.2500000000000000,58,V,S2,3,4,102.0,51,47,DS,ESTP,24.0,2,4.0,8.0,8.0,1.0,9.0,8.0,5.0,4.0,5.0,2.0,1.0,2.0,1.0,8.0,9.0,1.0,9.0,4.0,1.0,8.0,2.7500000000000000,3.5000000000000000,3.6000000000000000,3.4000000000000000,4.2500000000000000,3.6000000000000000,3.6000000000000000,3.3333333333333333,3.7500000000000000,3.7500000000000000,Input,Analytical,Ideation
EMP100132,Maya Ramadhan,3.0000000000000000,46,V,S1,3,2,118.0,66,59,SI,ISFP,33.0,8,4.0,6.0,2.0,null,7.0,3.0,8.0,6.0,1.0,7.0,8.0,6.0,6.0,2.0,8.0,2.0,2.0,8.0,6.0,9.0,3.0000000000000000,3.0000000000000000,2.7500000000000000,3.0000000000000000,2.6000000000000000,3.0000000000000000,3.0000000000000000,3.0000000000000000,3.2000000000000000,2.8000000000000000,Belief,Intellection,Arranger
EMP100133,Rendra Handayani,2.7500000000000000,30,III,S2,1,4,104.0,44,89,CI,ENTP,39.0,4,6.0,4.0,5.0,9.0,4.0,7.0,3.0,null,5.0,2.0,null,5.0,8.0,1.0,1.0,2.0,7.0,4.0,4.0,8.0,3.0000000000000000,2.4000000000000000,2.6000000000000000,3.0000000000000000,2.6000000000000000,2.8000000000000000,2.8000000000000000,2.6000000000000000,3.0000000000000000,3.2500000000000000,Woo,Harmony,Consistency
EMP100134,Rifqi Wijaya,2.6000000000000000,61,III,D3,1,5,119.0,33,89,CS,INTJ,22.0,6,2.0,3.0,8.0,4.0,6.0,9.0,9.0,5.0,2.0,2.0,9.0,5.0,2.0,2.0,8.0,5.0,1.0,8.0,6.0,5.0,2.6000000000000000,2.8000000000000000,2.6000000000000000,2.5000000000000000,2.6000000000000000,3.2000000000000000,2.7500000000000000,3.0000000000000000,2.3333333333333333,2.4000000000000000,Positivity,Command,Learner
EMP100135,Indra Wijaya Ridwan,3.3333333333333333,14,III,D3,1,4,113.0,87,64,null,INFP,27.0,7,1.0,2.0,6.0,3.0,8.0,9.0,2.0,7.0,null,3.0,8.0,7.0,2.0,1.0,6.0,7.0,6.0,6.0,2.0,1.0,2.7500000000000000,3.7500000000000000,3.0000000000000000,3.0000000000000000,3.5000000000000000,3.0000000000000000,3.2500000000000000,2.7500000000000000,2.5000000000000000,2.5000000000000000,,Activator,
EMP100136,Maya Pradana,3.0000000000000000,76,III,D3,1,2,131.0,45,53,ID,ESFJ,26.0,10,2.0,4.0,8.0,1.0,3.0,9.0,8.0,1.0,7.0,null,5.0,4.0,6.0,null,3.0,7.0,8.0,1.0,4.0,9.0,3.0000000000000000,2.6666666666666667,3.0000000000000000,2.8000000000000000,2.7500000000000000,2.2500000000000000,2.6000000000000000,3.0000000000000000,3.3333333333333333,3.0000000000000000,Relator,Significance,Restorative
EMP100137,Rizky Jatmiko Hasibuan,3.0000000000000000,124,III,D3,1,1,125.0,73,32,DC,ESFJ,16.0,10,5.0,5.0,3.0,8.0,5.0,7.0,3.0,4.0,7.0,5.0,9.0,9.0,3.0,null,null,6.0,3.0,2.0,9.0,3.0,3.0000000000000000,3.0000000000000000,2.5000000000000000,22.0000000000000000,3.0000000000000000,3.2000000000000000,3.4000000000000000,3.0000000000000000,3.2000000000000000,3.2500000000000000,Activator,Ideation,Discipline
EMP100138,Rani Zulfikar,3.6000000000000000,42,V,SMA,3,3,null,29,27,IC,ISFJ,null,9,null,2.0,3.0,2.0,9.0,4.0,2.0,9.0,3.0,1.0,4.0,7.0,2.0,7.0,3.0,1.0,3.0,8.0,4.0,5.0,3.2500000000000000,4.0000000000000000,4.2500000000000000,3.7500000000000000,3.2000000000000000,3.6000000000000000,3.7500000000000000,3.4000000000000000,3.2000000000000000,3.4000000000000000,Adaptability,Analytical,Responsibility
EMP100139,Nadia Herlambang,3.5000000000000000,78,V,S1,3,4,null,47,90,IC,ENTP,null,8,2.0,9.0,4.0,1.0,1.0,4.0,3.0,9.0,null,2.0,8.0,8.0,5.0,5.0,null,8.0,4.0,2.0,1.0,null,3.0000000000000000,3.6000000000000000,3.6000000000000000,3.3333333333333333,3.4000000000000000,3.2000000000000000,3.0000000000000000,3.4000000000000000,3.8000000000000000,4.2000000000000000,Strategic,Achiever,Focus
EMP100140,Yuni Siregar,3.2000000000000000,54,III,SMA,1,6,null,92,73,DI,ISFP,33.0,1,2.0,null,2.0,4.0,4.0,4.0,3.0,1.0,6.0,2.0,7.0,1.0,3.0,7.0,6.0,2.0,3.0,4.0,2.0,7.0,3.5000000000000000,3.2000000000000000,3.4000000000000000,2.7500000000000000,3.3333333333333333,3.2000000000000000,3.4000000000000000,3.2000000000000000,3.0000000000000000,3.2000000000000000,Command,Developer,Self-Assurance
EMP100141,Fitri Utami,3.5000000000000000,67,V,S2,3,6,124.0,91,28,DC,ENFJ,29.0,8,3.0,9.0,6.0,1.0,8.0,7.0,6.0,3.0,3.0,1.0,1.0,2.0,8.0,4.0,1.0,4.0,4.0,8.0,1.0,4.0,2.4000000000000000,2.0000000000000000,2.5000000000000000,2.5000000000000000,3.0000000000000000,2.7500000000000000,2.2000000000000000,2.5000000000000000,2.6000000000000000,2.2000000000000000,Connectedness,,Communication
EMP100142,Indra Putra,3.8000000000000000,64,III,D3,1,4,null,98,64,ID,ESTP,null,1,9.0,5.0,1.0,6.0,1.0,8.0,1.0,8.0,2.0,5.0,3.0,7.0,5.0,3.0,7.0,8.0,4.0,6.0,1.0,7.0,3.5000000000000000,3.6000000000000000,3.8000000000000000,3.4000000000000000,3.2000000000000000,4.4000000000000000,3.6000000000000000,3.6000000000000000,3.4000000000000000,4.2000000000000000,,Self-Assurance,Consistency
EMP100143,Nadia Pramudita Wibowo,2.5000000000000000,22,IV,S1,2,2,122.0,38,93,IS,ESFP,21.0,3,7.0,4.0,7.0,8.0,3.0,null,6.0,1.0,9.0,3.0,9.0,4.0,6.0,8.0,4.0,5.0,3.0,2.0,9.0,6.0,2.6666666666666667,2.3333333333333333,3.3333333333333333,2.2500000000000000,2.7500000000000000,2.0000000000000000,2.0000000000000000,2.5000000000000000,3.2500000000000000,2.2500000000000000,Connectedness,Developer,Command
EMP100144,Bella Nabila Purnama,3.3333333333333333,20,IV,S1,2,4,null,60,58,CI,ENFP,23.0,8,2.0,null,9.0,9.0,3.0,5.0,null,3.0,7.0,8.0,3.0,8.0,5.0,7.0,8.0,4.0,9.0,8.0,6.0,null,3.2500000000000000,3.2500000000000000,3.2500000000000000,3.6666666666666667,3.7500000000000000,3.7500000000000000,3.6666666666666667,3.7500000000000000,27.5000000000000000,3.2500000000000000,Command,Significance,Empathy
EMP100145,Novi Purnama,3.0000000000000000,41,III,SMA,1,5,107.0,51,100,SC,INFP,31.0,9,7.0,6.0,8.0,2.0,2.0,9.0,4.0,9.0,1.0,1.0,9.0,6.0,4.0,4.0,8.0,4.0,3.0,5.0,4.0,8.0,2.6000000000000000,3.5000000000000000,2.7500000000000000,3.5000000000000000,3.6000000000000000,3.0000000000000000,3.0000000000000000,2.7500000000000000,3.4000000000000000,3.2500000000000000,Activator,Context,Intellection
EMP100146,Maya Wijaya,3.3333333333333333,35,III,D3,1,5,120.0,90,91,CS,INTP,21.0,9,3.0,4.0,7.0,1.0,1.0,1.0,6.0,6.0,2.0,1.0,9.0,3.0,6.0,7.0,1.0,7.0,9.0,null,8.0,7.0,3.2000000000000000,2.7500000000000000,3.6000000000000000,3.6000000000000000,3.2000000000000000,3.2000000000000000,3.2000000000000000,3.8000000000000000,3.0000000000000000,3.2000000000000000,Intellection,Responsibility,Ideation
EMP100147,Hana Ridwan,3.5000000000000000,7,IV,S1,2,6,null,67,49,IS,ESFJ,34.0,5,null,9.0,8.0,3.0,9.0,6.0,6.0,null,1.0,6.0,2.0,7.0,3.0,5.0,7.0,5.0,3.0,8.0,3.0,3.0,3.5000000000000000,4.5000000000000000,3.7500000000000000,3.3333333333333333,3.0000000000000000,3.3333333333333333,3.0000000000000000,3.2500000000000000,3.7500000000000000,3.5000000000000000,Relator,Analytical,Context
EMP100148,Galih Zulfikar Hasibuan,3.0000000000000000,100,III,SMA,1,1,120.0,43,77,IS,INTP,34.0,2,7.0,1.0,9.0,9.0,1.0,1.0,9.0,7.0,3.0,4.0,9.0,7.0,7.0,7.0,4.0,1.0,null,9.0,4.0,7.0,27.5000000000000000,2.8000000000000000,3.4000000000000000,2.7500000000000000,3.2000000000000000,3.0000000000000000,2.8000000000000000,3.0000000000000000,3.0000000000000000,3.4000000000000000,Significance,Connectedness,Focus
EMP100149,Teguh Saputra Hasibuan,4.2500000000000000,60,III,SMA,1,4,122.0,28,28,null,ESTJ,26.0,7,3.0,9.0,4.0,1.0,6.0,7.0,1.0,2.0,2.0,5.0,4.0,5.0,6.0,7.0,4.0,9.0,4.0,7.0,9.0,4.0,3.0000000000000000,2.8000000000000000,3.0000000000000000,2.7500000000000000,2.6000000000000000,3.0000000000000000,2.8000000000000000,3.2000000000000000,3.2500000000000000,2.5000000000000000,Competition,Input,Arranger
EMP100150,Hadi Hasibuan,2.5000000000000000,69,V,S2,3,1,125.0,69,77,CS,ENFP,26.0,4,9.0,2.0,1.0,1.0,7.0,4.0,2.0,6.0,4.0,3.0,1.0,8.0,9.0,6.0,3.0,null,6.0,5.0,6.0,1.0,2.6000000000000000,2.6000000000000000,2.4000000000000000,2.0000000000000000,2.8000000000000000,2.6000000000000000,2.7500000000000000,2.5000000000000000,2.6000000000000000,3.0000000000000000,,Positivity,Intellection
EMP100151,Wahyu Permadi,2.4000000000000000,42,III,SMA,1,3,123.0,35,65,DI,INTP,15.0,10,7.0,7.0,9.0,8.0,8.0,2.0,2.0,6.0,9.0,3.0,2.0,9.0,7.0,2.0,9.0,5.0,2.0,3.0,2.0,5.0,2.7500000000000000,1.7500000000000000,2.4000000000000000,2.4000000000000000,3.0000000000000000,2.0000000000000000,2.6000000000000000,2.4000000000000000,2.4000000000000000,2.7500000000000000,Restorative,Includer,Positivity
EMP100152,Satya Siregar,3.4000000000000000,59,V,S1,3,2,93.0,33,67,IC,null,22.0,6,3.0,1.0,4.0,6.0,3.0,2.0,7.0,8.0,null,null,5.0,2.0,5.0,3.0,2.0,7.0,6.0,7.0,4.0,8.0,3.2500000000000000,3.0000000000000000,3.0000000000000000,3.2000000000000000,3.0000000000000000,4.2500000000000000,3.4000000000000000,3.8000000000000000,3.4000000000000000,3.2000000000000000,Consistency,Restorative,
EMP100153,Arif Herlambang,2.6000000000000000,66,III,S2,1,3,null,85,73,CI,ENFJ,31.0,9,6.0,3.0,4.0,7.0,1.0,3.0,2.0,6.0,null,1.0,3.0,1.0,3.0,2.0,3.0,9.0,2.0,8.0,8.0,3.0,2.8000000000000000,3.0000000000000000,2.5000000000000000,2.2000000000000000,2.4000000000000000,3.2500000000000000,2.8000000000000000,2.6000000000000000,3.0000000000000000,2.8000000000000000,Discipline,Significance,Analytical
EMP100154,Kurnia Maulida,2.8000000000000000,39,IV,SMA,2,2,117.0,86,42,ID,ESFP,26.0,10,5.0,5.0,5.0,9.0,5.0,3.0,6.0,2.0,null,null,4.0,7.0,6.0,1.0,8.0,null,7.0,5.0,3.0,9.0,3.2500000000000000,2.4000000000000000,3.0000000000000000,2.4000000000000000,3.0000000000000000,2.8000000000000000,2.8000000000000000,2.5000000000000000,2.7500000000000000,2.4000000000000000,Learner,Consistency,Positivity
EMP100155,Citra Jatmiko Siregar,2.5000000000000000,74,III,SMA,1,3,null,73,57,CD,ENTP,null,4,2.0,4.0,5.0,2.0,9.0,3.0,2.0,null,4.0,8.0,5.0,5.0,6.0,3.0,9.0,3.0,3.0,7.0,2.0,7.0,3.4000000000000000,3.0000000000000000,3.2000000000000000,2.5000000000000000,2.7500000000000000,2.6000000000000000,2.6000000000000000,3.0000000000000000,3.0000000000000000,2.6000000000000000,Intellection,Significance,Empathy
EMP100156,Yoga Anugrah Lestari,2.6000000000000000,66,III,SMA,1,4,80.0,51,58,SI,ESFJ,29.0,7,6.0,6.0,1.0,3.0,6.0,6.0,3.0,7.0,5.0,2.0,9.0,7.0,7.0,5.0,8.0,3.0,9.0,null,1.0,7.0,2.0000000000000000,2.8000000000000000,2.5000000000000000,2.8000000000000000,3.2500000000000000,2.4000000000000000,2.8000000000000000,2.6000000000000000,2.6000000000000000,2.8000000000000000,Communication,Consistency,Ideation
EMP100157,Maya Zulfikar Purnama,3.0000000000000000,15,V,D3,3,1,118.0,34,50,IC,ISTJ,24.0,4,3.0,9.0,7.0,8.0,6.0,3.0,6.0,null,9.0,4.0,5.0,8.0,7.0,3.0,5.0,1.0,9.0,1.0,3.0,9.0,2.7500000000000000,3.0000000000000000,2.5000000000000000,3.2500000000000000,2.7500000000000000,3.0000000000000000,2.3333333333333333,3.0000000000000000,3.0000000000000000,3.2500000000000000,Arranger,Focus,Strategic
EMP100158,Lestari Syahputra,3.6666666666666667,20,V,S1,3,4,137.0,33,64,SD,INTJ,23.0,6,4.0,6.0,5.0,5.0,9.0,null,9.0,2.0,null,8.0,6.0,1.0,1.0,8.0,9.0,4.0,4.0,5.0,6.0,1.0,3.7500000000000000,4.0000000000000000,4.2500000000000000,3.7500000000000000,4.0000000000000000,3.7500000000000000,3.6666666666666667,4.2500000000000000,4.5000000000000000,4.2500000000000000,Positivity,Input,Connectedness
EMP100159,Nabila Mahendra,3.3333333333333333,45,V,D3,3,4,null,94,74,CI,INFJ,29.0,4,6.0,7.0,2.0,4.0,8.0,6.0,1.0,9.0,1.0,2.0,5.0,8.0,6.0,6.0,8.0,4.0,8.0,4.0,5.0,6.0,3.5000000000000000,3.4000000000000000,4.5000000000000000,3.0000000000000000,4.6666666666666667,4.0000000000000000,3.2000000000000000,3.6000000000000000,3.8000000000000000,3.8000000000000000,Achiever,,Consistency
EMP100160,Nugroho Rachman Salsabila,3.6000000000000000,83,IV,SMA,2,1,133.0,70,90,DC,INTP,25.0,4,3.0,2.0,2.0,5.0,6.0,6.0,4.0,5.0,5.0,6.0,4.0,1.0,8.0,5.0,1.0,7.0,9.0,2.0,2.0,5.0,3.4000000000000000,3.6000000000000000,4.0000000000000000,4.2000000000000000,4.0000000000000000,4.0000000000000000,3.6000000000000000,3.2500000000000000,4.2500000000000000,3.5000000000000000,Input,,Responsibility
EMP100161,Wulan Saputra Pratama,1.5000000000000000,78,III,S1,1,6,113.0,42,52,CD,null,20.0,3,3.0,4.0,7.0,8.0,3.0,1.0,1.0,4.0,2.0,1.0,1.0,7.0,1.0,4.0,7.0,7.0,9.0,null,7.0,8.0,2.2000000000000000,1.7500000000000000,2.0000000000000000,2.2000000000000000,2.4000000000000000,2.4000000000000000,2.0000000000000000,1.8000000000000000,2.0000000000000000,2.8000000000000000,Harmony,Communication,Self-Assurance
EMP100162,Eko Adi Permadi,3.0000000000000000,38,IV,SMA,2,5,138.0,43,93,DI,ENTP,22.0,2,6.0,4.0,2.0,3.0,1.0,4.0,null,6.0,3.0,7.0,1.0,2.0,1.0,null,3.0,9.0,6.0,5.0,3.0,7.0,3.4000000000000000,3.2000000000000000,2.8000000000000000,2.6000000000000000,2.6000000000000000,3.0000000000000000,3.2000000000000000,3.6666666666666667,3.6000000000000000,2.6000000000000000,Learner,Strategic,Activator
EMP100163,Oktavia Pramudita Sinaga,3.2500000000000000,74,III,S2,1,2,137.0,57,96,null,ESTP,28.0,10,7.0,2.0,1.0,8.0,8.0,2.0,9.0,8.0,9.0,8.0,8.0,8.0,5.0,6.0,null,8.0,null,6.0,null,null,2.2000000000000000,2.4000000000000000,2.2000000000000000,2.7500000000000000,2.0000000000000000,2.8000000000000000,2.2500000000000000,1.8000000000000000,2.4000000000000000,2.4000000000000000,Connectedness,Includer,Intellection
EMP100164,Wahyu Iqbal Pratomo,3.4000000000000000,81,III,S1,1,2,null,88,41,IS,ENFJ,34.0,9,null,2.0,7.0,4.0,5.0,2.0,7.0,5.0,null,8.0,8.0,5.0,7.0,1.0,8.0,9.0,1.0,null,4.0,7.0,3.0000000000000000,3.6000000000000000,3.4000000000000000,3.7500000000000000,3.4000000000000000,3.5000000000000000,3.7500000000000000,3.4000000000000000,2.8000000000000000,3.2000000000000000,Arranger,Restorative,Developer
EMP100165,Kurnia Nugroho,3.7500000000000000,18,V,S2,3,6,123.0,48,39,CS,ENTP,29.0,5,5.0,5.0,2.0,null,1.0,4.0,4.0,6.0,7.0,4.0,2.0,9.0,2.0,5.0,9.0,6.0,8.0,9.0,5.0,9.0,4.0000000000000000,3.5000000000000000,4.2500000000000000,3.6666666666666667,3.7500000000000000,4.0000000000000000,3.5000000000000000,3.5000000000000000,3.7500000000000000,3.5000000000000000,Significance,Responsibility,Developer
EMP100166,Wahyu Yulianto,3.4000000000000000,34,III,S2,1,4,null,38,31,IC,ISFP,null,10,2.0,6.0,5.0,9.0,2.0,null,7.0,7.0,null,7.0,3.0,1.0,8.0,2.0,6.0,8.0,4.0,9.0,8.0,8.0,3.8000000000000000,3.2000000000000000,3.4000000000000000,3.7500000000000000,3.2000000000000000,3.8000000000000000,3.6000000000000000,3.2000000000000000,3.2000000000000000,3.2000000000000000,,Harmony,Includer
EMP100167,Eko Zulfikar,3.2000000000000000,84,III,S2,1,4,119.0,67,21,CD,ESTP,24.0,1,1.0,8.0,2.0,2.0,1.0,9.0,1.0,1.0,null,5.0,1.0,9.0,3.0,3.0,2.0,2.0,null,3.0,8.0,8.0,3.7500000000000000,3.6000000000000000,3.4000000000000000,3.7500000000000000,2.8000000000000000,3.2000000000000000,3.0000000000000000,3.2500000000000000,2.8000000000000000,3.7500000000000000,Arranger,Context,Analytical
EMP100168,Wahyu Rachman Utami,3.2000000000000000,77,V,S1,3,3,114.0,33,65,CI,ISTJ,34.0,1,4.0,1.0,7.0,7.0,7.0,5.0,null,2.0,2.0,4.0,null,2.0,6.0,9.0,null,4.0,8.0,3.0,5.0,5.0,3.4000000000000000,3.2000000000000000,3.4000000000000000,3.5000000000000000,3.6000000000000000,3.6000000000000000,3.2000000000000000,3.3333333333333333,2.8000000000000000,4.0000000000000000,Relator,Command,Strategic
EMP100169,Intan Permadi,3.5000000000000000,55,IV,S1,2,4,101.0,90,43,CS,ESFP,20.0,3,3.0,3.0,null,8.0,5.0,7.0,4.0,1.0,7.0,1.0,8.0,7.0,5.0,3.0,1.0,7.0,6.0,5.0,1.0,1.0,2.7500000000000000,2.3333333333333333,3.0000000000000000,3.0000000000000000,3.0000000000000000,3.2000000000000000,3.4000000000000000,3.5000000000000000,3.0000000000000000,2.6666666666666667,,Connectedness,Input
EMP100170,Dinda Wijaya Zulfikar,2.8000000000000000,103,III,D3,1,1,null,55,95,CI,INFJ,null,1,7.0,7.0,4.0,2.0,8.0,3.0,9.0,5.0,4.0,5.0,1.0,7.0,5.0,9.0,2.0,2.0,null,8.0,5.0,9.0,2.8000000000000000,2.7500000000000000,3.0000000000000000,2.6000000000000000,2.4000000000000000,3.0000000000000000,2.6000000000000000,2.6000000000000000,2.6000000000000000,3.2000000000000000,Relator,Harmony,Discipline
EMP100171,Nadia Yulianto,3.0000000000000000,44,V,S2,3,2,136.0,91,66,IC,ISFJ,22.0,4,8.0,null,8.0,5.0,7.0,4.0,6.0,5.0,5.0,5.0,4.0,7.0,5.0,1.0,null,1.0,9.0,6.0,2.0,7.0,2.6666666666666667,21.6000000000000000,3.0000000000000000,2.8000000000000000,3.4000000000000000,3.0000000000000000,3.0000000000000000,3.2000000000000000,3.0000000000000000,3.0000000000000000,Belief,Harmony,Strategic
EMP100172,Dinda Ridwan,3.0000000000000000,15,V,S2,3,6,115.0,77,34,CI,ENTP,22.0,10,1.0,9.0,7.0,2.0,1.0,9.0,8.0,2.0,7.0,3.0,7.0,6.0,1.0,9.0,9.0,7.0,9.0,9.0,4.0,8.0,3.3333333333333333,2.7500000000000000,3.5000000000000000,3.0000000000000000,2.7500000000000000,3.2500000000000000,3.0000000000000000,3.0000000000000000,3.2500000000000000,2.7500000000000000,Consistency,Competition,
EMP100173,Ahmad Wijaya,3.2000000000000000,81,V,S2,3,6,null,75,42,ID,INTP,27.0,2,2.0,2.0,1.0,8.0,2.0,5.0,9.0,7.0,3.0,1.0,2.0,8.0,7.0,7.0,7.0,2.0,7.0,3.0,9.0,null,3.0000000000000000,3.2000000000000000,3.0000000000000000,3.0000000000000000,2.8000000000000000,3.7500000000000000,3.4000000000000000,2.6000000000000000,3.6000000000000000,2.7500000000000000,,Woo,Command
EMP100174,Ayunda Nabila Ramadhan,3.0000000000000000,74,IV,S2,2,5,null,70,77,IC,ESFJ,null,4,4.0,8.0,9.0,9.0,2.0,5.0,4.0,2.0,null,3.0,2.0,9.0,5.0,3.0,7.0,6.0,null,5.0,7.0,8.0,3.2000000000000000,3.2500000000000000,3.0000000000000000,3.0000000000000000,3.0000000000000000,3.0000000000000000,2.8000000000000000,3.2000000000000000,3.0000000000000000,2.8000000000000000,Competition,Input,Empathy
EMP100175,Budi Hasibuan,2.7500000000000000,28,III,SMA,1,2,133.0,30,89,IC,ESFJ,25.0,3,4.0,4.0,9.0,4.0,3.0,null,8.0,1.0,null,3.0,6.0,2.0,1.0,6.0,9.0,7.0,2.0,9.0,8.0,3.0,2.7500000000000000,2.7500000000000000,3.4000000000000000,3.7500000000000000,2.8000000000000000,2.7500000000000000,3.2000000000000000,3.7500000000000000,2.6000000000000000,2.7500000000000000,Harmony,Competition,Intellection
EMP100176,Fajar Firmansyah,2.3333333333333333,10,III,D3,1,6,134.0,54,47,SD,ENTP,38.0,6,1.0,5.0,5.0,8.0,9.0,4.0,6.0,9.0,null,3.0,2.0,8.0,1.0,2.0,null,1.0,3.0,1.0,3.0,6.0,2.0000000000000000,2.0000000000000000,2.2500000000000000,1.7500000000000000,2.2500000000000000,2.2500000000000000,2.0000000000000000,2.0000000000000000,3.0000000000000000,2.2500000000000000,,Maximizer,Deliberative
EMP100177,Rama Mahardika Wijaya,3.0000000000000000,19,V,S2,3,5,86.0,57,28,DI,INTJ,28.0,3,8.0,4.0,8.0,6.0,5.0,2.0,9.0,6.0,7.0,6.0,9.0,9.0,9.0,7.0,3.0,4.0,6.0,2.0,null,9.0,3.0000000000000000,3.5000000000000000,3.5000000000000000,3.6666666666666667,3.0000000000000000,3.0000000000000000,3.2500000000000000,3.0000000000000000,3.2500000000000000,3.5000000000000000,Learner,Ideation,Strategic
EMP100178,Nurlita Siregar,2.6000000000000000,56,III,S1,1,4,106.0,73,63,DI,ESFJ,27.0,2,null,4.0,3.0,2.0,7.0,6.0,4.0,2.0,4.0,7.0,5.0,3.0,3.0,8.0,4.0,9.0,9.0,9.0,7.0,4.0,2.6000000000000000,3.0000000000000000,2.7500000000000000,3.0000000000000000,3.6666666666666667,2.4000000000000000,2.7500000000000000,3.0000000000000000,2.2500000000000000,2.4000000000000000,Relator,Discipline,Context
EMP100179,Andi Santoso,3.6000000000000000,41,V,S2,3,5,null,57,94,SD,ESTJ,null,2,9.0,5.0,4.0,1.0,1.0,4.0,8.0,2.0,9.0,3.0,6.0,5.0,6.0,9.0,3.0,5.0,2.0,7.0,1.0,4.0,3.8000000000000000,3.7500000000000000,3.6000000000000000,3.4000000000000000,3.7500000000000000,3.5000000000000000,3.2000000000000000,3.2500000000000000,3.6000000000000000,3.6000000000000000,Woo,Learner,Strategic
EMP100180,Evi Kurniawan,3.2500000000000000,44,III,SMA,1,1,101.0,97,58,CS,INTJ,42.0,10,2.0,2.0,null,2.0,6.0,4.0,9.0,6.0,4.0,4.0,3.0,4.0,3.0,1.0,null,7.0,5.0,7.0,8.0,9.0,3.2000000000000000,3.0000000000000000,3.7500000000000000,2.8000000000000000,3.7500000000000000,3.8000000000000000,3.4000000000000000,2.7500000000000000,3.0000000000000000,3.2000000000000000,Activator,Developer,Relator
EMP100181,Dewi Mahardika Salsabila,3.2000000000000000,63,III,SMA,1,4,null,57,82,DC,ESFJ,null,8,3.0,6.0,2.0,7.0,7.0,8.0,3.0,9.0,6.0,7.0,null,3.0,1.0,4.0,7.0,9.0,3.0,9.0,6.0,2.0,3.4000000000000000,3.0000000000000000,3.6000000000000000,2.6666666666666667,3.2500000000000000,3.4000000000000000,2.8000000000000000,3.2000000000000000,2.8000000000000000,3.6000000000000000,Deliberative,Focus,Belief
EMP100182,Joko Kusuma Maulana,3.2000000000000000,49,III,S1,1,4,null,27,67,CD,ENTP,null,6,9.0,3.0,9.0,null,null,2.0,6.0,6.0,4.0,8.0,1.0,null,1.0,7.0,6.0,5.0,9.0,2.0,8.0,7.0,3.2000000000000000,2.6666666666666667,3.2000000000000000,3.6000000000000000,3.0000000000000000,3.2500000000000000,3.2500000000000000,2.8000000000000000,3.0000000000000000,4.0000000000000000,Strategic,Deliberative,Harmony
EMP100183,Valdo Herlambang,3.5000000000000000,16,V,SMA,3,2,null,29,87,CI,INTP,null,3,9.0,9.0,7.0,6.0,6.0,2.0,1.0,9.0,null,6.0,9.0,5.0,1.0,2.0,8.0,null,3.0,1.0,1.0,3.0,3.2500000000000000,3.2500000000000000,3.2500000000000000,3.0000000000000000,3.5000000000000000,3.0000000000000000,3.6666666666666667,3.3333333333333333,3.5000000000000000,4.0000000000000000,Empathy,Positivity,
EMP100184,Rizka Pamungkas,3.2000000000000000,62,V,S2,3,3,113.0,26,44,CS,ENTJ,26.0,3,null,null,5.0,null,9.0,5.0,8.0,7.0,8.0,7.0,9.0,4.0,8.0,5.0,2.0,4.0,8.0,1.0,7.0,null,3.5000000000000000,2.8000000000000000,3.8000000000000000,3.0000000000000000,2.8000000000000000,3.8000000000000000,3.2500000000000000,3.4000000000000000,3.5000000000000000,3.4000000000000000,Context,,Focus
EMP100185,Yuni Anugrah Subekti,2.0000000000000000,59,IV,S2,2,6,null,31,68,SD,INFJ,28.0,3,3.0,3.0,4.0,9.0,9.0,null,7.0,9.0,5.0,6.0,2.0,6.0,8.0,5.0,6.0,4.0,4.0,5.0,8.0,9.0,25.7500000000000000,2.2000000000000000,2.0000000000000000,2.5000000000000000,1.2500000000000000,2.5000000000000000,2.0000000000000000,2.4000000000000000,1.5000000000000000,1.8000000000000000,Competition,Restorative,Futuristic
EMP100186,Rizki Halim,3.6000000000000000,59,IV,S1,2,3,128.0,34,44,CI,ENTP,37.0,9,9.0,5.0,1.0,4.0,9.0,3.0,5.0,null,3.0,1.0,3.0,9.0,9.0,5.0,8.0,3.0,7.0,6.0,null,1.0,3.2500000000000000,3.7500000000000000,3.5000000000000000,3.6000000000000000,4.0000000000000000,3.7500000000000000,3.2500000000000000,3.4000000000000000,3.5000000000000000,2.5000000000000000,Restorative,Activator,Discipline
EMP100187,Ayu Tamba,3.0000000000000000,39,III,S1,1,6,88.0,72,88,CD,ENFP,23.0,7,8.0,6.0,3.0,null,8.0,4.0,5.0,6.0,3.0,2.0,4.0,7.0,4.0,8.0,5.0,6.0,6.0,8.0,2.0,9.0,3.0000000000000000,2.5000000000000000,3.0000000000000000,3.4000000000000000,3.0000000000000000,2.8000000000000000,3.2000000000000000,2.4000000000000000,2.7500000000000000,2.6000000000000000,Includer,Command,Context
EMP100188,Novi Pramudita Syahputra,3.5000000000000000,7,V,S2,3,1,92.0,90,92,DI,INFP,26.0,4,null,4.0,4.0,4.0,8.0,7.0,7.0,4.0,6.0,3.0,null,8.0,8.0,2.0,7.0,5.0,4.0,4.0,6.0,4.0,3.5000000000000000,3.5000000000000000,3.5000000000000000,3.0000000000000000,3.3333333333333333,4.3333333333333333,3.3333333333333333,4.3333333333333333,3.0000000000000000,3.2500000000000000,Belief,Empathy,Input
EMP100189,Andi Ganesha Hartanto,3.0000000000000000,78,V,SMA,3,1,129.0,22,30,CI,ENFJ,25.0,2,5.0,7.0,4.0,null,2.0,1.0,6.0,2.0,4.0,9.0,4.0,5.0,6.0,null,8.0,5.0,5.0,4.0,2.0,2.0,3.2000000000000000,3.0000000000000000,2.8000000000000000,3.2500000000000000,3.2500000000000000,3.0000000000000000,2.0000000000000000,2.8000000000000000,3.0000000000000000,3.0000000000000000,Includer,Belief,Intellection
EMP100190,Kartika Santoso,2.8000000000000000,45,III,S2,1,5,112.0,88,99,ID,INFP,19.0,5,7.0,null,5.0,3.0,null,8.0,7.0,null,7.0,3.0,9.0,1.0,3.0,6.0,7.0,5.0,2.0,7.0,3.0,null,2.4000000000000000,2.8000000000000000,3.5000000000000000,2.8000000000000000,3.2000000000000000,2.2500000000000000,2.0000000000000000,3.2000000000000000,2.4000000000000000,2.6000000000000000,Deliberative,Consistency,Empathy
EMP100191,Cahyo Wijaya,2.2000000000000000,61,III,S1,1,5,138.0,45,44,SC,ENFJ,18.0,6,8.0,7.0,7.0,1.0,4.0,null,3.0,4.0,7.0,1.0,5.0,6.0,8.0,2.0,2.0,1.0,4.0,2.0,null,5.0,1.8000000000000000,2.4000000000000000,2.0000000000000000,1.8000000000000000,2.2000000000000000,2.2000000000000000,2.5000000000000000,1.8000000000000000,2.0000000000000000,2.2000000000000000,Futuristic,Deliberative,Ideation
EMP100192,Yoga Handayani,2.0000000000000000,86,IV,S2,2,5,111.0,70,35,SI,INTP,34.0,2,4.0,9.0,6.0,8.0,8.0,8.0,3.0,6.0,8.0,1.0,4.0,9.0,4.0,9.0,2.0,6.0,3.0,9.0,7.0,9.0,2.0000000000000000,2.7500000000000000,2.0000000000000000,2.6000000000000000,1.7500000000000000,2.2500000000000000,2.4000000000000000,2.6000000000000000,2.0000000000000000,2.5000000000000000,Input,,Deliberative
EMP100193,Kurnia Anugrah Kurniawan,3.0000000000000000,38,III,SMA,1,5,134.0,26,39,DI,INFJ,30.0,10,1.0,3.0,3.0,8.0,8.0,7.0,null,7.0,3.0,6.0,9.0,4.0,7.0,null,8.0,5.0,2.0,2.0,3.0,2.0,3.6000000000000000,3.4000000000000000,3.2500000000000000,3.0000000000000000,3.2000000000000000,3.2000000000000000,3.0000000000000000,3.2500000000000000,3.4000000000000000,22.4000000000000000,Individualization,Arranger,Input
EMP100194,Arif Hasibuan,2.2000000000000000,41,IV,D3,2,1,109.0,58,59,CD,ISFP,34.0,9,9.0,3.0,9.0,null,2.0,8.0,2.0,8.0,3.0,null,3.0,6.0,1.0,6.0,2.0,null,3.0,5.0,1.0,2.0,2.2500000000000000,2.8000000000000000,2.6000000000000000,2.2500000000000000,2.8000000000000000,3.2500000000000000,2.8000000000000000,3.0000000000000000,2.6000000000000000,2.8000000000000000,Ideation,Belief,Focus
EMP100195,Fitri Purnama,3.0000000000000000,29,IV,SMA,2,3,124.0,72,27,IC,ENFJ,31.0,8,6.0,1.0,9.0,9.0,4.0,null,1.0,5.0,2.0,4.0,8.0,1.0,2.0,7.0,3.0,3.0,8.0,9.0,8.0,8.0,3.2000000000000000,3.0000000000000000,2.6000000000000000,3.2000000000000000,3.2500000000000000,2.6000000000000000,2.0000000000000000,1.6666666666666667,2.8000000000000000,3.2000000000000000,Command,Includer,Learner
EMP100196,Kurnia Situmorang,2.4000000000000000,34,V,SMA,3,2,null,98,73,DS,ISFJ,null,3,8.0,6.0,5.0,5.0,null,7.0,9.0,1.0,6.0,6.0,4.0,null,2.0,9.0,6.0,4.0,1.0,3.0,6.0,4.0,2.8000000000000000,2.2000000000000000,2.4000000000000000,2.4000000000000000,2.8000000000000000,1.8000000000000000,2.2000000000000000,2.2000000000000000,2.4000000000000000,3.0000000000000000,Empathy,Intellection,Responsibility
EMP100197,Fitri Santoso,3.0000000000000000,15,V,D3,3,4,83.0,51,52,CI,INFJ,27.0,1,3.0,2.0,6.0,9.0,8.0,4.0,8.0,1.0,1.0,4.0,7.0,3.0,8.0,3.0,2.0,6.0,4.0,2.0,5.0,7.0,3.0000000000000000,3.0000000000000000,4.0000000000000000,3.0000000000000000,3.0000000000000000,2.5000000000000000,2.7500000000000000,3.0000000000000000,3.0000000000000000,27.0000000000000000,Connectedness,Includer,Discipline
EMP100198,Citra Baskara Suharto,3.0000000000000000,66,IV,D3,2,1,87.0,20,30,SD,ESTJ,20.0,9,null,2.0,5.0,1.0,9.0,7.0,4.0,null,5.0,9.0,7.0,4.0,8.0,5.0,1.0,4.0,8.0,null,1.0,5.0,3.7500000000000000,3.5000000000000000,3.7500000000000000,3.4000000000000000,3.4000000000000000,3.4000000000000000,22.2000000000000000,4.0000000000000000,3.0000000000000000,3.6000000000000000,Arranger,Competition,Developer
EMP100199,Valdo Zulfikar Halim,3.5000000000000000,70,IV,S2,2,1,97.0,99,23,CI,null,24.0,9,9.0,1.0,4.0,1.0,3.0,null,7.0,7.0,null,null,6.0,3.0,9.0,8.0,9.0,6.0,8.0,7.0,3.0,9.0,3.4000000000000000,2.8000000000000000,3.4000000000000000,3.0000000000000000,3.2000000000000000,3.2500000000000000,4.0000000000000000,3.6000000000000000,4.0000000000000000,3.0000000000000000,Analytical,Maximizer,Consistency
EMP100200,Lestari Pratomo,3.2000000000000000,46,IV,S1,2,5,102.0,24,99,CI,ISTJ,25.0,7,5.0,1.0,6.0,8.0,2.0,2.0,4.0,5.0,1.0,6.0,3.0,7.0,7.0,9.0,6.0,3.0,8.0,6.0,9.0,5.0,2.7500000000000000,3.6666666666666667,3.0000000000000000,3.2000000000000000,3.4000000000000000,3.2500000000000000,3.6000000000000000,3.6000000000000000,3.6000000000000000,3.2000000000000000,Competition,Context,Focus
EMP100201,Gita Ganesha Santoso,3.0000000000000000,29,V,S1,3,1,101.0,39,98,DC,ISFJ,31.0,9,3.0,9.0,1.0,3.0,6.0,8.0,2.0,9.0,null,2.0,9.0,1.0,7.0,6.0,4.0,6.0,9.0,1.0,6.0,6.0,3.4000000000000000,3.0000000000000000,3.2000000000000000,3.2000000000000000,3.2000000000000000,3.3333333333333333,3.4000000000000000,3.4000000000000000,4.2500000000000000,3.5000000000000000,,Self-Assurance,Arranger
EMP100202,Rizky Anugrah Suharto,3.2000000000000000,26,III,D3,1,4,111.0,64,24,SI,ENFP,21.0,2,5.0,7.0,9.0,1.0,5.0,null,2.0,2.0,null,5.0,8.0,null,8.0,1.0,9.0,8.0,5.0,5.0,6.0,2.0,3.2000000000000000,2.4000000000000000,3.0000000000000000,3.2500000000000000,3.2500000000000000,3.0000000000000000,3.0000000000000000,2.8000000000000000,2.5000000000000000,3.0000000000000000,Adaptability,Empathy,Self-Assurance
EMP100203,Teguh Kusuma Siregar,3.2000000000000000,46,III,D3,1,1,92.0,72,74,CD,ESFP,29.0,2,3.0,3.0,8.0,2.0,7.0,8.0,4.0,1.0,3.0,3.0,8.0,2.0,9.0,3.0,3.0,8.0,9.0,null,4.0,4.0,2.8000000000000000,3.4000000000000000,2.7500000000000000,3.4000000000000000,3.2000000000000000,3.0000000000000000,3.2000000000000000,3.6000000000000000,3.0000000000000000,3.5000000000000000,Belief,Intellection,
EMP100204,Utami Candra Ginting,3.6000000000000000,75,III,S1,1,4,null,59,84,CI,ISFJ,null,6,2.0,7.0,8.0,1.0,6.0,9.0,3.0,6.0,8.0,6.0,5.0,9.0,2.0,5.0,6.0,7.0,2.0,7.0,5.0,null,3.6666666666666667,3.6000000000000000,3.2000000000000000,22.6000000000000000,3.8000000000000000,3.8000000000000000,3.0000000000000000,3.6000000000000000,3.8000000000000000,4.0000000000000000,Consistency,Focus,Context
EMP100205,Vania Adi Nugroho,3.3333333333333333,12,V,S1,3,3,139.0,61,36,CS,INFJ,28.0,5,9.0,4.0,null,null,1.0,1.0,8.0,3.0,2.0,7.0,4.0,6.0,4.0,9.0,7.0,1.0,7.0,9.0,5.0,2.0,4.3333333333333333,3.5000000000000000,3.5000000000000000,2.6666666666666667,3.7500000000000000,3.7500000000000000,3.2500000000000000,3.6666666666666667,3.0000000000000000,3.2500000000000000,Activator,Intellection,Futuristic
EMP100206,Sari Pratomo,2.8000000000000000,38,V,D3,3,4,115.0,24,40,IS,INTJ,33.0,6,9.0,1.0,1.0,9.0,7.0,8.0,5.0,5.0,3.0,1.0,4.0,null,2.0,5.0,9.0,7.0,8.0,8.0,2.0,null,2.6000000000000000,3.0000000000000000,3.0000000000000000,2.8000000000000000,2.6666666666666667,2.5000000000000000,3.5000000000000000,3.3333333333333333,2.8000000000000000,3.3333333333333333,Consistency,Responsibility,Self-Assurance
EMP100207,Lestari Qolbi Setiawan,3.0000000000000000,54,IV,D3,2,1,91.0,62,95,null,ESTJ,26.0,7,4.0,6.0,8.0,null,6.0,3.0,9.0,2.0,9.0,8.0,7.0,5.0,1.0,8.0,null,3.0,9.0,3.0,1.0,5.0,2.6000000000000000,2.6000000000000000,3.2500000000000000,3.7500000000000000,2.2500000000000000,2.6000000000000000,2.6000000000000000,2.4000000000000000,2.7500000000000000,2.7500000000000000,Developer,,Learner
EMP100208,Hadi Tri Maulida,3.0000000000000000,79,IV,D3,2,1,89.0,92,48,DI,ESFP,33.0,2,5.0,7.0,9.0,6.0,1.0,9.0,4.0,9.0,5.0,3.0,4.0,7.0,3.0,6.0,9.0,9.0,5.0,6.0,8.0,7.0,4.0000000000000000,3.4000000000000000,3.4000000000000000,3.7500000000000000,3.6000000000000000,3.8000000000000000,3.4000000000000000,3.5000000000000000,3.2000000000000000,3.6000000000000000,,Harmony,Input
EMP100209,Nugroho Pamungkas,3.4000000000000000,45,III,SMA,1,6,126.0,29,34,IS,ESTJ,21.0,6,null,6.0,3.0,6.0,5.0,4.0,7.0,3.0,1.0,5.0,9.0,8.0,4.0,3.0,4.0,3.0,2.0,9.0,5.0,5.0,3.3333333333333333,4.0000000000000000,3.2000000000000000,3.2000000000000000,3.4000000000000000,3.2000000000000000,3.4000000000000000,3.6000000000000000,3.6000000000000000,3.6000000000000000,Maximizer,Adaptability,Responsibility
EMP100210,Zaki Jatmiko Sinaga,3.2000000000000000,56,IV,SMA,2,4,null,32,73,ID,ISTJ,null,7,5.0,5.0,3.0,9.0,3.0,6.0,4.0,3.0,7.0,3.0,2.0,7.0,4.0,3.0,5.0,4.0,4.0,7.0,null,4.0,3.5000000000000000,2.8000000000000000,3.5000000000000000,3.5000000000000000,3.5000000000000000,3.2000000000000000,3.2000000000000000,3.2000000000000000,3.4000000000000000,3.6000000000000000,Empathy,Arranger,Analytical
EMP100211,Dian Tri Pratomo,2.2500000000000000,38,III,SMA,1,1,135.0,27,69,DC,INTJ,30.0,2,2.0,1.0,2.0,9.0,4.0,9.0,9.0,7.0,null,4.0,null,5.0,7.0,null,1.0,8.0,1.0,6.0,null,4.0,3.0000000000000000,2.2000000000000000,2.4000000000000000,3.3333333333333333,2.2000000000000000,2.0000000000000000,2.8000000000000000,2.2000000000000000,2.4000000000000000,2.2500000000000000,Arranger,Restorative,Responsibility
EMP100212,Galih Kurniawan,3.2500000000000000,14,V,S2,3,5,92.0,91,31,ID,INTP,31.0,8,7.0,8.0,4.0,6.0,1.0,8.0,4.0,5.0,1.0,3.0,2.0,null,2.0,5.0,6.0,null,7.0,2.0,4.0,6.0,3.7500000000000000,3.2500000000000000,3.0000000000000000,3.0000000000000000,3.0000000000000000,3.0000000000000000,3.2500000000000000,3.2500000000000000,3.2500000000000000,3.2500000000000000,Communication,,Discipline
EMP100213,Rizky Permadi,2.2000000000000000,59,V,S2,3,4,94.0,41,36,DS,ENTJ,32.0,4,null,6.0,6.0,8.0,1.0,2.0,5.0,4.0,7.0,2.0,3.0,7.0,3.0,6.0,5.0,3.0,9.0,8.0,null,5.0,2.0000000000000000,2.7500000000000000,2.6666666666666667,2.8000000000000000,1.6000000000000000,2.2000000000000000,2.6000000000000000,2.4000000000000000,2.4000000000000000,2.2000000000000000,Input,Empathy,Consistency
EMP100214,Oktavia Subekti,2.5000000000000000,16,V,S1,3,5,null,43,99,CD,INTP,null,4,2.0,6.0,5.0,9.0,6.0,3.0,6.0,null,6.0,8.0,7.0,7.0,5.0,9.0,1.0,2.0,1.0,7.0,7.0,9.0,2.5000000000000000,3.2500000000000000,2.2500000000000000,2.5000000000000000,2.0000000000000000,2.7500000000000000,3.0000000000000000,2.5000000000000000,2.0000000000000000,1.7500000000000000,Significance,Empathy,Harmony
EMP100215,Valdo Wijaya,3.0000000000000000,97,III,S2,1,1,105.0,64,79,CS,ENFP,20.0,7,9.0,2.0,1.0,7.0,1.0,2.0,9.0,5.0,9.0,3.0,5.0,null,null,5.0,2.0,5.0,5.0,2.0,5.0,5.0,3.2500000000000000,2.4000000000000000,3.4000000000000000,3.0000000000000000,3.4000000000000000,3.2500000000000000,3.0000000000000000,2.6000000000000000,2.5000000000000000,3.0000000000000000,Achiever,Individualization,Developer
EMP100216,Sari Ananda,2.7500000000000000,10,IV,SMA,2,5,111.0,85,20,DC,INFP,25.0,5,3.0,8.0,6.0,6.0,8.0,5.0,6.0,7.0,6.0,9.0,null,2.0,6.0,1.0,5.0,3.0,7.0,1.0,1.0,3.0,2.7500000000000000,2.7500000000000000,3.0000000000000000,3.0000000000000000,3.0000000000000000,2.5000000000000000,3.0000000000000000,2.7500000000000000,3.0000000000000000,3.0000000000000000,Relator,Empathy,Connectedness
EMP100217,Luthfi Purnama,2.5000000000000000,35,III,D3,1,1,null,66,88,SC,INTP,32.0,1,5.0,6.0,7.0,7.0,5.0,8.0,6.0,4.0,2.0,7.0,2.0,3.0,null,8.0,2.0,7.0,8.0,7.0,3.0,9.0,2.8000000000000000,3.7500000000000000,3.0000000000000000,3.4000000000000000,3.2500000000000000,2.6000000000000000,3.2500000000000000,2.2500000000000000,2.6666666666666667,3.2000000000000000,Woo,Developer,Context
EMP100218,Ayu Lukman,3.2000000000000000,35,IV,S2,2,2,95.0,59,98,ID,ESTP,27.0,1,1.0,9.0,7.0,8.0,6.0,1.0,3.0,9.0,null,9.0,3.0,null,9.0,6.0,1.0,4.0,5.0,2.0,3.0,7.0,3.2000000000000000,2.7500000000000000,3.7500000000000000,4.0000000000000000,2.5000000000000000,3.0000000000000000,3.7500000000000000,2.8000000000000000,3.0000000000000000,3.3333333333333333,Positivity,Includer,Intellection
EMP100219,Julia Kusuma Santoso,3.3333333333333333,14,IV,D3,2,5,106.0,69,52,ID,ENTJ,39.0,2,1.0,8.0,3.0,9.0,9.0,null,7.0,null,8.0,null,6.0,2.0,3.0,2.0,null,3.0,3.0,6.0,3.0,2.0,3.5000000000000000,22.2000000000000000,3.5000000000000000,4.0000000000000000,3.2500000000000000,3.2500000000000000,3.2500000000000000,3.7500000000000000,2.6666666666666667,4.0000000000000000,Focus,Woo,Discipline
EMP100220,Rizka Adi Setiawan,3.6000000000000000,63,III,SMA,1,6,84.0,56,76,SI,INTP,18.0,1,5.0,2.0,8.0,2.0,5.0,2.0,3.0,5.0,null,1.0,2.0,7.0,3.0,7.0,4.0,8.0,5.0,7.0,3.0,5.0,4.0000000000000000,4.0000000000000000,3.8000000000000000,23.0000000000000000,2.6000000000000000,3.2000000000000000,3.0000000000000000,3.4000000000000000,3.7500000000000000,3.7500000000000000,Woo,Competition,Ideation
EMP100221,Dimas Qolbi Maulana,2.5000000000000000,3,III,D3,1,2,119.0,61,50,SI,ESFJ,33.0,5,6.0,null,null,6.0,1.0,3.0,2.0,1.0,3.0,8.0,7.0,2.0,7.0,7.0,8.0,4.0,9.0,9.0,3.0,5.0,2.7500000000000000,2.0000000000000000,3.0000000000000000,34.6666666666666667,2.5000000000000000,2.5000000000000000,2.7500000000000000,2.5000000000000000,2.2500000000000000,3.0000000000000000,Consistency,Input,Discipline
EMP100222,Luthfi Wijaya,3.2000000000000000,88,IV,S2,2,1,88.0,30,93,CD,INTJ,28.0,4,9.0,2.0,6.0,9.0,6.0,2.0,5.0,6.0,null,7.0,8.0,4.0,7.0,3.0,8.0,null,4.0,5.0,1.0,2.0,3.0000000000000000,3.4000000000000000,3.5000000000000000,3.5000000000000000,3.6000000000000000,3.6000000000000000,3.5000000000000000,3.2000000000000000,3.4000000000000000,3.2000000000000000,Strategic,Ideation,Consistency
EMP100223,Utami Mahardika Rohman,2.5000000000000000,2,V,SMA,3,2,96.0,61,96,IS,ENFP,23.0,8,5.0,6.0,null,6.0,9.0,4.0,6.0,7.0,9.0,1.0,8.0,5.0,9.0,1.0,5.0,7.0,4.0,null,5.0,1.0,2.2500000000000000,2.7500000000000000,2.7500000000000000,2.7500000000000000,2.7500000000000000,2.5000000000000000,3.0000000000000000,3.0000000000000000,2.6666666666666667,2.3333333333333333,Harmony,Includer,Relator
EMP100224,Rafa Maulida,4.0000000000000000,75,V,D3,3,4,114.0,79,67,CD,ENFJ,22.0,8,1.0,6.0,4.0,5.0,8.0,9.0,4.0,null,7.0,4.0,6.0,1.0,2.0,1.0,4.0,2.0,null,9.0,2.0,4.0,4.0000000000000000,4.0000000000000000,4.2000000000000000,4.0000000000000000,4.2500000000000000,3.8000000000000000,4.0000000000000000,4.2000000000000000,4.2000000000000000,4.0000000000000000,Empathy,Achiever,Strategic
EMP100225,Fajar Purnama,2.0000000000000000,48,V,S2,3,6,123.0,38,28,SI,null,31.0,4,9.0,2.0,2.0,4.0,null,6.0,4.0,5.0,5.0,3.0,9.0,5.0,2.0,null,8.0,null,null,2.0,7.0,2.0,2.2000000000000000,3.0000000000000000,2.4000000000000000,2.8000000000000000,2.3333333333333333,2.6000000000000000,2.4000000000000000,2.4000000000000000,2.6000000000000000,2.0000000000000000,Intellection,Relator,Deliberative
EMP100226,Nabila Simanjuntak,2.5000000000000000,11,III,S1,1,4,124.0,76,73,CS,ENTP,30.0,8,7.0,4.0,1.0,6.0,4.0,9.0,9.0,6.0,8.0,8.0,3.0,null,3.0,5.0,4.0,9.0,null,null,2.0,7.0,2.5000000000000000,2.7500000000000000,2.5000000000000000,2.5000000000000000,2.2500000000000000,1.7500000000000000,3.0000000000000000,3.0000000000000000,2.7500000000000000,3.0000000000000000,Significance,Arranger,
EMP100227,Wulan Suharto,2.7500000000000000,61,IV,S1,2,1,102.0,39,89,DS,ISTJ,24.0,4,5.0,null,null,null,6.0,3.0,2.0,3.0,1.0,5.0,9.0,5.0,7.0,7.0,2.0,9.0,8.0,3.0,null,1.0,2.8000000000000000,3.0000000000000000,2.6000000000000000,2.8000000000000000,3.0000000000000000,2.6000000000000000,2.8000000000000000,2.6000000000000000,3.0000000000000000,2.2500000000000000,Command,Focus,Includer
EMP100228,Satya Candra Handayani,2.8000000000000000,53,IV,S1,2,2,116.0,97,46,ID,ISFJ,29.0,6,7.0,5.0,9.0,2.0,null,3.0,1.0,4.0,5.0,2.0,4.0,9.0,5.0,5.0,3.0,2.0,6.0,7.0,7.0,2.0,2.6000000000000000,3.0000000000000000,2.4000000000000000,3.0000000000000000,3.2000000000000000,3.0000000000000000,3.6666666666666667,2.7500000000000000,2.0000000000000000,3.0000000000000000,,,Focus
EMP100229,Rizki Putra,3.6666666666666667,22,V,S2,3,6,103.0,69,55,CI,ISFP,12.0,8,7.0,6.0,null,null,null,6.0,1.0,4.0,3.0,5.0,7.0,1.0,8.0,4.0,3.0,2.0,5.0,7.0,1.0,3.0,3.6666666666666667,4.0000000000000000,4.0000000000000000,3.7500000000000000,4.2500000000000000,4.0000000000000000,3.7500000000000000,4.0000000000000000,3.7500000000000000,4.0000000000000000,Belief,Includer,Self-Assurance
EMP100230,Eko Indrawan,2.4000000000000000,91,IV,S1,2,1,90.0,30,63,IC,ESFP,18.0,7,3.0,5.0,null,7.0,2.0,3.0,6.0,9.0,6.0,6.0,6.0,4.0,1.0,8.0,8.0,6.0,7.0,3.0,7.0,2.0,2.6000000000000000,2.2000000000000000,2.4000000000000000,2.2000000000000000,2.4000000000000000,2.4000000000000000,2.5000000000000000,2.8000000000000000,2.6000000000000000,2.0000000000000000,Context,Discipline,Includer
EMP100231,Satya Halim Hidayat,4.0000000000000000,17,IV,S1,2,1,139.0,60,70,SI,ENFP,23.0,6,1.0,8.0,7.0,9.0,9.0,5.0,3.0,3.0,2.0,9.0,3.0,1.0,5.0,3.0,4.0,2.0,2.0,2.0,4.0,8.0,3.7500000000000000,4.2500000000000000,3.7500000000000000,3.7500000000000000,3.6666666666666667,4.5000000000000000,2.5000000000000000,4.5000000000000000,4.0000000000000000,4.0000000000000000,Positivity,Individualization,Activator
EMP100232,Zaki Ridwan,4.0000000000000000,65,V,S2,3,1,null,59,75,IC,ESTJ,null,9,8.0,null,null,8.0,2.0,7.0,7.0,4.0,1.0,8.0,null,5.0,6.0,2.0,null,3.0,9.0,7.0,5.0,7.0,4.4000000000000000,4.2000000000000000,3.8000000000000000,4.0000000000000000,4.5000000000000000,4.2000000000000000,23.2000000000000000,5.0000000000000000,4.5000000000000000,3.2000000000000000,Connectedness,Futuristic,Deliberative
EMP100233,Utami Iqbal Gunawan,3.6000000000000000,66,IV,SMA,2,6,125.0,81,41,null,ENFP,31.0,5,6.0,3.0,6.0,1.0,4.0,4.0,null,1.0,8.0,6.0,5.0,9.0,7.0,3.0,3.0,7.0,9.0,3.0,1.0,6.0,3.4000000000000000,3.0000000000000000,3.2000000000000000,4.2000000000000000,3.6000000000000000,3.5000000000000000,3.6000000000000000,3.6000000000000000,4.0000000000000000,3.2000000000000000,Deliberative,Significance,Arranger
EMP100234,Galih Jatmiko Maulana,4.0000000000000000,19,IV,SMA,2,6,117.0,76,87,IC,ENTJ,31.0,3,6.0,4.0,2.0,1.0,8.0,7.0,3.0,9.0,8.0,3.0,null,4.0,5.0,8.0,2.0,7.0,null,9.0,8.0,3.0,4.0000000000000000,4.5000000000000000,3.5000000000000000,4.0000000000000000,4.2500000000000000,4.0000000000000000,4.2500000000000000,4.0000000000000000,4.0000000000000000,4.2500000000000000,Connectedness,Strategic,Analytical
EMP100235,Bayu Maulida,3.4000000000000000,36,IV,S2,2,6,88.0,24,57,CI,ESFP,24.0,5,5.0,1.0,7.0,7.0,4.0,8.0,8.0,8.0,2.0,null,8.0,1.0,5.0,8.0,1.0,4.0,1.0,4.0,9.0,3.0,3.7500000000000000,3.0000000000000000,2.7500000000000000,3.0000000000000000,3.2500000000000000,3.8000000000000000,4.0000000000000000,3.5000000000000000,3.6000000000000000,3.2000000000000000,Achiever,Activator,Restorative
EMP100236,Teguh Santoso,4.0000000000000000,20,III,S2,1,4,116.0,58,84,IS,ISFP,31.0,2,8.0,2.0,6.0,5.0,1.0,2.0,3.0,5.0,3.0,1.0,1.0,4.0,7.0,2.0,1.0,null,null,4.0,1.0,7.0,4.2500000000000000,4.0000000000000000,3.6666666666666667,4.0000000000000000,4.0000000000000000,4.0000000000000000,4.0000000000000000,4.0000000000000000,4.0000000000000000,4.0000000000000000,Discipline,Arranger,Consistency
EMP100237,Sari Halim Siregar,2.0000000000000000,36,V,S2,3,2,140.0,54,80,CS,ESFJ,34.0,1,9.0,6.0,2.0,8.0,4.0,4.0,7.0,8.0,6.0,9.0,4.0,1.0,1.0,1.0,2.0,6.0,8.0,3.0,7.0,9.0,2.8000000000000000,2.7500000000000000,2.4000000000000000,2.6000000000000000,2.6000000000000000,3.0000000000000000,2.2000000000000000,2.7500000000000000,2.4000000000000000,2.6000000000000000,Harmony,,Woo
EMP100238,Dewi Siregar,2.6000000000000000,98,III,S2,1,1,null,63,20,DI,ESFJ,null,5,2.0,1.0,7.0,8.0,7.0,4.0,3.0,1.0,8.0,3.0,6.0,8.0,null,6.0,3.0,3.0,1.0,2.0,6.0,3.0,2.6000000000000000,2.6000000000000000,2.2500000000000000,3.2000000000000000,2.3333333333333333,2.6000000000000000,2.8000000000000000,3.0000000000000000,3.0000000000000000,2.7500000000000000,Developer,Intellection,Futuristic
EMP100239,Dimas Sinaga,2.6666666666666667,16,IV,S2,2,1,null,47,41,CS,ISFP,null,3,8.0,5.0,9.0,3.0,4.0,null,5.0,9.0,3.0,5.0,4.0,8.0,5.0,2.0,7.0,5.0,8.0,6.0,5.0,null,2.7500000000000000,3.0000000000000000,2.0000000000000000,3.0000000000000000,3.0000000000000000,2.2500000000000000,3.2500000000000000,3.0000000000000000,3.0000000000000000,2.3333333333333333,Communication,Strategic,Individualization
EMP100240,Oktavia Hartanto,3.5000000000000000,19,III,S2,1,1,84.0,26,35,SI,ENFP,28.0,1,6.0,4.0,8.0,6.0,7.0,6.0,7.0,3.0,2.0,4.0,9.0,4.0,5.0,3.0,null,7.0,2.0,4.0,null,4.0,3.3333333333333333,3.3333333333333333,3.0000000000000000,4.0000000000000000,3.2500000000000000,4.3333333333333333,3.5000000000000000,3.5000000000000000,3.7500000000000000,3.7500000000000000,Belief,Intellection,Focus
EMP100241,Sari Saputra Lukman,3.8000000000000000,81,IV,D3,2,6,null,98,89,null,ISTJ,null,8,2.0,1.0,4.0,8.0,8.0,2.0,4.0,3.0,1.0,5.0,3.0,5.0,5.0,9.0,5.0,8.0,2.0,8.0,7.0,5.0,3.5000000000000000,3.6666666666666667,3.6666666666666667,3.4000000000000000,3.5000000000000000,3.4000000000000000,4.0000000000000000,4.0000000000000000,3.8000000000000000,3.8000000000000000,Consistency,Analytical,Responsibility
EMP100242,Rifqi Pamungkas,3.6000000000000000,52,IV,S1,2,2,93.0,46,97,CS,ESFP,24.0,2,5.0,9.0,9.0,9.0,9.0,6.0,2.0,5.0,null,6.0,4.0,5.0,9.0,null,1.0,6.0,6.0,4.0,1.0,4.0,3.0000000000000000,3.5000000000000000,3.2500000000000000,4.0000000000000000,4.0000000000000000,3.4000000000000000,3.6000000000000000,3.2500000000000000,3.2500000000000000,4.2000000000000000,Significance,Input,Learner
EMP100243,Sari Yudhistira Setiawan,3.2000000000000000,40,III,SMA,1,2,116.0,30,50,SI,ISFP,34.0,5,1.0,null,4.0,6.0,1.0,6.0,5.0,6.0,1.0,5.0,6.0,2.0,3.0,3.0,9.0,6.0,1.0,8.0,8.0,3.0,3.2000000000000000,3.5000000000000000,3.2000000000000000,3.5000000000000000,3.8000000000000000,3.0000000000000000,3.0000000000000000,2.8000000000000000,2.6000000000000000,3.2000000000000000,,Restorative,Maximizer
EMP100244,Zaki Suharto,3.0000000000000000,85,IV,S2,2,3,128.0,84,47,DC,INTJ,36.0,1,5.0,9.0,3.0,3.0,6.0,7.0,6.0,2.0,8.0,8.0,1.0,8.0,6.0,5.0,null,5.0,3.0,6.0,3.0,9.0,3.0000000000000000,3.0000000000000000,3.4000000000000000,3.4000000000000000,3.3333333333333333,4.6666666666666667,3.0000000000000000,3.2500000000000000,3.2000000000000000,3.2000000000000000,Communication,Ideation,Strategic
EMP100245,Budi Kurniawan,3.6000000000000000,79,IV,S1,2,3,null,63,98,null,ISTJ,null,9,null,6.0,6.0,5.0,null,null,null,1.0,5.0,3.0,3.0,7.0,null,7.0,2.0,7.0,9.0,9.0,7.0,5.0,3.7500000000000000,3.4000000000000000,3.2000000000000000,3.2000000000000000,3.3333333333333333,3.2000000000000000,3.4000000000000000,3.8000000000000000,3.2500000000000000,3.4000000000000000,Competition,Focus,Adaptability
EMP100246,Rizky Subekti,3.4000000000000000,28,III,S1,1,3,82.0,38,61,CS,ESTJ,24.0,7,5.0,2.0,6.0,8.0,8.0,7.0,6.0,8.0,5.0,3.0,5.0,3.0,5.0,7.0,4.0,null,null,8.0,1.0,3.0,3.6000000000000000,3.4000000000000000,3.0000000000000000,3.6000000000000000,3.2500000000000000,3.2000000000000000,2.6000000000000000,3.7500000000000000,3.6666666666666667,3.7500000000000000,Harmony,Achiever,Consistency
EMP100247,Hadi Ganesha Wijaya,2.2500000000000000,59,V,D3,3,1,85.0,82,58,IC,ENFJ,21.0,8,7.0,null,4.0,9.0,8.0,4.0,2.0,5.0,5.0,2.0,8.0,1.0,6.0,7.0,7.0,4.0,3.0,4.0,3.0,2.0,2.8000000000000000,2.2000000000000000,2.2000000000000000,2.2500000000000000,2.8000000000000000,2.6000000000000000,2.5000000000000000,2.2000000000000000,3.2000000000000000,2.5000000000000000,Futuristic,Communication,Achiever
EMP100248,Ahmad Erlangga Siregar,3.5000000000000000,7,IV,S2,2,1,102.0,54,20,SI,null,34.0,3,5.0,7.0,4.0,3.0,4.0,4.0,null,4.0,1.0,null,4.0,1.0,8.0,3.0,5.0,null,1.0,3.0,5.0,5.0,3.5000000000000000,3.2500000000000000,3.2500000000000000,3.7500000000000000,3.0000000000000000,3.7500000000000000,3.2500000000000000,3.2500000000000000,3.5000000000000000,3.0000000000000000,Significance,Ideation,Discipline
EMP100249,Evi Ridwan,3.6000000000000000,82,III,D3,1,2,86.0,36,42,SI,ISFJ,29.0,6,null,6.0,3.0,6.0,6.0,2.0,null,3.0,3.0,6.0,5.0,6.0,2.0,5.0,7.0,5.0,9.0,9.0,5.0,null,3.4000000000000000,3.8000000000000000,3.6000000000000000,3.4000000000000000,3.4000000000000000,3.8000000000000000,3.7500000000000000,22.4000000000000000,3.8000000000000000,4.2000000000000000,Individualization,Achiever,Futuristic
EMP100250,Arif Mahardika Kusuma,3.0000000000000000,56,V,SMA,3,1,89.0,33,50,DI,ENFP,28.0,1,8.0,8.0,6.0,2.0,3.0,3.0,6.0,3.0,null,3.0,9.0,6.0,4.0,2.0,6.0,1.0,7.0,2.0,3.0,5.0,3.4000000000000000,2.8000000000000000,3.5000000000000000,3.0000000000000000,3.0000000000000000,2.5000000000000000,3.4000000000000000,3.0000000000000000,2.6000000000000000,4.0000000000000000,,Connectedness,Focus
EMP100251,Vania Halim Santoso,2.4000000000000000,25,IV,S1,2,3,121.0,64,20,SC,ISTP,25.0,7,5.0,9.0,7.0,8.0,1.0,7.0,2.0,9.0,9.0,9.0,5.0,6.0,4.0,null,4.0,2.0,9.0,6.0,7.0,2.0,2.8000000000000000,2.4000000000000000,3.5000000000000000,3.0000000000000000,3.0000000000000000,3.2000000000000000,3.2500000000000000,2.2000000000000000,3.3333333333333333,3.2000000000000000,Self-Assurance,Arranger,Competition
EMP100252,Wulan Adi Mahendra,3.2000000000000000,65,III,D3,1,6,105.0,35,34,SD,ENFJ,25.0,5,7.0,6.0,3.0,3.0,6.0,9.0,3.0,5.0,2.0,1.0,6.0,4.0,2.0,5.0,1.0,9.0,9.0,9.0,8.0,7.0,3.2000000000000000,3.2000000000000000,3.5000000000000000,3.2000000000000000,3.4000000000000000,3.6000000000000000,3.0000000000000000,3.6000000000000000,3.2000000000000000,3.0000000000000000,Command,Maximizer,Deliberative
EMP100253,Putri Kusuma,3.0000000000000000,83,IV,S1,2,2,91.0,48,93,IC,INTP,23.0,2,5.0,1.0,4.0,null,3.0,3.0,null,8.0,9.0,7.0,1.0,6.0,1.0,9.0,4.0,null,null,3.0,4.0,3.0,3.0000000000000000,3.4000000000000000,3.6000000000000000,3.0000000000000000,3.4000000000000000,3.6000000000000000,3.4000000000000000,3.6000000000000000,3.3333333333333333,3.8000000000000000,Activator,Deliberative,Self-Assurance
EMP100254,Wulan Salsabila,3.0000000000000000,55,III,D3,1,1,84.0,99,39,ID,ESTJ,13.0,9,4.0,9.0,9.0,null,8.0,9.0,3.0,7.0,8.0,9.0,1.0,7.0,3.0,7.0,4.0,4.0,8.0,3.0,3.0,1.0,3.4000000000000000,2.8000000000000000,2.6000000000000000,3.0000000000000000,4.0000000000000000,3.0000000000000000,3.4000000000000000,2.8000000000000000,2.8000000000000000,3.2500000000000000,Empathy,Arranger,Competition
EMP100255,Cahyo Anggara,2.0000000000000000,49,IV,S1,2,2,121.0,96,52,SD,INFP,25.0,1,9.0,4.0,8.0,null,1.0,7.0,4.0,4.0,1.0,2.0,9.0,1.0,9.0,5.0,1.0,9.0,7.0,7.0,3.0,5.0,3.0000000000000000,2.7500000000000000,3.0000000000000000,2.6000000000000000,2.2500000000000000,2.8000000000000000,2.6000000000000000,2.5000000000000000,2.2500000000000000,2.6000000000000000,Responsibility,Significance,Ideation
EMP100256,Maya Dharma Pamungkas,2.6000000000000000,54,IV,S2,2,2,80.0,59,25,CD,ISFJ,38.0,3,2.0,8.0,2.0,6.0,null,8.0,9.0,6.0,8.0,null,5.0,6.0,3.0,6.0,1.0,8.0,null,2.0,8.0,2.0,2.2500000000000000,2.6000000000000000,2.4000000000000000,3.0000000000000000,2.0000000000000000,2.8000000000000000,2.4000000000000000,2.2000000000000000,3.5000000000000000,2.6000000000000000,Intellection,Consistency,Ideation
EMP100257,Zahra Aji Zulfikar,3.3333333333333333,85,V,SMA,3,3,null,54,95,SC,null,null,9,5.0,7.0,8.0,null,4.0,2.0,4.0,2.0,1.0,7.0,5.0,2.0,7.0,2.0,8.0,1.0,3.0,4.0,8.0,2.0,2.6000000000000000,3.6000000000000000,3.0000000000000000,3.0000000000000000,3.2000000000000000,2.6666666666666667,2.7500000000000000,2.7500000000000000,3.0000000000000000,3.4000000000000000,Consistency,Input,Significance
EMP100258,Fitri Adi Maulana,3.2500000000000000,4,III,D3,1,4,121.0,74,63,DS,INFJ,29.0,5,7.0,5.0,6.0,9.0,2.0,1.0,8.0,null,7.0,7.0,7.0,8.0,3.0,7.0,1.0,4.0,7.0,5.0,9.0,6.0,3.7500000000000000,2.7500000000000000,4.3333333333333333,3.6666666666666667,3.6666666666666667,3.5000000000000000,2.6666666666666667,3.2500000000000000,3.0000000000000000,2.7500000000000000,Includer,Focus,Restorative
EMP100259,Gita Ridwan,3.6000000000000000,52,V,D3,3,6,88.0,97,22,CI,INFP,34.0,2,1.0,2.0,5.0,9.0,6.0,1.0,5.0,3.0,2.0,1.0,null,5.0,4.0,9.0,7.0,6.0,8.0,8.0,4.0,8.0,3.6000000000000000,3.4000000000000000,4.0000000000000000,3.6000000000000000,4.7500000000000000,3.4000000000000000,3.2500000000000000,3.4000000000000000,3.4000000000000000,3.8000000000000000,Learner,Empathy,Developer
EMP100260,Ahmad Pramudita Siregar,3.4000000000000000,88,IV,D3,2,2,87.0,42,80,ID,ESTP,14.0,1,3.0,null,5.0,9.0,1.0,5.0,1.0,3.0,5.0,4.0,8.0,9.0,4.0,9.0,9.0,3.0,7.0,3.0,6.0,4.0,3.4000000000000000,3.0000000000000000,3.2000000000000000,3.5000000000000000,3.5000000000000000,3.6000000000000000,3.0000000000000000,3.0000000000000000,3.2000000000000000,3.8000000000000000,Command,Relator,
EMP100261,Valdo Gunawan,2.7500000000000000,42,III,S1,1,1,138.0,43,53,IS,INFP,18.0,6,3.0,3.0,8.0,8.0,7.0,3.0,9.0,7.0,7.0,9.0,7.0,7.0,2.0,1.0,9.0,4.0,3.0,1.0,3.0,null,2.5000000000000000,2.4000000000000000,2.4000000000000000,2.2000000000000000,2.7500000000000000,2.4000000000000000,3.0000000000000000,2.8000000000000000,2.6666666666666667,2.7500000000000000,Deliberative,Command,Communication
EMP100262,Iman Baskara Saputra,3.0000000000000000,55,IV,S2,2,4,136.0,94,31,DS,ISFJ,19.0,4,2.0,2.0,null,2.0,5.0,null,6.0,1.0,7.0,9.0,1.0,5.0,8.0,6.0,2.0,7.0,5.0,3.0,6.0,2.0,3.2500000000000000,2.8000000000000000,3.5000000000000000,3.8000000000000000,3.2500000000000000,3.4000000000000000,3.0000000000000000,3.0000000000000000,3.2500000000000000,3.0000000000000000,Positivity,Learner,Responsibility
EMP100263,Maya Handayani,3.5000000000000000,70,IV,S1,2,1,123.0,73,79,DS,ESFJ,24.0,1,1.0,9.0,6.0,5.0,8.0,9.0,3.0,1.0,null,9.0,1.0,7.0,5.0,5.0,7.0,4.0,3.0,2.0,6.0,1.0,3.4000000000000000,3.0000000000000000,3.4000000000000000,4.0000000000000000,3.8000000000000000,3.0000000000000000,3.4000000000000000,4.0000000000000000,4.3333333333333333,3.0000000000000000,Belief,Arranger,Self-Assurance
EMP100264,Citra Utami,3.0000000000000000,95,IV,S2,2,1,91.0,38,97,SD,ESTP,19.0,3,1.0,1.0,null,2.0,6.0,3.0,null,null,5.0,1.0,6.0,6.0,7.0,4.0,9.0,8.0,2.0,7.0,6.0,1.0,3.2000000000000000,3.5000000000000000,2.4000000000000000,2.8000000000000000,3.2000000000000000,3.6666666666666667,3.0000000000000000,3.2000000000000000,3.4000000000000000,2.8000000000000000,Significance,Focus,Harmony
EMP100265,Citra Yulianto,2.2000000000000000,47,III,S2,1,3,91.0,77,55,IS,ENTP,29.0,7,4.0,null,4.0,6.0,null,3.0,6.0,1.0,6.0,5.0,2.0,8.0,3.0,null,8.0,4.0,8.0,7.0,3.0,3.0,2.0000000000000000,2.2000000000000000,2.6000000000000000,2.0000000000000000,2.6000000000000000,2.0000000000000000,2.6000000000000000,2.2000000000000000,2.6000000000000000,2.0000000000000000,Belief,,Ideation
EMP100266,Prasetyo Firmansyah,2.6000000000000000,49,V,D3,3,6,98.0,26,39,SI,ISFP,33.0,3,3.0,9.0,null,8.0,8.0,8.0,8.0,9.0,1.0,2.0,8.0,4.0,5.0,1.0,9.0,1.0,2.0,3.0,null,1.0,3.2000000000000000,2.8000000000000000,3.0000000000000000,3.0000000000000000,3.0000000000000000,3.2500000000000000,3.0000000000000000,2.6666666666666667,3.2000000000000000,3.2000000000000000,Developer,Empathy,Relator
EMP100267,Nurlita Saputra Sinaga,2.5000000000000000,61,IV,S1,2,4,null,69,62,CD,ENFP,null,7,3.0,5.0,4.0,4.0,4.0,6.0,3.0,7.0,9.0,6.0,6.0,9.0,8.0,6.0,3.0,null,5.0,5.0,5.0,null,3.0000000000000000,3.0000000000000000,3.6000000000000000,2.8000000000000000,2.5000000000000000,3.4000000000000000,2.7500000000000000,3.0000000000000000,3.0000000000000000,3.0000000000000000,Competition,Communication,Analytical
EMP100268,Nadia Tri Fauziah,3.5000000000000000,73,III,D3,1,5,94.0,98,67,DC,ENTP,33.0,6,7.0,7.0,null,5.0,2.0,9.0,4.0,7.0,2.0,9.0,5.0,2.0,2.0,7.0,1.0,1.0,8.0,4.0,4.0,9.0,3.0000000000000000,3.2000000000000000,3.2500000000000000,3.4000000000000000,3.4000000000000000,3.4000000000000000,3.2000000000000000,3.2500000000000000,3.2000000000000000,3.2000000000000000,Strategic,Individualization,Self-Assurance
EMP100269,Zahra Pramudita Kusuma,3.6000000000000000,81,IV,D3,2,1,84.0,26,20,CS,ISFP,25.0,6,4.0,3.0,null,2.0,1.0,8.0,8.0,4.0,8.0,8.0,7.0,6.0,5.0,8.0,5.0,7.0,9.0,9.0,4.0,1.0,22.8000000000000000,4.5000000000000000,3.2000000000000000,3.2000000000000000,3.6000000000000000,3.6000000000000000,4.0000000000000000,3.4000000000000000,3.4000000000000000,3.7500000000000000,Focus,Strategic,Input
EMP100270,Rani Aji Setiawan,3.2500000000000000,53,IV,S1,2,5,85.0,98,22,DS,ISTP,22.0,1,2.0,1.0,8.0,9.0,6.0,null,6.0,null,7.0,8.0,8.0,5.0,6.0,null,8.0,6.0,8.0,5.0,6.0,3.0,2.8000000000000000,2.7500000000000000,3.0000000000000000,3.8000000000000000,3.3333333333333333,2.5000000000000000,3.0000000000000000,3.0000000000000000,2.8000000000000000,3.0000000000000000,Relator,Responsibility,Connectedness
EMP100271,Rani Nugroho,3.4000000000000000,102,IV,SMA,2,4,92.0,55,36,IC,ISFJ,21.0,1,9.0,8.0,9.0,4.0,1.0,1.0,8.0,9.0,9.0,1.0,8.0,5.0,3.0,3.0,4.0,9.0,8.0,7.0,8.0,7.0,3.6000000000000000,4.0000000000000000,3.6000000000000000,4.0000000000000000,3.6000000000000000,3.4000000000000000,2.8000000000000000,3.4000000000000000,3.2500000000000000,3.2500000000000000,Achiever,,Arranger
EMP100272,Yoga Qolbi Herlambang,2.5000000000000000,60,V,S2,3,6,null,71,22,CS,INFJ,24.0,5,7.0,5.0,9.0,4.0,3.0,9.0,4.0,9.0,3.0,1.0,1.0,1.0,5.0,3.0,4.0,6.0,4.0,2.0,null,2.0,2.4000000000000000,2.4000000000000000,3.2500000000000000,2.8000000000000000,2.6000000000000000,3.7500000000000000,2.7500000000000000,2.6000000000000000,2.6000000000000000,2.2500000000000000,Context,Analytical,Strategic
EMP100273,Rani Wibowo,3.6666666666666667,48,IV,S1,2,1,null,22,35,IC,ESFJ,null,2,6.0,7.0,6.0,8.0,5.0,2.0,8.0,null,6.0,6.0,6.0,4.0,2.0,2.0,7.0,4.0,6.0,3.0,1.0,1.0,2.8000000000000000,2.7500000000000000,3.0000000000000000,3.0000000000000000,3.4000000000000000,3.2000000000000000,22.2000000000000000,3.4000000000000000,3.0000000000000000,3.4000000000000000,Connectedness,Strategic,Adaptability
EMP100274,Nabila Anugrah Gunawan,3.0000000000000000,34,IV,S2,2,6,94.0,98,46,DS,ENFJ,40.0,10,8.0,3.0,9.0,null,5.0,3.0,3.0,8.0,2.0,4.0,6.0,3.0,5.0,3.0,2.0,1.0,null,1.0,6.0,2.0,3.2000000000000000,3.0000000000000000,3.5000000000000000,2.8000000000000000,3.4000000000000000,3.0000000000000000,3.2000000000000000,3.2500000000000000,3.4000000000000000,3.6000000000000000,Self-Assurance,Activator,Relator
EMP100275,Evi Maulana,2.7500000000000000,58,IV,S1,2,5,125.0,95,38,CI,ESFJ,26.0,3,7.0,5.0,4.0,3.0,3.0,3.0,2.0,4.0,7.0,8.0,6.0,3.0,null,1.0,4.0,2.0,9.0,1.0,7.0,5.0,2.0000000000000000,2.6000000000000000,2.2500000000000000,2.0000000000000000,2.8000000000000000,2.5000000000000000,2.8000000000000000,2.8000000000000000,2.5000000000000000,2.5000000000000000,Intellection,Adaptability,Futuristic
EMP100276,Maya Fauziah,3.7500000000000000,47,III,D3,1,2,null,67,59,SI,ENFJ,null,4,null,9.0,8.0,null,5.0,9.0,2.0,7.0,8.0,5.0,5.0,9.0,null,8.0,3.0,9.0,6.0,3.0,5.0,9.0,3.2000000000000000,3.2000000000000000,3.4000000000000000,3.6000000000000000,3.5000000000000000,4.0000000000000000,3.7500000000000000,3.7500000000000000,4.2500000000000000,3.6666666666666667,Connectedness,Ideation,Context
EMP100277,Nadia Handayani,2.8000000000000000,31,III,D3,1,1,119.0,49,62,CD,ESFP,36.0,1,8.0,8.0,4.0,7.0,1.0,7.0,6.0,4.0,2.0,8.0,9.0,6.0,5.0,9.0,1.0,7.0,7.0,2.0,8.0,2.0,2.2500000000000000,2.4000000000000000,3.0000000000000000,2.6000000000000000,2.5000000000000000,2.5000000000000000,3.7500000000000000,2.6666666666666667,3.0000000000000000,2.8000000000000000,Context,Learner,Discipline
EMP100278,Tania Qolbi Lukman,3.0000000000000000,57,III,D3,1,2,null,84,46,CD,ISTJ,28.0,6,6.0,2.0,4.0,7.0,8.0,5.0,6.0,9.0,9.0,8.0,6.0,null,1.0,1.0,5.0,6.0,2.0,6.0,2.0,7.0,3.2500000000000000,3.2000000000000000,3.2000000000000000,2.4000000000000000,3.8000000000000000,3.5000000000000000,3.6000000000000000,3.2500000000000000,2.8000000000000000,2.2500000000000000,Competition,Responsibility,Futuristic
EMP100279,Julia Wibowo,2.8000000000000000,73,III,S2,1,1,106.0,73,36,null,ENTJ,30.0,3,4.0,7.0,3.0,3.0,7.0,5.0,8.0,1.0,9.0,null,7.0,3.0,7.0,1.0,5.0,9.0,9.0,4.0,7.0,2.0,2.2000000000000000,2.6000000000000000,2.6000000000000000,2.8000000000000000,2.5000000000000000,3.0000000000000000,3.4000000000000000,3.2000000000000000,3.0000000000000000,2.8000000000000000,,Belief,Restorative
EMP100280,Yuni Nabila Handayani,3.6000000000000000,72,V,D3,3,4,119.0,26,63,DC,ESFJ,13.0,2,null,7.0,6.0,3.0,5.0,null,5.0,4.0,5.0,4.0,8.0,null,8.0,1.0,4.0,7.0,9.0,6.0,7.0,1.0,2.8000000000000000,2.4000000000000000,21.6000000000000000,2.4000000000000000,2.6000000000000000,3.2000000000000000,1.8000000000000000,2.2000000000000000,2.8000000000000000,2.4000000000000000,Achiever,Responsibility,Positivity
EMP100281,Bella Qolbi Ridwan,3.5000000000000000,29,IV,D3,2,5,93.0,43,40,CD,ESTJ,27.0,6,3.0,6.0,9.0,null,8.0,3.0,9.0,4.0,1.0,1.0,8.0,1.0,9.0,4.0,9.0,3.0,4.0,1.0,9.0,4.0,3.5000000000000000,3.2500000000000000,2.6666666666666667,3.0000000000000000,3.7500000000000000,4.0000000000000000,3.4000000000000000,3.6000000000000000,3.2000000000000000,3.6000000000000000,Includer,Positivity,Learner
EMP100282,Indra Siregar,4.0000000000000000,35,V,S1,3,4,126.0,91,61,SC,INTJ,37.0,8,null,1.0,4.0,6.0,3.0,3.0,5.0,5.0,6.0,9.0,3.0,null,1.0,7.0,2.0,1.0,6.0,8.0,2.0,6.0,4.3333333333333333,4.0000000000000000,4.2000000000000000,4.0000000000000000,4.2000000000000000,4.0000000000000000,4.4000000000000000,4.0000000000000000,3.6000000000000000,4.0000000000000000,Arranger,Activator,
EMP100283,Wahyu Anggara,2.2500000000000000,39,III,SMA,1,5,139.0,32,47,CS,ESFP,33.0,9,7.0,8.0,8.0,4.0,7.0,6.0,6.0,2.0,9.0,5.0,6.0,8.0,8.0,8.0,7.0,6.0,9.0,1.0,6.0,5.0,2.7500000000000000,2.2000000000000000,2.6000000000000000,2.4000000000000000,1.6000000000000000,2.0000000000000000,2.2000000000000000,2.0000000000000000,2.4000000000000000,2.2000000000000000,Learner,Activator,Woo
EMP100284,Julia Maulana,2.6000000000000000,27,IV,SMA,2,1,98.0,46,48,IC,ISFJ,22.0,2,7.0,3.0,6.0,6.0,8.0,7.0,null,1.0,null,4.0,null,7.0,5.0,null,6.0,null,7.0,8.0,null,3.0,2.5000000000000000,2.6000000000000000,2.8000000000000000,2.7500000000000000,2.2000000000000000,3.0000000000000000,2.7500000000000000,2.5000000000000000,2.5000000000000000,2.4000000000000000,Learner,Empathy,Woo
EMP100285,Adi Mahardika Setiawan,4.0000000000000000,15,IV,S1,2,4,140.0,29,87,CI,INFP,27.0,8,4.0,7.0,6.0,8.0,8.0,7.0,8.0,null,6.0,1.0,9.0,5.0,5.0,7.0,9.0,8.0,7.0,6.0,5.0,null,4.0000000000000000,3.7500000000000000,4.0000000000000000,4.0000000000000000,3.7500000000000000,3.7500000000000000,2.7500000000000000,3.3333333333333333,3.7500000000000000,4.2500000000000000,Activator,Consistency,Command
EMP100286,Hana Wijaya Anggara,3.0000000000000000,24,V,S1,3,3,96.0,96,60,IS,null,25.0,6,5.0,4.0,9.0,2.0,2.0,null,7.0,1.0,1.0,1.0,2.0,null,7.0,5.0,9.0,7.0,9.0,8.0,5.0,null,2.8000000000000000,3.4000000000000000,3.4000000000000000,3.6000000000000000,3.2000000000000000,2.7500000000000000,2.7500000000000000,2.8000000000000000,3.2000000000000000,3.6666666666666667,Self-Assurance,Relator,Ideation
EMP100287,Bella Mahendra,3.0000000000000000,18,III,S2,1,2,104.0,90,68,null,ESTJ,37.0,6,4.0,2.0,6.0,6.0,9.0,3.0,2.0,3.0,5.0,3.0,4.0,7.0,6.0,1.0,7.0,3.0,6.0,3.0,3.0,5.0,3.0000000000000000,2.3333333333333333,2.7500000000000000,2.7500000000000000,3.0000000000000000,3.2500000000000000,2.2500000000000000,2.3333333333333333,3.2500000000000000,3.0000000000000000,Arranger,Analytical,Deliberative
EMP100288,Budi Rachman Ramadhan,2.2000000000000000,54,IV,S2,2,5,82.0,29,70,ID,ISTP,21.0,6,4.0,9.0,1.0,null,7.0,5.0,6.0,3.0,4.0,4.0,4.0,2.0,1.0,4.0,5.0,5.0,6.0,6.0,8.0,null,2.0000000000000000,2.0000000000000000,2.6666666666666667,2.0000000000000000,2.2500000000000000,2.0000000000000000,2.6000000000000000,2.0000000000000000,2.0000000000000000,2.2000000000000000,,Relator,Maximizer
EMP100289,Teguh Hasibuan,4.0000000000000000,6,IV,S2,2,1,88.0,97,26,SI,ISTP,25.0,9,6.0,8.0,3.0,3.0,null,null,3.0,1.0,8.0,5.0,2.0,1.0,8.0,1.0,7.0,2.0,6.0,1.0,8.0,null,4.0000000000000000,27.7500000000000000,4.5000000000000000,3.5000000000000000,4.0000000000000000,4.3333333333333333,4.3333333333333333,4.0000000000000000,4.0000000000000000,3.7500000000000000,Positivity,Maximizer,Connectedness
EMP100290,Ahmad Mahardika Firmansyah,2.5000000000000000,19,IV,D3,2,1,85.0,78,60,DI,null,32.0,2,4.0,4.0,7.0,null,4.0,null,4.0,3.0,2.0,8.0,6.0,2.0,2.0,3.0,2.0,7.0,6.0,7.0,8.0,8.0,3.2500000000000000,3.2500000000000000,3.6666666666666667,3.2500000000000000,3.0000000000000000,3.0000000000000000,3.6666666666666667,2.6666666666666667,2.5000000000000000,3.2500000000000000,Ideation,Woo,Includer
EMP100291,Cahyo Pratomo,3.2500000000000000,20,III,D3,1,1,123.0,39,31,CD,ISTP,26.0,6,5.0,null,null,9.0,1.0,5.0,4.0,5.0,6.0,5.0,9.0,8.0,9.0,1.0,1.0,9.0,2.0,9.0,2.0,4.0,3.2500000000000000,3.5000000000000000,3.2500000000000000,2.3333333333333333,3.3333333333333333,3.5000000000000000,3.7500000000000000,2.5000000000000000,3.7500000000000000,3.2500000000000000,Input,Focus,Empathy
EMP100292,Wahyu Halim Zulfikar,3.0000000000000000,2,IV,S1,2,4,92.0,83,36,CS,ENFJ,25.0,3,1.0,3.0,3.0,9.0,8.0,4.0,2.0,1.0,9.0,1.0,9.0,2.0,7.0,3.0,3.0,4.0,6.0,3.0,8.0,2.0,3.0000000000000000,3.0000000000000000,3.0000000000000000,2.7500000000000000,2.6666666666666667,3.5000000000000000,2.7500000000000000,3.0000000000000000,2.7500000000000000,3.5000000000000000,,Includer,Focus
EMP100293,Sari Fadillah Mahendra,2.2500000000000000,88,IV,D3,2,5,82.0,81,66,DI,INFJ,27.0,7,2.0,4.0,null,1.0,5.0,4.0,8.0,5.0,5.0,null,9.0,1.0,9.0,3.0,2.0,2.0,6.0,1.0,null,4.0,2.0000000000000000,2.0000000000000000,2.0000000000000000,2.4000000000000000,2.0000000000000000,2.0000000000000000,2.7500000000000000,2.2500000000000000,2.2000000000000000,2.5000000000000000,Analytical,Deliberative,Restorative
EMP100294,Fitri Dharma Hidayat,3.0000000000000000,65,V,S2,3,5,124.0,92,78,CI,INFJ,25.0,5,1.0,9.0,9.0,4.0,8.0,3.0,5.0,5.0,6.0,null,4.0,1.0,8.0,5.0,8.0,1.0,4.0,8.0,9.0,2.0,2.8000000000000000,2.6000000000000000,3.3333333333333333,3.2000000000000000,2.7500000000000000,2.5000000000000000,2.5000000000000000,2.6000000000000000,2.4000000000000000,2.4000000000000000,Focus,Consistency,
EMP100295,Hadi Dharma Siregar,3.0000000000000000,33,III,S1,1,5,102.0,84,73,CS,INTP,30.0,10,4.0,8.0,9.0,5.0,5.0,7.0,1.0,7.0,7.0,4.0,8.0,8.0,null,5.0,3.0,3.0,3.0,5.0,4.0,null,2.6000000000000000,2.5000000000000000,3.0000000000000000,3.0000000000000000,3.0000000000000000,2.8000000000000000,2.0000000000000000,2.8000000000000000,2.4000000000000000,2.6000000000000000,Learner,Harmony,Input
EMP100296,Bayu Nugroho,3.0000000000000000,49,IV,S1,2,3,84.0,92,54,ID,ISFP,24.0,4,null,5.0,1.0,8.0,null,7.0,1.0,7.0,1.0,7.0,3.0,null,4.0,3.0,4.0,2.0,1.0,null,5.0,9.0,2.8000000000000000,2.7500000000000000,3.0000000000000000,3.0000000000000000,3.4000000000000000,3.6000000000000000,2.6000000000000000,2.6000000000000000,3.0000000000000000,2.6000000000000000,Focus,Arranger,Harmony
EMP100297,Yoga Salsabila,2.4000000000000000,65,V,D3,3,6,135.0,27,65,DS,INFP,29.0,8,6.0,6.0,5.0,3.0,3.0,9.0,9.0,2.0,1.0,9.0,1.0,5.0,4.0,5.0,3.0,null,1.0,5.0,6.0,null,2.8000000000000000,2.7500000000000000,2.6000000000000000,2.0000000000000000,2.8000000000000000,2.6000000000000000,2.4000000000000000,3.0000000000000000,2.2000000000000000,2.7500000000000000,Adaptability,Empathy,Discipline
EMP100298,Yuni Iqbal Saputra,3.7500000000000000,65,IV,S2,2,5,81.0,99,62,SC,ESFP,29.0,5,5.0,2.0,3.0,6.0,6.0,5.0,null,2.0,6.0,null,6.0,6.0,6.0,5.0,3.0,1.0,3.0,6.0,3.0,3.0,3.6000000000000000,3.4000000000000000,3.5000000000000000,3.4000000000000000,3.8000000000000000,3.6000000000000000,4.2500000000000000,4.0000000000000000,3.4000000000000000,4.0000000000000000,Strategic,,Intellection
EMP100299,Fajar Rachman Ridwan,3.6666666666666667,13,V,S1,3,3,125.0,40,71,IC,ENTJ,23.0,8,8.0,3.0,5.0,1.0,1.0,1.0,1.0,1.0,6.0,6.0,null,9.0,9.0,3.0,7.0,4.0,4.0,8.0,4.0,9.0,4.0000000000000000,3.5000000000000000,3.0000000000000000,3.3333333333333333,3.6666666666666667,3.6666666666666667,3.6666666666666667,3.5000000000000000,3.2500000000000000,3.5000000000000000,Harmony,Responsibility,Restorative
EMP100300,Rama Lukman,3.8000000000000000,25,IV,D3,2,6,126.0,99,80,null,ENFJ,31.0,4,9.0,5.0,7.0,6.0,4.0,3.0,5.0,3.0,1.0,6.0,9.0,5.0,5.0,8.0,4.0,1.0,8.0,6.0,1.0,4.0,3.8000000000000000,4.0000000000000000,3.8000000000000000,4.2500000000000000,3.8000000000000000,3.4000000000000000,27.5000000000000000,3.0000000000000000,4.0000000000000000,4.0000000000000000,Input,Self-Assurance,Futuristic
EMP100301,Rama Zulfikar,2.6000000000000000,31,IV,S1,2,4,123.0,36,72,SI,ENTP,23.0,7,3.0,3.0,2.0,1.0,7.0,1.0,null,null,8.0,1.0,2.0,9.0,4.0,4.0,5.0,4.0,2.0,9.0,2.0,null,2.6000000000000000,3.2000000000000000,2.2000000000000000,2.4000000000000000,2.6000000000000000,3.2000000000000000,2.2500000000000000,3.2000000000000000,2.6000000000000000,1.7500000000000000,Restorative,Adaptability,
EMP100302,Rizky Ginting,3.5000000000000000,3,V,SMA,3,6,130.0,56,74,IC,INTP,26.0,10,5.0,9.0,7.0,3.0,1.0,4.0,2.0,5.0,1.0,9.0,8.0,1.0,1.0,2.0,5.0,null,5.0,5.0,1.0,8.0,3.5000000000000000,4.0000000000000000,3.3333333333333333,3.5000000000000000,3.0000000000000000,3.6666666666666667,3.7500000000000000,3.5000000000000000,3.5000000000000000,3.7500000000000000,Relator,Ideation,Competition
EMP100303,Bayu Wijaya Maulida,2.6000000000000000,95,V,S1,3,6,94.0,44,86,DC,ENFP,23.0,10,6.0,null,3.0,3.0,3.0,1.0,9.0,2.0,6.0,8.0,7.0,null,4.0,null,5.0,9.0,1.0,7.0,5.0,8.0,3.0000000000000000,2.6000000000000000,21.4000000000000000,2.6000000000000000,2.4000000000000000,2.8000000000000000,2.5000000000000000,2.4000000000000000,2.2000000000000000,2.6000000000000000,Individualization,Significance,Futuristic
EMP100304,Valdo Halim,2.6666666666666667,49,IV,D3,2,3,null,62,53,CI,null,null,7,8.0,8.0,1.0,9.0,6.0,9.0,7.0,8.0,2.0,9.0,1.0,5.0,3.0,8.0,4.0,8.0,2.0,9.0,1.0,7.0,2.6000000000000000,3.2000000000000000,3.4000000000000000,2.3333333333333333,2.6000000000000000,3.0000000000000000,2.8000000000000000,2.4000000000000000,2.8000000000000000,2.8000000000000000,Achiever,Positivity,Ideation
EMP100305,Indra Herlambang,3.0000000000000000,68,III,S2,1,5,113.0,59,76,null,ESTJ,25.0,9,1.0,7.0,7.0,6.0,3.0,7.0,5.0,9.0,1.0,7.0,null,2.0,5.0,7.0,9.0,7.0,null,1.0,1.0,9.0,2.6666666666666667,2.8000000000000000,3.0000000000000000,3.2000000000000000,3.7500000000000000,3.4000000000000000,3.0000000000000000,3.0000000000000000,3.2000000000000000,2.2500000000000000,Activator,Achiever,Responsibility
EMP100306,Dinda Kusuma Ananda,3.2000000000000000,24,III,SMA,1,2,null,22,59,null,ESTJ,39.0,6,3.0,2.0,8.0,8.0,2.0,2.0,null,null,1.0,8.0,8.0,8.0,9.0,8.0,7.0,3.0,4.0,3.0,5.0,1.0,3.2000000000000000,3.7500000000000000,3.0000000000000000,3.2000000000000000,3.2500000000000000,3.2500000000000000,3.4000000000000000,3.4000000000000000,3.2000000000000000,3.4000000000000000,Includer,Harmony,Connectedness
EMP100307,Sari Indrawan,3.2000000000000000,29,IV,S2,2,4,null,40,52,SC,ESFJ,null,10,1.0,2.0,9.0,8.0,4.0,7.0,7.0,2.0,5.0,1.0,1.0,6.0,6.0,5.0,5.0,1.0,null,3.0,9.0,8.0,2.4000000000000000,3.2000000000000000,3.5000000000000000,2.7500000000000000,2.8000000000000000,2.7500000000000000,3.6000000000000000,2.8000000000000000,3.2500000000000000,3.5000000000000000,Restorative,Strategic,Achiever
EMP100308,Nugroho Subekti,3.4000000000000000,52,V,D3,3,3,105.0,98,26,DI,ESFP,24.0,6,1.0,9.0,8.0,4.0,3.0,3.0,5.0,6.0,9.0,1.0,3.0,9.0,2.0,null,8.0,7.0,5.0,7.0,7.0,2.0,3.6000000000000000,3.2500000000000000,3.4000000000000000,3.0000000000000000,3.4000000000000000,3.0000000000000000,3.4000000000000000,3.0000000000000000,3.6000000000000000,3.2500000000000000,Harmony,Competition,Restorative
EMP100309,Valdo Ridwan,3.7500000000000000,61,V,S2,3,2,120.0,91,95,SC,ENTP,28.0,1,3.0,5.0,1.0,null,3.0,2.0,3.0,9.0,7.0,8.0,2.0,7.0,4.0,1.0,5.0,6.0,4.0,6.0,3.0,5.0,4.0000000000000000,4.2000000000000000,2.7500000000000000,4.0000000000000000,3.8000000000000000,3.8000000000000000,4.0000000000000000,4.2000000000000000,3.7500000000000000,4.2500000000000000,Woo,Input,Deliberative
EMP100310,Rendra Pradana,3.8000000000000000,49,V,SMA,3,4,91.0,21,92,SI,ESFP,31.0,5,8.0,2.0,6.0,6.0,9.0,2.0,6.0,8.0,1.0,4.0,5.0,4.0,5.0,9.0,9.0,1.0,6.0,null,7.0,9.0,3.5000000000000000,3.7500000000000000,4.7500000000000000,3.6000000000000000,3.6000000000000000,4.0000000000000000,3.2500000000000000,3.8000000000000000,3.4000000000000000,3.2500000000000000,Deliberative,Responsibility,Belief
EMP100311,Maya Pramudita Zulfikar,2.6000000000000000,62,V,SMA,3,6,102.0,71,46,IS,INTP,23.0,10,7.0,3.0,8.0,6.0,3.0,1.0,4.0,2.0,9.0,8.0,1.0,3.0,3.0,3.0,3.0,8.0,4.0,8.0,3.0,3.0,2.2000000000000000,2.6000000000000000,2.8000000000000000,2.5000000000000000,2.6000000000000000,2.6000000000000000,3.3333333333333333,2.2500000000000000,2.8000000000000000,2.2000000000000000,Relator,Connectedness,Achiever
EMP100312,Maya Lestari,3.2500000000000000,20,IV,SMA,2,6,null,53,24,ID,INTJ,null,10,6.0,7.0,null,8.0,9.0,3.0,2.0,6.0,7.0,8.0,8.0,2.0,2.0,3.0,8.0,6.0,6.0,null,9.0,6.0,3.0000000000000000,2.7500000000000000,3.5000000000000000,2.7500000000000000,3.0000000000000000,3.2500000000000000,3.6666666666666667,2.7500000000000000,3.6666666666666667,3.0000000000000000,Communication,Discipline,Activator
EMP100313,Budi Qolbi Hidayat,4.2500000000000000,50,III,S2,1,2,105.0,85,69,null,INTP,30.0,4,8.0,6.0,9.0,7.0,1.0,8.0,5.0,1.0,4.0,9.0,8.0,2.0,6.0,9.0,2.0,8.0,1.0,9.0,2.0,4.0,3.8000000000000000,4.4000000000000000,4.5000000000000000,4.8000000000000000,4.2500000000000000,4.6000000000000000,4.5000000000000000,4.6000000000000000,4.4000000000000000,4.4000000000000000,Learner,Futuristic,Intellection
EMP100314,Yuni Herlambang,2.7500000000000000,14,III,D3,1,2,116.0,66,35,SC,INTJ,22.0,1,1.0,1.0,3.0,2.0,7.0,4.0,5.0,4.0,null,6.0,4.0,null,7.0,7.0,9.0,8.0,7.0,5.0,1.0,4.0,2.5000000000000000,2.7500000000000000,2.5000000000000000,2.6666666666666667,2.7500000000000000,2.5000000000000000,3.0000000000000000,3.0000000000000000,2.2500000000000000,2.3333333333333333,Deliberative,Analytical,Developer
EMP100315,Rama Kusuma,3.0000000000000000,70,III,SMA,1,2,99.0,77,50,CS,ISFP,28.0,2,7.0,3.0,6.0,5.0,5.0,2.0,7.0,6.0,2.0,null,8.0,7.0,7.0,1.0,9.0,1.0,5.0,5.0,3.0,9.0,3.4000000000000000,3.2000000000000000,3.2000000000000000,2.8000000000000000,3.0000000000000000,2.8000000000000000,3.0000000000000000,3.6000000000000000,3.2500000000000000,2.5000000000000000,Restorative,Achiever,Connectedness
EMP100316,Joko Siregar,2.7500000000000000,40,III,D3,1,6,82.0,63,34,DC,ISFP,28.0,7,4.0,1.0,6.0,1.0,1.0,9.0,6.0,3.0,8.0,7.0,null,4.0,5.0,1.0,8.0,9.0,1.0,9.0,7.0,3.0,2.5000000000000000,2.5000000000000000,2.8000000000000000,2.7500000000000000,2.7500000000000000,2.6000000000000000,3.2500000000000000,3.0000000000000000,2.4000000000000000,3.2000000000000000,Intellection,Maximizer,Includer
EMP100317,Budi Herlambang,3.2500000000000000,76,IV,S2,2,6,95.0,43,64,ID,ISFP,35.0,6,9.0,3.0,1.0,1.0,2.0,null,null,null,6.0,1.0,3.0,7.0,4.0,6.0,9.0,1.0,4.0,null,6.0,1.0,2.6000000000000000,2.8000000000000000,2.8000000000000000,3.4000000000000000,2.6000000000000000,2.8000000000000000,2.0000000000000000,3.0000000000000000,2.7500000000000000,2.0000000000000000,Consistency,Responsibility,Empathy
EMP100318,Rafa Lestari Fauziah,3.0000000000000000,31,III,SMA,1,3,null,58,90,ID,ENFP,null,1,9.0,7.0,8.0,8.0,7.0,9.0,9.0,8.0,6.0,5.0,3.0,null,3.0,6.0,9.0,4.0,3.0,1.0,9.0,9.0,2.6000000000000000,2.5000000000000000,3.0000000000000000,2.7500000000000000,3.0000000000000000,2.4000000000000000,2.4000000000000000,2.5000000000000000,2.4000000000000000,3.0000000000000000,Focus,Belief,
EMP100319,Valdo Anugrah Ramadhan,3.8000000000000000,101,IV,SMA,2,5,139.0,60,44,SD,null,32.0,7,3.0,null,2.0,5.0,5.0,9.0,1.0,8.0,8.0,8.0,1.0,9.0,7.0,7.0,1.0,4.0,1.0,9.0,8.0,null,4.2000000000000000,3.8000000000000000,4.0000000000000000,4.2000000000000000,4.0000000000000000,4.0000000000000000,3.6666666666666667,3.7500000000000000,4.0000000000000000,4.2500000000000000,Positivity,Harmony,Intellection
EMP100320,Budi Hartanto,2.6000000000000000,25,IV,D3,2,3,99.0,46,82,DS,ISFP,22.0,6,7.0,8.0,6.0,5.0,9.0,7.0,9.0,null,2.0,7.0,4.0,4.0,8.0,6.0,3.0,4.0,1.0,3.0,8.0,1.0,2.6000000000000000,2.2000000000000000,3.0000000000000000,3.0000000000000000,2.8000000000000000,2.6000000000000000,3.4000000000000000,2.8000000000000000,2.4000000000000000,2.8000000000000000,Includer,Strategic,Communication
EMP100321,Wulan Iqbal Herlambang,3.2000000000000000,42,V,S2,3,1,136.0,80,47,SI,INFJ,31.0,10,1.0,6.0,4.0,7.0,2.0,9.0,2.0,7.0,3.0,2.0,7.0,7.0,1.0,null,3.0,2.0,7.0,1.0,1.0,9.0,3.0000000000000000,2.8000000000000000,3.2000000000000000,3.2000000000000000,3.6000000000000000,3.2000000000000000,3.2000000000000000,3.2000000000000000,3.0000000000000000,3.4000000000000000,Discipline,Analytical,Adaptability
EMP100322,Rizka Pramudita Suharto,3.2000000000000000,56,IV,S2,2,6,85.0,83,90,DS,ISTP,25.0,10,5.0,7.0,7.0,3.0,3.0,null,9.0,null,4.0,9.0,2.0,8.0,null,5.0,2.0,8.0,3.0,2.0,5.0,1.0,3.2000000000000000,3.0000000000000000,3.2000000000000000,3.4000000000000000,3.4000000000000000,3.4000000000000000,3.4000000000000000,2.7500000000000000,3.7500000000000000,3.6000000000000000,Maximizer,,Futuristic
EMP100323,Umar Indrawan,2.7500000000000000,8,V,S1,3,2,92.0,65,90,CD,ENFP,32.0,2,3.0,6.0,4.0,4.0,8.0,7.0,1.0,6.0,3.0,1.0,7.0,3.0,9.0,5.0,3.0,6.0,8.0,1.0,1.0,4.0,2.5000000000000000,3.2500000000000000,2.7500000000000000,2.2500000000000000,3.2500000000000000,3.0000000000000000,3.0000000000000000,2.0000000000000000,3.0000000000000000,2.7500000000000000,Self-Assurance,Connectedness,Competition
EMP100324,Intan Halim,4.0000000000000000,48,III,S2,1,4,108.0,47,47,CI,ISTP,28.0,5,4.0,1.0,2.0,4.0,null,3.0,4.0,4.0,6.0,1.0,8.0,8.0,3.0,8.0,1.0,null,7.0,5.0,null,1.0,4.0000000000000000,3.6000000000000000,3.7500000000000000,4.2500000000000000,4.0000000000000000,3.6000000000000000,3.4000000000000000,4.0000000000000000,4.0000000000000000,3.8000000000000000,Arranger,Discipline,Achiever
EMP100325,Wahyu Kusuma Hartanto,3.0000000000000000,34,V,SMA,3,2,null,58,66,DC,INTP,35.0,5,7.0,2.0,3.0,7.0,4.0,9.0,9.0,2.0,9.0,3.0,8.0,3.0,6.0,3.0,5.0,2.0,8.0,5.0,2.0,5.0,3.0000000000000000,3.0000000000000000,3.0000000000000000,2.6000000000000000,2.8000000000000000,2.7500000000000000,2.8000000000000000,3.2000000000000000,2.6000000000000000,2.5000000000000000,Intellection,Developer,Communication
EMP100326,Rizka Qolbi Mahendra,3.6000000000000000,55,III,S2,1,4,92.0,38,47,ID,ISTP,36.0,2,1.0,4.0,1.0,4.0,8.0,8.0,null,null,4.0,3.0,4.0,6.0,2.0,5.0,5.0,null,3.0,4.0,3.0,8.0,4.0000000000000000,3.6000000000000000,3.4000000000000000,3.6000000000000000,3.6000000000000000,3.4000000000000000,3.6000000000000000,3.8000000000000000,3.8000000000000000,3.6000000000000000,Restorative,,
EMP100327,Vania Rachman Utami,3.2500000000000000,86,III,S2,1,3,122.0,48,22,SC,ENFJ,33.0,3,8.0,2.0,8.0,9.0,4.0,7.0,4.0,6.0,3.0,5.0,2.0,null,8.0,9.0,1.0,7.0,4.0,8.0,7.0,null,4.2500000000000000,3.6000000000000000,3.5000000000000000,3.6000000000000000,4.0000000000000000,4.0000000000000000,3.2500000000000000,3.4000000000000000,3.2000000000000000,3.2500000000000000,Deliberative,Ideation,Adaptability
EMP100328,Tania Yudhistira Simanjuntak,4.4000000000000000,37,IV,S1,2,6,130.0,80,30,IS,ENTP,38.0,2,4.0,7.0,7.0,9.0,5.0,6.0,3.0,9.0,5.0,2.0,7.0,2.0,2.0,7.0,8.0,null,8.0,7.0,8.0,2.0,4.2000000000000000,4.2500000000000000,4.6000000000000000,4.2000000000000000,4.7500000000000000,4.5000000000000000,4.7500000000000000,4.2500000000000000,4.7500000000000000,4.4000000000000000,Individualization,Relator,Intellection
EMP100329,Galih Iqbal Pamungkas,3.0000000000000000,41,V,S1,3,5,92.0,93,48,DI,ISTP,19.0,3,5.0,4.0,7.0,7.0,6.0,2.0,5.0,2.0,8.0,1.0,5.0,2.0,3.0,1.0,6.0,null,9.0,9.0,4.0,1.0,3.4000000000000000,3.0000000000000000,3.0000000000000000,2.6000000000000000,2.7500000000000000,3.0000000000000000,3.0000000000000000,3.4000000000000000,3.0000000000000000,3.0000000000000000,Competition,Discipline,
EMP100330,Kartika Gunawan,4.0000000000000000,25,IV,S2,2,3,null,93,76,IC,ESTP,36.0,1,6.0,2.0,9.0,6.0,8.0,4.0,3.0,4.0,1.0,9.0,2.0,7.0,null,2.0,2.0,8.0,1.0,8.0,2.0,null,4.2500000000000000,4.6666666666666667,4.4000000000000000,4.4000000000000000,4.2500000000000000,4.2000000000000000,4.0000000000000000,4.0000000000000000,4.0000000000000000,4.5000000000000000,Analytical,Achiever,Strategic
EMP100331,Julia Tri Hartanto,3.5000000000000000,39,III,S2,1,1,127.0,74,31,ID,null,28.0,10,3.0,3.0,6.0,9.0,4.0,5.0,2.0,9.0,null,2.0,null,2.0,4.0,2.0,8.0,7.0,8.0,8.0,1.0,4.0,3.2000000000000000,3.4000000000000000,3.0000000000000000,3.6000000000000000,3.4000000000000000,2.7500000000000000,4.0000000000000000,3.4000000000000000,3.6666666666666667,3.0000000000000000,Deliberative,Relator,Connectedness
EMP100332,Dewi Maulida,2.6000000000000000,58,III,D3,1,1,95.0,57,26,CD,ISFP,25.0,8,1.0,3.0,7.0,7.0,6.0,7.0,6.0,9.0,4.0,7.0,null,5.0,5.0,9.0,null,7.0,4.0,8.0,9.0,3.0,2.6666666666666667,2.8000000000000000,2.7500000000000000,2.7500000000000000,2.2500000000000000,2.8000000000000000,2.4000000000000000,3.2000000000000000,2.0000000000000000,3.0000000000000000,Analytical,Adaptability,
EMP100333,Mahendra Putra,3.6666666666666667,47,V,SMA,3,5,92.0,64,56,CS,ENFP,24.0,4,3.0,8.0,1.0,null,7.0,7.0,2.0,5.0,3.0,3.0,4.0,4.0,6.0,7.0,4.0,2.0,4.0,9.0,3.0,3.0,3.2000000000000000,3.2000000000000000,3.8000000000000000,3.4000000000000000,3.0000000000000000,3.6000000000000000,2.7500000000000000,3.7500000000000000,3.8000000000000000,3.2000000000000000,Restorative,Strategic,Consistency
EMP100334,Sari Maulana,2.8000000000000000,42,V,S2,3,4,null,24,88,DC,ENFJ,null,5,6.0,7.0,5.0,8.0,8.0,2.0,5.0,8.0,4.0,6.0,1.0,5.0,6.0,3.0,4.0,6.0,4.0,1.0,5.0,9.0,2.8000000000000000,3.0000000000000000,2.6000000000000000,3.0000000000000000,3.2500000000000000,3.2000000000000000,2.7500000000000000,3.7500000000000000,3.0000000000000000,3.2000000000000000,Activator,Futuristic,Maximizer
EMP100335,Mahendra Pramudita Purnama,3.4000000000000000,66,III,S2,1,4,119.0,85,31,null,INFP,37.0,5,2.0,5.0,5.0,8.0,8.0,1.0,4.0,3.0,null,5.0,8.0,2.0,3.0,4.0,4.0,2.0,6.0,4.0,null,7.0,3.4000000000000000,3.2000000000000000,3.6000000000000000,3.5000000000000000,3.2000000000000000,3.3333333333333333,3.2500000000000000,3.6000000000000000,2.7500000000000000,3.2500000000000000,Command,Consistency,Developer
EMP100336,Evi Pratomo,3.2000000000000000,26,V,D3,3,1,117.0,46,96,SI,ISTJ,30.0,5,6.0,2.0,null,6.0,1.0,2.0,1.0,2.0,6.0,8.0,1.0,8.0,7.0,4.0,3.0,5.0,8.0,8.0,4.0,9.0,3.0000000000000000,3.5000000000000000,3.5000000000000000,3.0000000000000000,2.6000000000000000,2.8000000000000000,3.2000000000000000,3.6000000000000000,3.0000000000000000,3.0000000000000000,Significance,Connectedness,Competition
EMP100337,Anisa Situmorang,2.7500000000000000,87,III,SMA,1,2,85.0,53,78,null,ENTJ,22.0,4,7.0,4.0,3.0,3.0,7.0,5.0,4.0,3.0,1.0,1.0,null,3.0,2.0,1.0,1.0,3.0,1.0,2.0,3.0,null,2.6000000000000000,3.0000000000000000,3.0000000000000000,2.7500000000000000,3.6000000000000000,3.2000000000000000,2.8000000000000000,3.0000000000000000,2.6000000000000000,3.2000000000000000,Responsibility,,Empathy
EMP100338,Galih Halim,3.3333333333333333,123,III,S2,1,4,null,99,96,SC,ESFJ,null,6,6.0,9.0,5.0,8.0,6.0,null,2.0,9.0,4.0,4.0,9.0,7.0,5.0,2.0,3.0,7.0,6.0,2.0,6.0,null,3.8000000000000000,22.6000000000000000,4.0000000000000000,3.6000000000000000,3.2500000000000000,3.8000000000000000,3.0000000000000000,3.7500000000000000,3.8000000000000000,3.4000000000000000,Context,Positivity,Significance
EMP100339,Rafa Pramudita Purnama,3.4000000000000000,53,III,SMA,1,1,81.0,67,82,IC,INFP,27.0,4,2.0,5.0,2.0,8.0,3.0,null,3.0,5.0,5.0,2.0,5.0,7.0,null,7.0,2.0,6.0,1.0,2.0,6.0,4.0,3.4000000000000000,3.2000000000000000,3.6000000000000000,3.0000000000000000,3.4000000000000000,3.4000000000000000,3.2000000000000000,3.5000000000000000,3.6000000000000000,3.2000000000000000,Includer,,Communication
EMP100340,Rifqi Ginting,2.7500000000000000,59,III,S1,1,5,null,94,25,SD,INTP,null,5,7.0,5.0,7.0,4.0,4.0,9.0,2.0,7.0,3.0,6.0,5.0,null,7.0,4.0,6.0,9.0,7.0,1.0,null,1.0,2.6000000000000000,2.6000000000000000,2.4000000000000000,2.6000000000000000,2.2000000000000000,2.8000000000000000,2.2000000000000000,2.0000000000000000,2.0000000000000000,2.4000000000000000,Communication,Consistency,Significance
EMP100341,Lestari Handayani,3.0000000000000000,30,IV,SMA,2,6,136.0,63,42,IC,ESFJ,22.0,7,4.0,5.0,6.0,5.0,1.0,9.0,2.0,8.0,9.0,4.0,5.0,1.0,8.0,null,9.0,5.0,7.0,1.0,1.0,4.0,2.8000000000000000,3.0000000000000000,3.0000000000000000,3.0000000000000000,2.7500000000000000,3.0000000000000000,3.2000000000000000,2.6000000000000000,2.2000000000000000,2.6000000000000000,Input,Strategic,Intellection
EMP100342,Luthfi Utama Pradana,2.5000000000000000,66,V,S1,3,1,88.0,72,82,SI,INFP,33.0,8,8.0,8.0,4.0,3.0,3.0,6.0,6.0,7.0,8.0,3.0,3.0,7.0,3.0,2.0,4.0,8.0,7.0,8.0,5.0,8.0,2.8000000000000000,3.7500000000000000,2.4000000000000000,3.0000000000000000,2.5000000000000000,2.3333333333333333,2.4000000000000000,3.2000000000000000,3.2500000000000000,2.2500000000000000,Restorative,Connectedness,Self-Assurance
EMP100343,Adit Tamba,3.0000000000000000,80,V,S1,3,2,null,22,68,DC,INTJ,28.0,8,6.0,1.0,6.0,9.0,5.0,6.0,2.0,5.0,2.0,4.0,1.0,5.0,null,4.0,1.0,5.0,8.0,1.0,7.0,1.0,3.0000000000000000,2.8000000000000000,3.6000000000000000,3.0000000000000000,3.6000000000000000,3.0000000000000000,3.4000000000000000,3.2500000000000000,3.0000000000000000,2.4000000000000000,Adaptability,Individualization,Woo
EMP100344,Iman Wijaya Ginting,3.2500000000000000,112,IV,S1,2,1,null,69,75,IS,INTP,null,7,5.0,7.0,1.0,5.0,2.0,4.0,5.0,1.0,3.0,null,9.0,1.0,3.0,5.0,2.0,6.0,8.0,5.0,8.0,8.0,3.4000000000000000,3.4000000000000000,3.3333333333333333,2.7500000000000000,3.4000000000000000,2.8000000000000000,3.2000000000000000,3.4000000000000000,3.2000000000000000,2.8000000000000000,Adaptability,Command,Focus
EMP100345,Arif Jatmiko Wibowo,3.7500000000000000,7,IV,SMA,2,6,139.0,23,47,ID,ESFP,26.0,1,3.0,null,8.0,7.0,7.0,3.0,8.0,3.0,4.0,5.0,4.0,1.0,4.0,3.0,1.0,4.0,5.0,5.0,6.0,null,1.6666666666666667,2.5000000000000000,2.0000000000000000,2.6666666666666667,2.2500000000000000,3.5000000000000000,2.5000000000000000,2.0000000000000000,2.5000000000000000,2.0000000000000000,Futuristic,,Consistency
EMP100346,Ari Ridwan,2.6000000000000000,64,III,S2,1,3,94.0,93,89,IC,INTJ,23.0,3,4.0,6.0,9.0,6.0,4.0,6.0,6.0,7.0,7.0,3.0,1.0,null,6.0,9.0,7.0,3.0,4.0,6.0,2.0,5.0,2.4000000000000000,2.0000000000000000,1.5000000000000000,2.7500000000000000,2.7500000000000000,2.4000000000000000,2.4000000000000000,2.4000000000000000,2.8000000000000000,2.6000000000000000,Discipline,Individualization,Communication
EMP100347,Rizky Nabila Fauziah,3.2500000000000000,53,IV,SMA,2,2,null,54,98,CD,ENTJ,null,5,6.0,5.0,5.0,6.0,5.0,9.0,5.0,2.0,8.0,null,null,8.0,6.0,2.0,2.0,9.0,4.0,5.0,1.0,7.0,3.4000000000000000,3.6000000000000000,3.4000000000000000,3.2000000000000000,3.2000000000000000,3.0000000000000000,3.8000000000000000,3.5000000000000000,3.4000000000000000,3.2500000000000000,Achiever,Includer,Individualization
EMP100348,Indra Ananda,3.6666666666666667,65,IV,D3,2,4,95.0,24,49,SI,INFJ,26.0,2,2.0,7.0,4.0,1.0,null,2.0,4.0,null,7.0,8.0,7.0,1.0,6.0,8.0,9.0,1.0,1.0,8.0,9.0,5.0,3.8000000000000000,3.4000000000000000,3.8000000000000000,4.2000000000000000,3.4000000000000000,4.0000000000000000,3.8000000000000000,3.8000000000000000,3.8000000000000000,4.2500000000000000,Restorative,Responsibility,Harmony
EMP100349,Dwi Ridwan,3.4000000000000000,97,V,D3,3,3,null,42,31,IC,ESTP,null,5,1.0,7.0,9.0,5.0,5.0,7.0,2.0,4.0,5.0,6.0,4.0,null,1.0,5.0,4.0,9.0,6.0,6.0,7.0,5.0,3.2000000000000000,3.5000000000000000,3.5000000000000000,3.4000000000000000,3.0000000000000000,3.2000000000000000,3.8000000000000000,3.0000000000000000,3.5000000000000000,3.4000000000000000,Futuristic,Arranger,Learner
EMP100350,Galih Ganesha Fauziah,4.7500000000000000,98,V,D3,3,4,null,42,69,DC,null,null,9,2.0,4.0,8.0,9.0,8.0,4.0,1.0,9.0,6.0,null,8.0,8.0,3.0,6.0,2.0,3.0,6.0,1.0,7.0,7.0,4.6000000000000000,4.2000000000000000,4.6000000000000000,4.2500000000000000,4.4000000000000000,4.2000000000000000,4.7500000000000000,4.6666666666666667,4.2000000000000000,3.4000000000000000,Woo,Learner,Communication
EMP100351,Cahyo Jatmiko Wibowo,3.0000000000000000,62,III,SMA,1,6,139.0,48,91,CS,INTJ,31.0,6,2.0,5.0,6.0,1.0,7.0,5.0,1.0,8.0,2.0,7.0,3.0,4.0,8.0,9.0,8.0,9.0,5.0,7.0,9.0,4.0,2.8000000000000000,3.6000000000000000,3.0000000000000000,3.0000000000000000,2.8000000000000000,3.2500000000000000,3.2500000000000000,2.6000000000000000,3.2000000000000000,2.7500000000000000,Focus,Deliberative,Responsibility
EMP100352,Gita Wijaya Lestari,3.4000000000000000,24,V,S1,3,6,85.0,93,95,SD,ISTJ,29.0,6,5.0,1.0,3.0,9.0,2.0,4.0,9.0,8.0,6.0,2.0,4.0,1.0,4.0,null,9.0,8.0,1.0,4.0,8.0,1.0,4.0000000000000000,3.6000000000000000,3.0000000000000000,3.6000000000000000,3.8000000000000000,3.5000000000000000,3.0000000000000000,3.2000000000000000,3.4000000000000000,3.0000000000000000,Ideation,Maximizer,Command
EMP100353,Wahyu Kusuma,3.2500000000000000,24,V,SMA,3,2,89.0,29,93,DI,ENFJ,41.0,7,null,9.0,3.0,null,4.0,3.0,4.0,8.0,5.0,2.0,1.0,4.0,9.0,6.0,3.0,5.0,null,3.0,5.0,5.0,3.6000000000000000,3.5000000000000000,3.6000000000000000,3.7500000000000000,3.2000000000000000,3.6000000000000000,3.8000000000000000,2.8000000000000000,3.7500000000000000,4.3333333333333333,Adaptability,Harmony,Deliberative
EMP100354,Wahyu Setiawan,3.2500000000000000,52,IV,SMA,2,3,null,49,82,CD,INFP,null,1,null,8.0,3.0,7.0,2.0,7.0,1.0,7.0,4.0,4.0,2.0,7.0,4.0,5.0,2.0,4.0,3.0,6.0,5.0,7.0,3.6000000000000000,3.5000000000000000,3.2500000000000000,4.2500000000000000,3.2000000000000000,3.6000000000000000,3.0000000000000000,3.0000000000000000,3.2000000000000000,3.0000000000000000,Significance,Learner,Communication
EMP100355,Dimas Erlangga Yulianto,3.2000000000000000,86,V,D3,3,2,103.0,68,22,CD,null,26.0,3,1.0,4.0,1.0,1.0,2.0,9.0,3.0,1.0,9.0,1.0,3.0,6.0,7.0,7.0,3.0,1.0,null,6.0,3.0,7.0,2.8000000000000000,3.6666666666666667,3.0000000000000000,3.2000000000000000,3.2500000000000000,3.2000000000000000,22.8000000000000000,2.7500000000000000,3.2500000000000000,3.2500000000000000,Arranger,Woo,Restorative
EMP100356,Adi Baskara Subekti,3.2500000000000000,18,V,D3,3,4,null,38,84,DS,ENTJ,null,2,9.0,1.0,6.0,7.0,9.0,2.0,6.0,3.0,6.0,8.0,2.0,8.0,1.0,null,8.0,5.0,6.0,3.0,4.0,4.0,3.6666666666666667,3.5000000000000000,3.5000000000000000,3.0000000000000000,3.5000000000000000,2.7500000000000000,3.5000000000000000,2.6666666666666667,4.0000000000000000,3.0000000000000000,Focus,Individualization,Restorative
EMP100357,Adit Siregar,3.2000000000000000,90,IV,D3,2,2,119.0,61,99,ID,ENTJ,30.0,1,4.0,1.0,6.0,6.0,1.0,3.0,9.0,5.0,6.0,2.0,6.0,8.0,6.0,1.0,3.0,6.0,3.0,9.0,6.0,6.0,3.2000000000000000,2.6000000000000000,2.7500000000000000,3.2000000000000000,3.2000000000000000,3.5000000000000000,3.5000000000000000,3.6000000000000000,3.2500000000000000,2.0000000000000000,Consistency,Focus,Strategic
EMP100358,Rizki Handayani,3.7500000000000000,97,IV,SMA,2,3,127.0,29,98,null,ENFJ,25.0,10,1.0,4.0,3.0,3.0,3.0,8.0,1.0,2.0,2.0,1.0,8.0,null,9.0,3.0,8.0,5.0,8.0,5.0,7.0,2.0,4.0000000000000000,2.7500000000000000,4.0000000000000000,3.4000000000000000,3.6000000000000000,3.4000000000000000,3.0000000000000000,3.6000000000000000,3.8000000000000000,3.4000000000000000,Context,,Connectedness
EMP100359,Vania Baskara Pratama,2.6000000000000000,24,III,SMA,1,1,91.0,47,25,SC,null,22.0,4,2.0,8.0,6.0,9.0,3.0,1.0,1.0,8.0,9.0,9.0,6.0,7.0,2.0,9.0,null,7.0,4.0,1.0,5.0,9.0,2.8000000000000000,2.6000000000000000,2.4000000000000000,2.4000000000000000,2.6666666666666667,3.0000000000000000,3.0000000000000000,2.6000000000000000,2.2000000000000000,2.4000000000000000,Woo,Maximizer,Belief
EMP100360,Rizka Rachman Wijaya,3.0000000000000000,6,III,S1,1,5,110.0,91,92,DC,ENTJ,26.0,2,5.0,2.0,9.0,null,8.0,9.0,2.0,8.0,null,6.0,1.0,4.0,3.0,4.0,2.0,4.0,8.0,8.0,9.0,7.0,3.0000000000000000,3.2500000000000000,4.0000000000000000,3.5000000000000000,2.7500000000000000,2.7500000000000000,3.0000000000000000,2.7500000000000000,3.2500000000000000,2.7500000000000000,Discipline,Significance,Futuristic
EMP100361,Eko Baskara Ananda,3.5000000000000000,52,III,SMA,1,3,83.0,32,47,IS,ESFJ,34.0,4,9.0,4.0,8.0,8.0,8.0,2.0,9.0,1.0,9.0,6.0,null,8.0,9.0,6.0,2.0,5.0,8.0,5.0,4.0,8.0,22.8000000000000000,3.2000000000000000,3.8000000000000000,3.8000000000000000,3.4000000000000000,3.4000000000000000,3.5000000000000000,3.4000000000000000,3.6000000000000000,3.8000000000000000,Restorative,Discipline,Empathy
EMP100362,Adit Ginting,3.8000000000000000,32,V,SMA,3,1,null,100,64,null,null,29.0,4,4.0,2.0,5.0,6.0,3.0,null,null,8.0,8.0,2.0,1.0,1.0,1.0,7.0,9.0,1.0,6.0,6.0,2.0,9.0,3.5000000000000000,3.6000000000000000,3.6000000000000000,3.5000000000000000,3.2000000000000000,3.4000000000000000,3.6000000000000000,3.6000000000000000,3.8000000000000000,4.3333333333333333,,Activator,Arranger
EMP100363,Zahra Salsabila,3.5000000000000000,44,IV,S2,2,5,128.0,52,85,IC,INTP,27.0,5,7.0,7.0,8.0,6.0,7.0,8.0,8.0,3.0,6.0,null,7.0,3.0,3.0,4.0,9.0,2.0,5.0,6.0,5.0,5.0,22.6000000000000000,3.8000000000000000,4.0000000000000000,4.4000000000000000,3.0000000000000000,3.5000000000000000,3.5000000000000000,3.4000000000000000,3.6000000000000000,3.4000000000000000,Competition,Communication,Futuristic
EMP100364,Utami Kusuma,2.2000000000000000,60,IV,SMA,2,6,97.0,59,86,IS,ESTP,31.0,4,4.0,4.0,2.0,1.0,3.0,8.0,4.0,6.0,5.0,4.0,6.0,1.0,null,3.0,9.0,1.0,4.0,5.0,7.0,1.0,2.0000000000000000,1.8000000000000000,2.2500000000000000,2.0000000000000000,2.4000000000000000,1.2500000000000000,1.8000000000000000,1.7500000000000000,2.6000000000000000,2.2000000000000000,Self-Assurance,Focus,
EMP100365,Maya Syahputra,4.2500000000000000,37,III,S2,1,6,111.0,33,27,CI,INFP,27.0,9,9.0,3.0,4.0,9.0,5.0,7.0,3.0,3.0,3.0,5.0,6.0,5.0,1.0,8.0,2.0,1.0,2.0,9.0,9.0,6.0,3.7500000000000000,3.8000000000000000,4.4000000000000000,3.8000000000000000,4.4000000000000000,4.6000000000000000,4.0000000000000000,4.0000000000000000,4.2000000000000000,4.0000000000000000,Arranger,Context,Empathy
EMP100366,Zaki Qolbi Tamba,3.0000000000000000,65,V,S1,3,4,93.0,23,34,DI,ESTP,22.0,8,4.0,null,9.0,4.0,8.0,null,2.0,4.0,6.0,6.0,8.0,6.0,8.0,5.0,3.0,6.0,7.0,1.0,2.0,5.0,2.7500000000000000,2.6000000000000000,3.0000000000000000,2.8000000000000000,3.0000000000000000,3.4000000000000000,2.5000000000000000,2.6000000000000000,2.3333333333333333,3.0000000000000000,Arranger,Includer,Positivity
EMP100367,Utami Utama Maulana,3.4000000000000000,63,IV,S2,2,5,119.0,80,42,SD,ISFJ,27.0,3,9.0,9.0,3.0,1.0,3.0,1.0,7.0,1.0,3.0,4.0,3.0,7.0,null,9.0,null,7.0,1.0,7.0,7.0,1.0,2.6000000000000000,2.2500000000000000,3.0000000000000000,2.8000000000000000,2.6000000000000000,3.0000000000000000,3.0000000000000000,3.2500000000000000,3.0000000000000000,3.0000000000000000,Responsibility,Competition,Context
EMP100368,Dewi Indrawan,3.2000000000000000,111,V,S2,3,2,119.0,73,98,SD,ESTP,21.0,9,3.0,null,2.0,9.0,1.0,1.0,2.0,8.0,8.0,6.0,6.0,5.0,7.0,1.0,9.0,8.0,1.0,4.0,8.0,9.0,3.2000000000000000,3.5000000000000000,3.0000000000000000,2.2500000000000000,3.4000000000000000,3.5000000000000000,3.2000000000000000,3.0000000000000000,3.6000000000000000,3.2500000000000000,Consistency,Arranger,Context
EMP100369,Wahyu Halim,3.0000000000000000,51,V,D3,3,3,106.0,37,75,SC,INTJ,26.0,2,4.0,null,5.0,2.0,8.0,6.0,7.0,null,null,6.0,2.0,2.0,9.0,4.0,5.0,1.0,4.0,9.0,null,3.0,1.7500000000000000,2.7500000000000000,2.4000000000000000,2.2000000000000000,2.7500000000000000,2.2500000000000000,2.4000000000000000,1.6666666666666667,2.2000000000000000,1.7500000000000000,Focus,Belief,Futuristic
EMP100370,Bayu Tamba,4.0000000000000000,34,V,S1,3,4,83.0,38,23,DS,ISTP,25.0,5,9.0,5.0,1.0,6.0,1.0,5.0,3.0,5.0,9.0,4.0,1.0,1.0,6.0,8.0,5.0,4.0,4.0,3.0,1.0,9.0,4.0000000000000000,4.4000000000000000,4.0000000000000000,4.4000000000000000,3.7500000000000000,4.5000000000000000,4.0000000000000000,4.2500000000000000,4.8000000000000000,4.4000000000000000,Adaptability,Context,Discipline
EMP100371,Ahmad Yudhistira Pratama,3.2000000000000000,71,IV,S2,2,1,137.0,24,73,CS,ESFJ,15.0,8,7.0,8.0,7.0,4.0,9.0,7.0,1.0,6.0,5.0,3.0,3.0,null,6.0,5.0,9.0,8.0,2.0,7.0,5.0,6.0,3.0000000000000000,3.5000000000000000,3.2000000000000000,3.0000000000000000,3.0000000000000000,3.6000000000000000,3.4000000000000000,2.7500000000000000,3.4000000000000000,3.2000000000000000,Responsibility,Connectedness,Competition
EMP100372,Andi Baskara Pamungkas,3.0000000000000000,20,V,S1,3,5,128.0,46,53,IS,null,28.0,5,3.0,3.0,3.0,8.0,1.0,4.0,6.0,4.0,9.0,2.0,null,2.0,4.0,4.0,5.0,4.0,6.0,6.0,9.0,7.0,2.6666666666666667,2.7500000000000000,3.0000000000000000,2.7500000000000000,3.2500000000000000,3.3333333333333333,2.3333333333333333,2.6666666666666667,3.5000000000000000,3.5000000000000000,Positivity,Self-Assurance,Arranger
EMP100373,Gita Lestari,2.7500000000000000,73,V,D3,3,1,136.0,64,31,DI,ENTJ,32.0,10,null,4.0,2.0,8.0,4.0,3.0,1.0,2.0,9.0,7.0,9.0,3.0,9.0,7.0,4.0,3.0,2.0,2.0,7.0,8.0,2.0000000000000000,3.2000000000000000,2.8000000000000000,2.8000000000000000,3.2000000000000000,3.0000000000000000,3.0000000000000000,3.0000000000000000,3.6666666666666667,3.0000000000000000,Futuristic,Command,Woo
EMP100374,Utami Tamba,2.7500000000000000,14,III,S1,1,1,null,34,86,DI,ENFJ,32.0,7,2.0,7.0,5.0,5.0,3.0,6.0,6.0,3.0,7.0,6.0,4.0,5.0,null,2.0,3.0,7.0,8.0,7.0,6.0,7.0,2.5000000000000000,2.5000000000000000,3.0000000000000000,3.0000000000000000,2.5000000000000000,2.7500000000000000,2.5000000000000000,3.2500000000000000,3.2500000000000000,2.5000000000000000,Responsibility,Futuristic,Focus
EMP100375,Intan Setiawan,3.2500000000000000,58,III,S2,1,3,100.0,27,90,DS,INTP,17.0,10,9.0,2.0,null,1.0,1.0,6.0,4.0,null,2.0,6.0,2.0,1.0,3.0,9.0,2.0,1.0,4.0,6.0,5.0,7.0,3.2000000000000000,3.2000000000000000,3.2000000000000000,3.4000000000000000,3.3333333333333333,3.7500000000000000,3.0000000000000000,3.2500000000000000,3.6000000000000000,2.0000000000000000,Restorative,Learner,Consistency
EMP100376,Evi Iqbal Syahputra,3.4000000000000000,25,V,S2,3,4,null,79,85,IC,ENFJ,null,9,4.0,null,8.0,5.0,4.0,8.0,6.0,8.0,8.0,6.0,6.0,4.0,7.0,6.0,8.0,3.0,3.0,8.0,2.0,1.0,3.6000000000000000,3.8000000000000000,3.0000000000000000,3.2500000000000000,4.0000000000000000,3.6000000000000000,4.2000000000000000,3.2000000000000000,3.4000000000000000,3.2000000000000000,Strategic,Focus,Achiever
EMP100377,Mahendra Pramudita Sinaga,3.2000000000000000,91,III,S2,1,2,94.0,29,97,CI,INFP,31.0,6,2.0,5.0,5.0,4.0,1.0,3.0,4.0,3.0,4.0,3.0,5.0,5.0,1.0,9.0,1.0,6.0,6.0,4.0,6.0,3.0,2.6000000000000000,3.0000000000000000,3.0000000000000000,3.0000000000000000,3.5000000000000000,3.4000000000000000,3.4000000000000000,3.4000000000000000,3.2500000000000000,3.0000000000000000,Discipline,Learner,Deliberative
EMP100378,Hana Halim,1.8000000000000000,27,III,SMA,1,5,119.0,80,47,DC,ISTP,40.0,9,5.0,2.0,null,7.0,2.0,8.0,4.0,4.0,9.0,7.0,null,6.0,5.0,8.0,8.0,6.0,2.0,3.0,7.0,2.0,3.0000000000000000,2.0000000000000000,2.0000000000000000,1.7500000000000000,1.4000000000000000,2.0000000000000000,2.0000000000000000,2.2500000000000000,2.4000000000000000,1.8000000000000000,,Discipline,Analytical
EMP100379,Ayu Mahardika Simanjuntak,3.0000000000000000,64,III,S2,1,5,null,55,56,SD,ENTJ,null,9,9.0,8.0,6.0,5.0,3.0,7.0,5.0,2.0,9.0,9.0,7.0,2.0,4.0,3.0,2.0,5.0,8.0,9.0,9.0,1.0,2.5000000000000000,2.5000000000000000,3.0000000000000000,3.2000000000000000,3.2000000000000000,2.6000000000000000,3.0000000000000000,3.4000000000000000,3.2000000000000000,2.7500000000000000,Intellection,Learner,Deliberative
EMP100380,Evi Maulida,3.2000000000000000,32,V,S2,3,2,null,99,47,null,INFP,null,5,3.0,5.0,3.0,8.0,7.0,2.0,5.0,4.0,5.0,1.0,1.0,6.0,null,9.0,8.0,7.0,7.0,8.0,1.0,8.0,2.7500000000000000,2.8000000000000000,3.2000000000000000,3.4000000000000000,3.0000000000000000,2.8000000000000000,3.2000000000000000,3.0000000000000000,3.2000000000000000,3.2000000000000000,Self-Assurance,Includer,Analytical
EMP100381,Cahyo Halim Siregar,2.6000000000000000,43,V,D3,3,4,107.0,70,71,DC,ISTP,19.0,1,2.0,2.0,2.0,null,6.0,1.0,1.0,8.0,9.0,7.0,8.0,2.0,6.0,2.0,null,8.0,4.0,5.0,4.0,3.0,2.8000000000000000,3.0000000000000000,2.0000000000000000,2.5000000000000000,2.6000000000000000,3.2500000000000000,2.5000000000000000,2.4000000000000000,2.4000000000000000,2.6000000000000000,,Relator,Discipline
EMP100382,Utami Erlangga Tamba,3.0000000000000000,65,IV,S1,2,5,null,50,96,DS,ESTP,null,1,4.0,3.0,3.0,null,5.0,3.0,9.0,1.0,null,2.0,3.0,6.0,5.0,6.0,4.0,2.0,9.0,1.0,4.0,3.0,3.0000000000000000,2.8000000000000000,2.8000000000000000,2.8000000000000000,2.8000000000000000,3.2000000000000000,3.0000000000000000,3.2000000000000000,3.2000000000000000,2.7500000000000000,Harmony,Ideation,Input
EMP100383,Eko Mahendra,3.2500000000000000,66,III,S2,1,5,98.0,39,100,SC,ESTJ,19.0,2,9.0,9.0,8.0,4.0,1.0,5.0,7.0,6.0,4.0,8.0,6.0,1.0,6.0,6.0,6.0,6.0,2.0,1.0,5.0,7.0,2.5000000000000000,2.8000000000000000,3.2000000000000000,2.7500000000000000,3.0000000000000000,2.8000000000000000,2.4000000000000000,3.2000000000000000,3.3333333333333333,3.0000000000000000,Learner,Discipline,Empathy
EMP100384,Dimas Saputra Utami,3.4000000000000000,98,III,SMA,1,1,122.0,26,44,null,enfp,24.0,1,1.0,null,3.0,6.0,7.0,7.0,6.0,6.0,5.0,4.0,null,7.0,7.0,5.0,4.0,3.0,8.0,6.0,null,7.0,3.0000000000000000,3.4000000000000000,3.2000000000000000,3.6000000000000000,3.4000000000000000,3.5000000000000000,3.8000000000000000,3.2000000000000000,3.7500000000000000,3.0000000000000000,Harmony,Includer,Analytical
EMP100385,Hana Ananda,2.4000000000000000,44,V,SMA,3,4,113.0,86,22,CI,ISFP,18.0,2,5.0,4.0,3.0,7.0,2.0,6.0,9.0,3.0,5.0,2.0,null,3.0,9.0,6.0,2.0,5.0,1.0,null,4.0,6.0,2.6000000000000000,1.7500000000000000,2.8000000000000000,2.3333333333333333,2.5000000000000000,2.4000000000000000,2.4000000000000000,2.2500000000000000,1.8000000000000000,2.4000000000000000,Consistency,Learner,Ideation
EMP100386,Tania Santoso,3.3333333333333333,76,V,S1,3,3,140.0,64,88,SC,ISFJ,34.0,6,5.0,9.0,3.0,9.0,8.0,3.0,5.0,8.0,9.0,6.0,1.0,8.0,7.0,1.0,3.0,4.0,null,8.0,1.0,4.0,3.2500000000000000,2.2500000000000000,2.8000000000000000,2.8000000000000000,3.2000000000000000,2.2500000000000000,3.0000000000000000,2.6666666666666667,3.0000000000000000,3.0000000000000000,Arranger,Intellection,Deliberative
EMP100387,Ari Tri Hartanto,3.6000000000000000,50,V,S2,3,6,null,59,29,null,ENFJ,27.0,5,9.0,6.0,9.0,6.0,8.0,2.0,8.0,6.0,5.0,null,8.0,6.0,2.0,4.0,2.0,null,7.0,1.0,2.0,6.0,3.8000000000000000,3.7500000000000000,3.2500000000000000,3.5000000000000000,3.2000000000000000,3.6000000000000000,3.4000000000000000,3.0000000000000000,3.5000000000000000,4.0000000000000000,,Consistency,Intellection
EMP100388,Rani Qolbi Zulfikar,2.8000000000000000,33,III,S2,1,1,140.0,22,51,SD,ISFP,27.0,2,null,1.0,8.0,6.0,2.0,2.0,3.0,9.0,6.0,6.0,3.0,9.0,6.0,4.0,1.0,4.0,4.0,4.0,5.0,6.0,2.6000000000000000,3.0000000000000000,2.8000000000000000,3.0000000000000000,2.2500000000000000,2.8000000000000000,2.6000000000000000,3.0000000000000000,2.8000000000000000,3.2000000000000000,Strategic,,Competition
EMP100389,Fajar Pratama,2.8000000000000000,74,V,SMA,3,5,null,83,30,SI,INTP,43.0,2,7.0,7.0,2.0,1.0,7.0,9.0,8.0,4.0,2.0,9.0,1.0,null,9.0,9.0,4.0,8.0,3.0,null,4.0,2.0,2.8000000000000000,2.5000000000000000,3.6000000000000000,2.8000000000000000,2.8000000000000000,2.6000000000000000,3.2500000000000000,3.2000000000000000,2.6000000000000000,2.8000000000000000,Significance,Individualization,Responsibility
EMP100390,Bayu Tri Simanjuntak,2.5000000000000000,35,III,S1,1,1,125.0,38,37,DC,ENFJ,31.0,4,2.0,4.0,3.0,3.0,4.0,7.0,5.0,7.0,2.0,7.0,null,6.0,6.0,1.0,4.0,3.0,5.0,5.0,9.0,2.0,2.8000000000000000,3.2500000000000000,2.5000000000000000,2.8000000000000000,3.0000000000000000,2.7500000000000000,3.0000000000000000,2.7500000000000000,3.2000000000000000,3.2000000000000000,Woo,Competition,Positivity
EMP100391,Rizka Adi Anggara,2.7500000000000000,51,V,S1,3,3,131.0,80,85,IS,INFJ,38.0,9,8.0,4.0,8.0,2.0,1.0,9.0,4.0,1.0,3.0,1.0,4.0,2.0,9.0,3.0,1.0,6.0,6.0,4.0,6.0,6.0,2.7500000000000000,2.4000000000000000,2.7500000000000000,2.3333333333333333,3.0000000000000000,2.4000000000000000,2.0000000000000000,2.4000000000000000,2.5000000000000000,2.4000000000000000,Context,Arranger,Self-Assurance
EMP100392,Tania Herlambang,3.5000000000000000,20,III,D3,1,6,110.0,94,57,SI,null,18.0,7,7.0,7.0,2.0,3.0,5.0,3.0,2.0,null,5.0,9.0,7.0,2.0,3.0,8.0,8.0,4.0,5.0,6.0,7.0,9.0,3.2500000000000000,3.5000000000000000,3.0000000000000000,4.0000000000000000,3.0000000000000000,4.0000000000000000,3.2500000000000000,3.5000000000000000,3.6666666666666667,3.2500000000000000,Intellection,Competition,Individualization
EMP100393,Oktavia Ramadhan,2.8000000000000000,61,V,D3,3,2,120.0,26,92,ID,ESFJ,28.0,10,4.0,3.0,3.0,4.0,6.0,2.0,6.0,5.0,5.0,5.0,8.0,2.0,5.0,6.0,1.0,null,8.0,5.0,2.0,3.0,3.2500000000000000,2.8000000000000000,2.6000000000000000,2.4000000000000000,2.4000000000000000,3.0000000000000000,3.0000000000000000,2.6000000000000000,2.8000000000000000,2.6000000000000000,Command,Empathy,Communication
EMP100394,Hadi Jatmiko Kurniawan,2.7500000000000000,44,III,S2,1,4,131.0,61,85,CD,ISTP,27.0,4,9.0,1.0,9.0,null,4.0,1.0,3.0,1.0,2.0,6.0,2.0,3.0,9.0,3.0,5.0,3.0,9.0,6.0,3.0,2.0,2.6000000000000000,3.0000000000000000,2.5000000000000000,3.0000000000000000,3.2000000000000000,2.6000000000000000,2.6000000000000000,2.6000000000000000,2.7500000000000000,2.5000000000000000,Arranger,Analytical,Learner
EMP100395,Joko Nabila Santoso,2.7500000000000000,54,V,SMA,3,1,139.0,60,72,SC,ESFJ,35.0,1,6.0,9.0,9.0,5.0,2.0,1.0,7.0,2.0,8.0,8.0,5.0,9.0,9.0,4.0,1.0,6.0,2.0,3.0,2.0,6.0,3.2000000000000000,3.0000000000000000,3.7500000000000000,3.0000000000000000,3.0000000000000000,3.2500000000000000,3.4000000000000000,3.2000000000000000,3.0000000000000000,2.6000000000000000,Futuristic,Belief,Context
EMP100396,Zaki Anugrah Nugroho,3.2000000000000000,36,V,SMA,3,6,138.0,88,23,DC,ESTJ,32.0,1,1.0,6.0,4.0,4.0,5.0,6.0,6.0,3.0,8.0,9.0,4.0,5.0,4.0,2.0,7.0,1.0,8.0,9.0,6.0,7.0,3.2000000000000000,3.0000000000000000,3.2000000000000000,3.0000000000000000,3.6666666666666667,3.2000000000000000,3.0000000000000000,3.6000000000000000,3.6000000000000000,3.4000000000000000,Command,Individualization,Maximizer
EMP100397,Yuni Iqbal Putra,3.5000000000000000,90,IV,D3,2,5,null,67,44,DI,ISTP,16.0,7,7.0,2.0,5.0,1.0,9.0,2.0,9.0,7.0,2.0,6.0,9.0,1.0,4.0,1.0,2.0,4.0,4.0,6.0,2.0,7.0,3.4000000000000000,4.0000000000000000,3.4000000000000000,4.2000000000000000,4.2000000000000000,4.4000000000000000,3.5000000000000000,3.8000000000000000,3.8000000000000000,4.0000000000000000,,Futuristic,Restorative
EMP100398,Joko Wijaya Wijaya,3.2000000000000000,94,V,S1,3,2,138.0,51,50,ID,ESFP,20.0,1,null,4.0,8.0,1.0,9.0,8.0,null,null,7.0,4.0,3.0,6.0,5.0,5.0,6.0,6.0,9.0,3.0,7.0,3.0,3.0000000000000000,3.0000000000000000,3.2000000000000000,3.0000000000000000,2.8000000000000000,3.5000000000000000,3.0000000000000000,3.0000000000000000,3.6000000000000000,3.0000000000000000,Belief,Achiever,Empathy
EMP100399,Zaki Ramadhan,3.3333333333333333,56,V,S2,3,5,128.0,89,43,null,ISTJ,24.0,3,7.0,3.0,8.0,1.0,9.0,7.0,3.0,5.0,null,9.0,9.0,8.0,6.0,6.0,9.0,3.0,6.0,3.0,8.0,8.0,3.4000000000000000,3.5000000000000000,3.4000000000000000,3.0000000000000000,3.0000000000000000,3.4000000000000000,3.6000000000000000,3.4000000000000000,3.4000000000000000,4.2500000000000000,Futuristic,Input,Self-Assurance
EMP100400,Luthfi Herlambang,3.2500000000000000,53,V,S2,3,4,96.0,96,80,ID,ENFP,23.0,9,7.0,3.0,null,7.0,2.0,4.0,2.0,6.0,3.0,6.0,3.0,2.0,6.0,8.0,2.0,9.0,6.0,5.0,8.0,7.0,3.5000000000000000,3.6000000000000000,3.6000000000000000,3.8000000000000000,3.7500000000000000,3.8000000000000000,2.8000000000000000,3.4000000000000000,3.6000000000000000,3.6000000000000000,Ideation,Maximizer,Self-Assurance
EMP100401,Dwi Wijaya Halim,3.6000000000000000,74,III,S2,1,1,null,78,22,DC,ISFP,null,4,4.0,2.0,6.0,9.0,7.0,6.0,3.0,1.0,1.0,6.0,5.0,1.0,8.0,5.0,4.0,4.0,1.0,7.0,9.0,null,4.0000000000000000,3.2000000000000000,3.5000000000000000,3.8000000000000000,3.0000000000000000,22.8000000000000000,3.8000000000000000,3.4000000000000000,4.0000000000000000,3.2000000000000000,Arranger,Empathy,Relator
EMP100402,Fajar Candra Maulida,3.4000000000000000,91,III,D3,1,6,83.0,90,94,ID,INFP,33.0,5,5.0,4.0,5.0,2.0,9.0,3.0,6.0,6.0,5.0,9.0,9.0,5.0,5.0,3.0,5.0,9.0,9.0,5.0,6.0,4.0,3.2000000000000000,2.4000000000000000,3.6000000000000000,3.7500000000000000,2.7500000000000000,3.5000000000000000,3.6000000000000000,3.6000000000000000,3.0000000000000000,4.0000000000000000,Individualization,Adaptability,Includer
EMP100403,Prasetyo Lestari,3.2500000000000000,46,III,SMA,1,2,104.0,44,85,IC,ENFJ,32.0,2,2.0,8.0,3.0,6.0,2.0,8.0,3.0,3.0,6.0,7.0,null,3.0,5.0,4.0,8.0,3.0,1.0,7.0,8.0,4.0,2.8000000000000000,2.8000000000000000,2.6000000000000000,3.0000000000000000,3.0000000000000000,2.8000000000000000,2.6000000000000000,2.2500000000000000,2.7500000000000000,3.0000000000000000,Intellection,Activator,Adaptability
EMP100404,Anisa Tri Anggara,3.4000000000000000,25,IV,S1,2,4,94.0,93,54,ID,ESFJ,21.0,2,null,5.0,4.0,6.0,6.0,2.0,9.0,8.0,1.0,2.0,5.0,8.0,1.0,3.0,9.0,2.0,4.0,4.0,2.0,2.0,4.0000000000000000,3.5000000000000000,3.2500000000000000,3.4000000000000000,3.7500000000000000,3.8000000000000000,3.6000000000000000,3.2000000000000000,3.8000000000000000,3.4000000000000000,Includer,Maximizer,Communication
EMP100405,Teguh Erlangga Setiawan,3.8000000000000000,55,III,SMA,1,1,127.0,49,63,null,ISTP,34.0,4,6.0,null,8.0,3.0,2.0,null,1.0,7.0,3.0,5.0,1.0,7.0,4.0,3.0,4.0,4.0,7.0,9.0,6.0,4.0,3.8000000000000000,4.0000000000000000,4.0000000000000000,3.4000000000000000,3.2000000000000000,3.8000000000000000,3.8000000000000000,4.4000000000000000,3.6000000000000000,3.6666666666666667,Adaptability,Connectedness,
EMP100406,Vania Lestari Subekti,3.0000000000000000,25,III,D3,1,4,85.0,71,97,DC,INTP,25.0,6,2.0,7.0,1.0,8.0,6.0,1.0,3.0,8.0,8.0,null,4.0,1.0,5.0,7.0,8.0,3.0,3.0,8.0,8.0,6.0,2.8000000000000000,3.4000000000000000,22.4000000000000000,2.4000000000000000,2.8000000000000000,2.8000000000000000,2.4000000000000000,2.8000000000000000,3.4000000000000000,2.6000000000000000,Achiever,Arranger,Activator
EMP100407,Arif Rachman Suharto,3.5000000000000000,94,III,SMA,1,1,116.0,68,83,DC,ESTJ,19.0,7,4.0,6.0,3.0,4.0,4.0,null,5.0,1.0,6.0,null,1.0,8.0,3.0,1.0,4.0,1.0,1.0,1.0,7.0,5.0,3.2500000000000000,3.8000000000000000,3.2000000000000000,3.4000000000000000,3.5000000000000000,3.2000000000000000,3.4000000000000000,3.0000000000000000,3.5000000000000000,3.8000000000000000,Adaptability,Woo,Activator
EMP100408,Rafa Anugrah Kusuma,3.2000000000000000,26,III,S1,1,3,80.0,30,45,CD,ESFP,26.0,4,3.0,7.0,5.0,9.0,7.0,6.0,6.0,2.0,4.0,7.0,9.0,5.0,4.0,8.0,1.0,5.0,9.0,9.0,9.0,3.0,3.2000000000000000,3.5000000000000000,3.2500000000000000,2.8000000000000000,3.0000000000000000,3.2000000000000000,3.5000000000000000,3.4000000000000000,3.2500000000000000,3.8000000000000000,Focus,Empathy,Positivity
EMP100409,Rani Ginting,3.2000000000000000,24,IV,S1,2,4,125.0,62,64,SD,ISFJ,24.0,10,6.0,5.0,6.0,9.0,7.0,8.0,9.0,null,5.0,1.0,4.0,8.0,2.0,5.0,1.0,2.0,1.0,7.0,4.0,9.0,3.4000000000000000,3.0000000000000000,3.2000000000000000,3.0000000000000000,3.6000000000000000,3.4000000000000000,3.2000000000000000,3.8000000000000000,3.4000000000000000,3.2000000000000000,Learner,Woo,Positivity
EMP100410,Adit Saputra Wijaya,3.6000000000000000,64,III,D3,1,4,null,28,40,DS,ISTJ,28.0,10,9.0,4.0,5.0,7.0,6.0,9.0,3.0,6.0,8.0,7.0,8.0,2.0,4.0,5.0,2.0,2.0,4.0,7.0,4.0,1.0,3.4000000000000000,3.6000000000000000,3.7500000000000000,4.2000000000000000,27.2500000000000000,3.4000000000000000,2.3333333333333333,3.8000000000000000,3.6666666666666667,3.5000000000000000,Discipline,Ideation,Intellection
EMP100411,Rani Fauziah,3.2000000000000000,29,III,SMA,1,3,115.0,57,87,SC,INTP,30.0,6,3.0,3.0,2.0,4.0,7.0,2.0,5.0,1.0,5.0,null,5.0,6.0,7.0,null,5.0,7.0,3.0,8.0,1.0,null,3.2000000000000000,3.4000000000000000,2.5000000000000000,2.8000000000000000,2.6000000000000000,3.0000000000000000,3.8000000000000000,3.4000000000000000,3.4000000000000000,3.2000000000000000,Strategic,Woo,Maximizer
EMP100412,Tania Syahputra,3.2500000000000000,26,IV,S1,2,1,130.0,58,50,DS,ENFJ,36.0,8,3.0,8.0,1.0,1.0,2.0,6.0,9.0,2.0,null,1.0,3.0,9.0,9.0,8.0,2.0,8.0,1.0,7.0,5.0,6.0,3.2500000000000000,3.2500000000000000,3.5000000000000000,3.0000000000000000,3.2000000000000000,3.7500000000000000,3.2000000000000000,3.0000000000000000,3.5000000000000000,3.2500000000000000,Futuristic,Consistency,Intellection
EMP100413,Zahra Utama Pratomo,3.0000000000000000,46,III,D3,1,3,86.0,23,87,null,ISTP,31.0,6,8.0,6.0,null,null,4.0,9.0,7.0,5.0,2.0,null,8.0,5.0,4.0,6.0,6.0,5.0,1.0,7.0,4.0,9.0,3.2500000000000000,3.4000000000000000,2.8000000000000000,3.4000000000000000,3.0000000000000000,3.0000000000000000,3.0000000000000000,3.4000000000000000,3.0000000000000000,2.7500000000000000,Significance,Consistency,Belief
EMP100414,Citra Hasibuan,2.6000000000000000,70,V,S2,3,4,104.0,58,99,DC,ESFP,26.0,10,8.0,7.0,9.0,4.0,2.0,9.0,null,8.0,5.0,1.0,9.0,9.0,2.0,3.0,7.0,4.0,6.0,null,1.0,6.0,2.7500000000000000,2.4000000000000000,2.6000000000000000,22.0000000000000000,3.0000000000000000,3.0000000000000000,2.4000000000000000,2.4000000000000000,3.0000000000000000,2.7500000000000000,Strategic,Command,Positivity
EMP100415,Hadi Lukman,2.5000000000000000,38,III,D3,1,2,86.0,86,96,DS,ENTJ,19.0,8,null,7.0,7.0,4.0,1.0,3.0,6.0,2.0,3.0,6.0,2.0,9.0,2.0,6.0,7.0,8.0,8.0,null,1.0,2.0,2.6000000000000000,2.6000000000000000,3.0000000000000000,2.7500000000000000,2.0000000000000000,2.4000000000000000,2.5000000000000000,3.0000000000000000,2.6000000000000000,2.5000000000000000,Ideation,Strategic,Developer
EMP100416,Cahyo Ganesha Handayani,2.0000000000000000,38,V,S2,3,2,139.0,45,94,CS,ESFJ,24.0,2,null,9.0,2.0,7.0,4.0,6.0,5.0,3.0,8.0,3.0,9.0,2.0,9.0,1.0,5.0,7.0,6.0,1.0,7.0,7.0,2.2500000000000000,2.4000000000000000,1.8000000000000000,1.8000000000000000,2.4000000000000000,2.2500000000000000,2.2000000000000000,2.0000000000000000,2.8000000000000000,2.0000000000000000,Relator,Adaptability,Competition
EMP100417,Adi Situmorang,2.2500000000000000,32,III,SMA,1,1,null,73,24,DI,INTJ,null,1,5.0,5.0,1.0,4.0,3.0,1.0,9.0,null,6.0,6.0,null,7.0,9.0,4.0,4.0,9.0,1.0,2.0,9.0,5.0,3.0000000000000000,2.2500000000000000,2.2500000000000000,2.6000000000000000,2.2000000000000000,2.2000000000000000,2.0000000000000000,2.0000000000000000,2.4000000000000000,2.2000000000000000,,Discipline,Context
EMP100418,Oktavia Ganesha Fauziah,3.8000000000000000,29,IV,SMA,2,4,null,79,97,IS,ISFP,null,9,9.0,8.0,8.0,4.0,6.0,4.0,5.0,8.0,null,8.0,2.0,3.0,8.0,6.0,7.0,5.0,1.0,6.0,8.0,4.0,2.8000000000000000,3.0000000000000000,3.0000000000000000,2.0000000000000000,2.8000000000000000,2.8000000000000000,2.8000000000000000,2.2500000000000000,2.8000000000000000,3.2500000000000000,Woo,Harmony,Belief
EMP100419,Lestari Hidayat,3.5000000000000000,49,IV,S1,2,1,null,73,87,DC,ISFJ,null,7,7.0,9.0,4.0,9.0,3.0,3.0,7.0,1.0,2.0,4.0,4.0,9.0,2.0,6.0,1.0,1.0,8.0,3.0,6.0,7.0,4.0000000000000000,3.4000000000000000,3.7500000000000000,4.0000000000000000,3.8000000000000000,3.6000000000000000,3.8000000000000000,4.0000000000000000,3.3333333333333333,4.2500000000000000,Positivity,Adaptability,Woo
EMP100420,Vania Hartanto,2.6000000000000000,81,IV,S2,2,2,80.0,82,98,SD,null,29.0,7,7.0,6.0,4.0,7.0,2.0,3.0,9.0,7.0,6.0,2.0,5.0,3.0,5.0,7.0,3.0,6.0,6.0,8.0,1.0,5.0,3.2500000000000000,2.8000000000000000,2.8000000000000000,2.3333333333333333,2.8000000000000000,2.5000000000000000,2.8000000000000000,2.8000000000000000,2.6000000000000000,2.6000000000000000,Adaptability,Restorative,Futuristic
EMP100421,Adit Anggara,3.0000000000000000,51,III,S1,1,2,85.0,88,60,CI,INTJ,22.0,1,2.0,9.0,9.0,5.0,8.0,5.0,3.0,2.0,7.0,null,3.0,4.0,3.0,6.0,4.0,3.0,8.0,5.0,9.0,8.0,3.0000000000000000,3.0000000000000000,2.8000000000000000,2.0000000000000000,2.6000000000000000,3.5000000000000000,2.4000000000000000,2.8000000000000000,2.5000000000000000,2.6000000000000000,Empathy,Intellection,Competition
EMP100422,Ari Handayani,3.0000000000000000,54,III,D3,1,1,103.0,22,83,IC,null,28.0,8,4.0,2.0,1.0,8.0,4.0,3.0,5.0,1.0,3.0,2.0,5.0,4.0,6.0,1.0,7.0,9.0,1.0,5.0,3.0,9.0,3.0000000000000000,3.2000000000000000,2.8000000000000000,3.0000000000000000,3.0000000000000000,3.2000000000000000,3.2000000000000000,3.0000000000000000,2.5000000000000000,3.2000000000000000,Significance,Deliberative,Individualization
EMP100423,Valdo Fauziah,3.4000000000000000,83,III,S1,1,1,null,20,42,null,ENFJ,null,8,2.0,3.0,null,5.0,9.0,9.0,1.0,5.0,1.0,null,2.0,1.0,2.0,5.0,3.0,6.0,6.0,null,4.0,9.0,4.0000000000000000,3.2500000000000000,3.2000000000000000,3.4000000000000000,3.7500000000000000,3.5000000000000000,3.0000000000000000,3.4000000000000000,3.0000000000000000,3.6000000000000000,,Relator,Adaptability
EMP100424,Valdo Ramadhan,2.7500000000000000,23,IV,D3,2,5,94.0,91,81,DI,ISFJ,29.0,8,8.0,8.0,5.0,null,2.0,9.0,8.0,8.0,null,2.0,1.0,8.0,9.0,6.0,9.0,5.0,3.0,5.0,9.0,1.0,2.6666666666666667,2.0000000000000000,3.0000000000000000,2.6666666666666667,3.0000000000000000,3.5000000000000000,3.0000000000000000,3.0000000000000000,2.0000000000000000,3.0000000000000000,Learner,Achiever,Analytical
EMP100425,Novi Baskara Sinaga,3.6000000000000000,53,IV,SMA,2,2,83.0,40,46,DC,ISFJ,28.0,8,3.0,null,8.0,8.0,5.0,5.0,5.0,null,5.0,2.0,null,4.0,8.0,2.0,8.0,2.0,1.0,8.0,7.0,3.0,3.2500000000000000,3.6000000000000000,3.6000000000000000,3.4000000000000000,3.5000000000000000,3.4000000000000000,3.2000000000000000,22.6000000000000000,3.6000000000000000,3.4000000000000000,,Positivity,Maximizer
EMP100426,Dimas Pamungkas,4.0000000000000000,50,III,S1,1,1,null,64,64,DI,ENTJ,null,2,8.0,9.0,5.0,8.0,8.0,null,2.0,4.0,9.0,7.0,8.0,7.0,6.0,6.0,9.0,8.0,9.0,8.0,2.0,8.0,3.8000000000000000,3.7500000000000000,3.5000000000000000,4.5000000000000000,4.2000000000000000,3.8000000000000000,3.6000000000000000,3.6000000000000000,4.0000000000000000,3.8000000000000000,Consistency,Includer,Communication
EMP100427,Dimas Adi Mahendra,3.4000000000000000,42,IV,S2,2,4,null,69,21,ID,ENFJ,32.0,7,null,6.0,7.0,7.0,7.0,4.0,5.0,6.0,6.0,7.0,4.0,8.0,1.0,1.0,9.0,3.0,2.0,1.0,5.0,8.0,3.4000000000000000,3.2000000000000000,3.0000000000000000,3.0000000000000000,3.6666666666666667,3.7500000000000000,3.0000000000000000,3.6000000000000000,3.2000000000000000,3.2000000000000000,Communication,Intellection,
EMP100428,Umar Pamungkas,3.2500000000000000,61,III,S2,1,5,null,20,74,DC,ESFP,null,9,7.0,6.0,4.0,7.0,5.0,8.0,6.0,null,4.0,5.0,9.0,5.0,7.0,2.0,6.0,4.0,8.0,7.0,9.0,4.0,3.5000000000000000,3.4000000000000000,3.2000000000000000,3.4000000000000000,3.0000000000000000,3.2000000000000000,3.0000000000000000,3.2000000000000000,3.2000000000000000,3.0000000000000000,Belief,Individualization,Intellection
EMP100429,Gita Candra Situmorang,3.0000000000000000,31,III,SMA,1,3,132.0,59,95,SD,INTP,28.0,8,8.0,null,null,4.0,8.0,4.0,3.0,6.0,2.0,5.0,3.0,6.0,1.0,7.0,7.0,8.0,5.0,2.0,5.0,5.0,3.2000000000000000,2.8000000000000000,3.6000000000000000,2.6666666666666667,3.4000000000000000,3.5000000000000000,3.2000000000000000,3.2500000000000000,3.2500000000000000,3.0000000000000000,Includer,Responsibility,Discipline
EMP100430,Valdo Nabila Rohman,2.4000000000000000,39,III,D3,1,5,97.0,93,30,CI,null,25.0,5,2.0,3.0,null,9.0,9.0,5.0,null,3.0,3.0,1.0,6.0,6.0,null,6.0,6.0,2.0,3.0,6.0,1.0,1.0,3.0000000000000000,2.6000000000000000,2.4000000000000000,2.6000000000000000,2.6000000000000000,2.5000000000000000,2.4000000000000000,2.2000000000000000,2.8000000000000000,2.2500000000000000,Belief,Achiever,Activator
EMP100431,Novi Wijaya Putra,3.0000000000000000,119,IV,SMA,2,3,140.0,68,63,DI,null,24.0,4,4.0,3.0,9.0,9.0,8.0,3.0,2.0,3.0,6.0,5.0,1.0,7.0,2.0,null,2.0,7.0,1.0,7.0,9.0,6.0,3.2500000000000000,2.4000000000000000,3.6000000000000000,2.8000000000000000,3.4000000000000000,3.2000000000000000,2.6000000000000000,3.2000000000000000,3.0000000000000000,2.7500000000000000,Consistency,Competition,Activator
EMP100432,Rani Fadillah Rahmawati,3.2500000000000000,94,IV,D3,2,3,null,73,20,DI,ESTP,null,10,5.0,7.0,2.0,2.0,2.0,9.0,null,8.0,null,5.0,7.0,9.0,7.0,7.0,1.0,9.0,4.0,null,5.0,7.0,3.0000000000000000,2.8000000000000000,2.8000000000000000,2.4000000000000000,2.8000000000000000,3.2000000000000000,2.6000000000000000,2.8000000000000000,2.8000000000000000,2.6000000000000000,Connectedness,Intellection,Woo
EMP100433,Dian Ridwan,3.0000000000000000,9,IV,D3,2,3,91.0,63,41,DC,null,28.0,10,4.0,4.0,9.0,2.0,4.0,7.0,2.0,2.0,2.0,6.0,6.0,2.0,3.0,3.0,6.0,3.0,9.0,null,8.0,1.0,3.0000000000000000,3.3333333333333333,2.7500000000000000,2.2500000000000000,3.0000000000000000,3.0000000000000000,3.2500000000000000,3.2500000000000000,3.0000000000000000,3.2500000000000000,Belief,Arranger,
EMP100434,Hadi Wibowo,4.0000000000000000,59,V,S2,3,3,137.0,46,70,CD,INFP,33.0,7,1.0,6.0,5.0,1.0,8.0,1.0,8.0,7.0,3.0,null,6.0,1.0,6.0,8.0,6.0,1.0,7.0,null,null,2.0,4.0000000000000000,4.0000000000000000,4.2500000000000000,4.4000000000000000,3.7500000000000000,4.0000000000000000,4.0000000000000000,4.2000000000000000,3.6000000000000000,3.8000000000000000,Responsibility,Arranger,Activator
EMP100435,Intan Syahputra,2.5000000000000000,34,III,S2,1,5,121.0,64,20,SD,INFJ,21.0,5,5.0,5.0,8.0,1.0,5.0,3.0,6.0,5.0,6.0,4.0,null,3.0,1.0,6.0,null,8.0,5.0,3.0,9.0,7.0,2.8000000000000000,2.6000000000000000,2.8000000000000000,2.7500000000000000,2.8000000000000000,2.6000000000000000,2.6666666666666667,2.8000000000000000,2.4000000000000000,3.5000000000000000,Strategic,Woo,Intellection
EMP100436,Zahra Wijaya,3.2500000000000000,94,IV,D3,2,4,97.0,75,67,ID,null,21.0,3,5.0,5.0,8.0,8.0,9.0,9.0,null,4.0,5.0,2.0,1.0,8.0,6.0,null,1.0,5.0,8.0,9.0,2.0,7.0,3.4000000000000000,2.8000000000000000,3.0000000000000000,2.7500000000000000,3.5000000000000000,3.0000000000000000,3.2000000000000000,2.6666666666666667,3.0000000000000000,3.5000000000000000,Connectedness,Analytical,Woo
EMP100437,Indra Hartanto,3.0000000000000000,86,III,S1,1,6,null,76,91,null,ISTP,null,10,9.0,9.0,4.0,5.0,4.0,3.0,1.0,9.0,3.0,7.0,3.0,7.0,6.0,7.0,6.0,6.0,7.0,7.0,7.0,9.0,3.4000000000000000,2.8000000000000000,3.2000000000000000,2.8000000000000000,3.0000000000000000,3.4000000000000000,3.0000000000000000,3.2000000000000000,3.0000000000000000,3.0000000000000000,Achiever,Connectedness,Communication
EMP100438,Bayu Yudhistira Santoso,3.2000000000000000,50,V,D3,3,3,90.0,60,65,ID,ESFJ,38.0,7,null,null,7.0,4.0,4.0,2.0,null,9.0,null,9.0,9.0,6.0,1.0,9.0,2.0,4.0,7.0,1.0,3.0,1.0,2.8000000000000000,3.2000000000000000,3.2000000000000000,3.0000000000000000,3.2000000000000000,3.0000000000000000,3.0000000000000000,3.0000000000000000,3.0000000000000000,2.5000000000000000,Developer,Arranger,Self-Assurance
EMP100439,Intan Tamba,2.2000000000000000,54,V,S1,3,5,83.0,29,88,IC,ESFJ,30.0,3,5.0,3.0,8.0,6.0,5.0,2.0,4.0,7.0,2.0,5.0,5.0,1.0,5.0,null,3.0,6.0,1.0,8.0,4.0,2.0,2.7500000000000000,1.5000000000000000,2.0000000000000000,2.4000000000000000,2.0000000000000000,2.5000000000000000,2.6000000000000000,2.2000000000000000,2.0000000000000000,2.2000000000000000,Learner,Maximizer,Deliberative
EMP100440,Cahyo Utama Sinaga,4.0000000000000000,3,III,D3,1,6,119.0,53,75,SD,ESFJ,40.0,3,9.0,5.0,9.0,4.0,4.0,8.0,6.0,6.0,1.0,6.0,8.0,2.0,6.0,6.0,1.0,4.0,9.0,5.0,2.0,7.0,3.7500000000000000,3.7500000000000000,4.0000000000000000,4.0000000000000000,3.7500000000000000,4.0000000000000000,3.6666666666666667,4.2500000000000000,4.0000000000000000,4.0000000000000000,Includer,Achiever,Context
EMP100441,Kartika Herlambang,2.8000000000000000,24,III,D3,1,1,118.0,91,84,SC,INTP,34.0,6,9.0,null,2.0,1.0,null,6.0,2.0,7.0,null,2.0,2.0,3.0,8.0,4.0,3.0,7.0,2.0,null,7.0,4.0,2.8000000000000000,2.6000000000000000,3.2000000000000000,3.0000000000000000,2.3333333333333333,3.4000000000000000,2.8000000000000000,2.8000000000000000,3.0000000000000000,3.2000000000000000,Belief,Restorative,Developer
EMP100442,Andi Qolbi Hidayat,2.7500000000000000,29,V,S1,3,3,138.0,91,29,IC,ENTJ,35.0,7,4.0,5.0,4.0,1.0,6.0,2.0,2.0,5.0,3.0,4.0,3.0,8.0,4.0,null,3.0,6.0,9.0,4.0,4.0,9.0,2.6000000000000000,2.5000000000000000,2.4000000000000000,2.7500000000000000,3.0000000000000000,3.2000000000000000,2.4000000000000000,2.6000000000000000,2.5000000000000000,2.6000000000000000,Discipline,Achiever,Positivity
EMP100443,Bayu Qolbi Hidayat,2.8000000000000000,49,V,S2,3,5,117.0,45,79,CI,ESFJ,26.0,9,5.0,1.0,4.0,7.0,8.0,6.0,4.0,1.0,3.0,7.0,4.0,9.0,2.0,5.0,8.0,5.0,4.0,3.0,9.0,3.0,2.8000000000000000,2.7500000000000000,2.0000000000000000,2.6000000000000000,2.2500000000000000,2.6000000000000000,3.2000000000000000,2.2500000000000000,3.0000000000000000,2.6000000000000000,Consistency,Analytical,Self-Assurance
EMP100444,Dimas Purnama,3.4000000000000000,80,V,D3,3,2,114.0,50,50,DC,INFJ,19.0,2,7.0,3.0,3.0,2.0,8.0,7.0,null,9.0,8.0,4.0,4.0,9.0,1.0,9.0,3.0,6.0,6.0,7.0,1.0,5.0,22.6000000000000000,3.4000000000000000,3.2000000000000000,3.8000000000000000,3.6000000000000000,3.2000000000000000,3.5000000000000000,3.2500000000000000,3.2000000000000000,3.7500000000000000,Analytical,Futuristic,Adaptability
EMP100445,Kurnia Wijaya,2.0000000000000000,31,IV,S2,2,5,97.0,97,55,IS,ENTJ,18.0,3,2.0,1.0,9.0,6.0,7.0,1.0,7.0,1.0,4.0,8.0,null,9.0,1.0,7.0,null,8.0,1.0,5.0,9.0,6.0,2.4000000000000000,2.2000000000000000,1.8000000000000000,2.4000000000000000,21.0000000000000000,1.8000000000000000,2.2000000000000000,2.2500000000000000,2.2500000000000000,1.8000000000000000,Learner,Individualization,Ideation
EMP100446,Rifqi Iqbal Ginting,2.4000000000000000,75,IV,SMA,2,2,112.0,93,77,IC,ENTJ,32.0,6,3.0,null,3.0,8.0,8.0,null,5.0,3.0,null,8.0,8.0,7.0,2.0,8.0,5.0,3.0,3.0,9.0,8.0,5.0,2.4000000000000000,1.8000000000000000,2.0000000000000000,2.5000000000000000,2.0000000000000000,2.5000000000000000,2.0000000000000000,2.4000000000000000,2.4000000000000000,2.4000000000000000,Learner,Responsibility,Empathy
EMP100447,Rendra Zulfikar Lestari,3.7500000000000000,23,V,S1,3,3,81.0,48,97,ID,INFP,33.0,5,6.0,7.0,4.0,4.0,9.0,7.0,4.0,null,4.0,2.0,8.0,6.0,4.0,null,9.0,3.0,7.0,6.0,6.0,4.0,3.3333333333333333,3.5000000000000000,3.7500000000000000,3.5000000000000000,3.0000000000000000,3.6666666666666667,4.2500000000000000,3.7500000000000000,3.6666666666666667,4.2500000000000000,Harmony,,Self-Assurance
EMP100448,Gita Jatmiko Santoso,2.2500000000000000,66,III,SMA,1,2,null,42,23,ID,ISTP,null,10,2.0,1.0,2.0,6.0,2.0,null,9.0,3.0,1.0,7.0,6.0,8.0,3.0,6.0,8.0,null,1.0,5.0,9.0,1.0,3.2000000000000000,3.2000000000000000,2.4000000000000000,2.2000000000000000,2.5000000000000000,2.0000000000000000,2.4000000000000000,2.4000000000000000,2.0000000000000000,2.2500000000000000,Empathy,Strategic,Discipline
EMP100449,Ari Ramadhan,2.8000000000000000,120,III,D3,1,2,109.0,58,75,null,ESFP,32.0,10,7.0,6.0,7.0,3.0,8.0,4.0,3.0,9.0,7.0,null,6.0,8.0,4.0,8.0,7.0,6.0,6.0,8.0,5.0,1.0,2.6000000000000000,3.0000000000000000,2.6000000000000000,3.2000000000000000,3.0000000000000000,2.6000000000000000,2.8000000000000000,2.6000000000000000,2.4000000000000000,3.2500000000000000,Relator,Competition,Belief
EMP100450,Indra Lestari,4.0000000000000000,19,III,S2,1,5,134.0,46,99,DI,INTJ,28.0,10,9.0,6.0,7.0,7.0,2.0,7.0,8.0,9.0,1.0,9.0,3.0,8.0,2.0,9.0,4.0,8.0,2.0,6.0,9.0,4.0,4.2500000000000000,4.2500000000000000,4.0000000000000000,3.5000000000000000,3.7500000000000000,4.0000000000000000,3.7500000000000000,4.5000000000000000,3.7500000000000000,3.7500000000000000,Adaptability,Deliberative,Responsibility
EMP100451,Fitri Qolbi Simanjuntak,2.7500000000000000,63,V,SMA,3,4,85.0,95,87,CD,ESFP,24.0,3,6.0,2.0,8.0,4.0,8.0,6.0,8.0,2.0,6.0,3.0,null,4.0,null,5.0,3.0,3.0,8.0,5.0,6.0,7.0,2.6000000000000000,2.7500000000000000,2.4000000000000000,2.6000000000000000,2.6000000000000000,2.4000000000000000,2.5000000000000000,3.0000000000000000,2.4000000000000000,2.2500000000000000,Futuristic,Input,Belief
EMP100452,Zahra Zulfikar Ramadhan,3.0000000000000000,52,V,SMA,3,3,118.0,57,27,DC,INFJ,26.0,8,6.0,8.0,1.0,6.0,3.0,null,9.0,3.0,5.0,6.0,5.0,5.0,4.0,8.0,8.0,5.0,9.0,7.0,5.0,2.0,3.6000000000000000,3.2000000000000000,3.2000000000000000,3.6000000000000000,3.2500000000000000,3.8000000000000000,2.7500000000000000,3.2000000000000000,2.7500000000000000,3.5000000000000000,Activator,Relator,Belief
EMP100453,Yuni Subekti,3.2000000000000000,27,V,S1,3,2,112.0,92,83,CI,INTJ,18.0,4,5.0,8.0,2.0,5.0,1.0,6.0,5.0,3.0,5.0,9.0,7.0,2.0,6.0,7.0,2.0,null,2.0,9.0,5.0,7.0,2.6000000000000000,3.5000000000000000,3.2000000000000000,2.2000000000000000,2.8000000000000000,3.6000000000000000,2.7500000000000000,3.2500000000000000,3.5000000000000000,3.0000000000000000,Ideation,Belief,
EMP100454,Nadia Iqbal Maulana,3.3333333333333333,0,IV,S1,2,3,132.0,49,39,DI,ISTP,20.0,1,null,6.0,7.0,2.0,1.0,3.0,6.0,6.0,3.0,9.0,7.0,2.0,3.0,5.0,6.0,2.0,8.0,4.0,7.0,2.0,3.5000000000000000,3.0000000000000000,3.3333333333333333,3.0000000000000000,3.2500000000000000,3.7500000000000000,3.5000000000000000,3.0000000000000000,3.7500000000000000,2.7500000000000000,Intellection,Learner,Context
EMP100455,Zaki Siregar,3.2500000000000000,71,III,S1,1,4,null,96,51,CS,inftj,null,10,9.0,4.0,4.0,7.0,1.0,9.0,5.0,3.0,6.0,null,4.0,null,5.0,2.0,6.0,3.0,4.0,2.0,7.0,3.0,3.6000000000000000,2.5000000000000000,3.4000000000000000,3.0000000000000000,3.5000000000000000,3.2000000000000000,3.2000000000000000,3.2000000000000000,3.2000000000000000,3.4000000000000000,Focus,Empathy,Harmony
EMP100456,Rama Gunawan,3.2000000000000000,51,III,S2,1,3,null,65,88,IS,ESTJ,null,9,7.0,9.0,3.0,8.0,5.0,7.0,7.0,7.0,null,5.0,9.0,3.0,1.0,7.0,8.0,6.0,6.0,9.0,5.0,1.0,3.4000000000000000,3.2000000000000000,2.7500000000000000,3.4000000000000000,3.0000000000000000,2.8000000000000000,3.2000000000000000,3.2500000000000000,2.7500000000000000,3.5000000000000000,,Focus,Strategic
EMP100457,Nurlita Maulana,2.7500000000000000,63,V,S2,3,3,117.0,41,95,SD,ISTJ,26.0,2,7.0,8.0,4.0,4.0,null,2.0,9.0,9.0,6.0,2.0,1.0,9.0,9.0,1.0,9.0,1.0,3.0,2.0,5.0,7.0,2.6000000000000000,3.0000000000000000,3.2000000000000000,2.4000000000000000,2.2500000000000000,2.6000000000000000,2.0000000000000000,3.0000000000000000,3.2000000000000000,2.5000000000000000,,Command,Adaptability
EMP100458,Fajar Mahardika Handayani,2.6000000000000000,70,V,D3,3,3,114.0,27,89,IC,ESFP,23.0,7,2.0,6.0,7.0,8.0,2.0,5.0,null,7.0,null,7.0,2.0,4.0,8.0,3.0,3.0,5.0,6.0,4.0,3.0,2.0,2.2000000000000000,2.3333333333333333,2.4000000000000000,2.4000000000000000,2.7500000000000000,3.0000000000000000,2.7500000000000000,2.6000000000000000,2.5000000000000000,2.8000000000000000,Harmony,Restorative,Intellection
EMP100459,Zahra Syahputra,3.4000000000000000,81,V,S2,3,1,85.0,29,28,null,ESFJ,22.0,8,9.0,4.0,2.0,4.0,1.0,8.0,4.0,9.0,null,7.0,9.0,2.0,2.0,7.0,4.0,8.0,7.0,1.0,2.0,null,3.2000000000000000,4.0000000000000000,3.4000000000000000,3.6000000000000000,3.2500000000000000,3.2000000000000000,3.6000000000000000,3.0000000000000000,3.2500000000000000,3.2000000000000000,Communication,Self-Assurance,Strategic
EMP100460,Joko Sinaga,3.4000000000000000,45,IV,D3,2,4,89.0,49,23,SI,ISTJ,29.0,4,7.0,2.0,null,5.0,null,6.0,4.0,9.0,null,5.0,1.0,2.0,9.0,7.0,6.0,5.0,6.0,4.0,3.0,6.0,3.0000000000000000,3.5000000000000000,3.0000000000000000,3.4000000000000000,3.2000000000000000,3.5000000000000000,3.2000000000000000,2.6666666666666667,3.4000000000000000,3.2000000000000000,Empathy,Significance,Restorative
EMP100461,Novi Suharto,4.2500000000000000,37,III,S2,1,3,87.0,74,88,CS,null,35.0,4,7.0,2.0,8.0,1.0,2.0,1.0,6.0,7.0,9.0,4.0,1.0,5.0,5.0,2.0,3.0,3.0,8.0,7.0,2.0,null,2.6000000000000000,3.3333333333333333,3.0000000000000000,3.0000000000000000,2.8000000000000000,3.2000000000000000,2.8000000000000000,3.0000000000000000,3.5000000000000000,3.0000000000000000,Activator,Developer,Arranger
EMP100462,Lestari Anggara,3.6000000000000000,28,III,S2,1,5,85.0,81,54,CD,ENTP,23.0,4,1.0,2.0,4.0,2.0,1.0,6.0,9.0,8.0,2.0,1.0,3.0,1.0,4.0,7.0,3.0,1.0,5.0,6.0,7.0,8.0,3.2000000000000000,3.5000000000000000,3.6666666666666667,3.4000000000000000,4.0000000000000000,3.0000000000000000,3.6000000000000000,3.0000000000000000,4.0000000000000000,4.2500000000000000,Individualization,Maximizer,Adaptability
EMP100463,Arif Kurniawan,2.7500000000000000,91,V,S1,3,4,123.0,62,95,DI,ISFJ,35.0,7,7.0,7.0,4.0,5.0,8.0,6.0,8.0,9.0,4.0,null,4.0,7.0,9.0,9.0,8.0,null,5.0,9.0,8.0,9.0,3.0000000000000000,2.8000000000000000,3.4000000000000000,3.7500000000000000,2.5000000000000000,3.4000000000000000,2.8000000000000000,3.0000000000000000,3.4000000000000000,3.6000000000000000,Maximizer,,Self-Assurance
EMP100464,Anisa Erlangga Lukman,3.2500000000000000,104,III,SMA,1,1,132.0,57,22,SD,ESTJ,38.0,4,1.0,1.0,null,7.0,null,4.0,8.0,1.0,5.0,2.0,6.0,3.0,9.0,6.0,null,1.0,5.0,4.0,4.0,5.0,3.2500000000000000,2.5000000000000000,3.0000000000000000,3.4000000000000000,3.2000000000000000,2.2500000000000000,2.7500000000000000,3.0000000000000000,3.0000000000000000,3.2500000000000000,Individualization,Learner,
EMP100465,Eko Pamungkas,2.8000000000000000,48,IV,D3,2,5,119.0,56,70,CS,ISTJ,28.0,4,1.0,8.0,5.0,2.0,2.0,8.0,2.0,1.0,4.0,3.0,2.0,null,null,1.0,3.0,6.0,6.0,4.0,5.0,5.0,3.0000000000000000,2.7500000000000000,2.0000000000000000,2.7500000000000000,2.8000000000000000,2.0000000000000000,2.6000000000000000,2.8000000000000000,3.0000000000000000,3.2000000000000000,,Activator,Self-Assurance
EMP100466,Gita Nabila Indrawan,4.0000000000000000,48,V,S2,3,6,95.0,91,93,DS,ISTP,35.0,5,1.0,3.0,1.0,3.0,8.0,8.0,8.0,5.0,1.0,4.0,4.0,9.0,3.0,1.0,8.0,3.0,9.0,1.0,9.0,7.0,3.8000000000000000,3.0000000000000000,3.4000000000000000,4.0000000000000000,3.8000000000000000,3.7500000000000000,4.2500000000000000,3.3333333333333333,3.6666666666666667,4.5000000000000000,Developer,Individualization,Discipline
EMP100467,Lestari Mahardika Suharto,3.0000000000000000,10,III,D3,1,6,115.0,81,63,DS,ISFJ,23.0,8,9.0,2.0,2.0,4.0,8.0,6.0,5.0,9.0,1.0,7.0,9.0,5.0,1.0,9.0,8.0,1.0,4.0,2.0,7.0,8.0,2.0000000000000000,3.0000000000000000,2.7500000000000000,2.2500000000000000,2.6666666666666667,3.0000000000000000,3.2500000000000000,2.5000000000000000,3.0000000000000000,3.0000000000000000,Learner,,Consistency
EMP100468,Dinda Erlangga Indrawan,2.8000000000000000,26,III,S2,1,3,null,75,98,null,ISTP,12.0,10,8.0,9.0,7.0,null,3.0,4.0,6.0,4.0,7.0,5.0,4.0,null,1.0,3.0,7.0,9.0,3.0,null,6.0,1.0,3.0000000000000000,2.5000000000000000,2.6000000000000000,3.5000000000000000,3.2500000000000000,2.6000000000000000,2.8000000000000000,3.5000000000000000,2.6000000000000000,2.8000000000000000,Activator,Futuristic,Includer
EMP100469,Sari Suharto,3.2000000000000000,57,V,D3,3,6,82.0,34,89,DS,INTJ,36.0,9,null,9.0,4.0,9.0,1.0,2.0,1.0,null,7.0,5.0,4.0,1.0,7.0,6.0,4.0,1.0,5.0,5.0,4.0,8.0,3.2000000000000000,3.4000000000000000,3.2000000000000000,3.0000000000000000,3.0000000000000000,3.6000000000000000,3.0000000000000000,2.8000000000000000,2.7500000000000000,2.8000000000000000,Self-Assurance,Arranger,Context
EMP100470,Wulan Saputra Santoso,2.7500000000000000,64,V,S1,3,3,null,72,57,SI,ESTJ,null,10,7.0,3.0,2.0,1.0,null,3.0,1.0,null,9.0,5.0,null,8.0,6.0,3.0,8.0,null,4.0,4.0,6.0,7.0,2.7500000000000000,2.6000000000000000,2.0000000000000000,2.2000000000000000,2.0000000000000000,2.7500000000000000,3.0000000000000000,2.4000000000000000,2.0000000000000000,2.4000000000000000,Activator,Harmony,Futuristic
EMP100471,Indra Zulfikar Rahmawati,2.2500000000000000,32,V,D3,3,5,123.0,58,84,DC,INTJ,36.0,4,7.0,7.0,7.0,2.0,3.0,7.0,1.0,7.0,7.0,4.0,4.0,6.0,6.0,7.0,5.0,4.0,5.0,2.0,8.0,9.0,2.8000000000000000,2.6000000000000000,2.8000000000000000,2.5000000000000000,3.0000000000000000,3.0000000000000000,2.8000000000000000,2.6000000000000000,2.5000000000000000,2.8000000000000000,Ideation,Discipline,Positivity
EMP100472,Rani Zulfikar Ginting,2.6666666666666667,44,III,S2,1,1,null,77,61,null,ISTP,null,8,5.0,8.0,8.0,1.0,7.0,7.0,5.0,5.0,7.0,6.0,8.0,1.0,6.0,2.0,7.0,null,2.0,9.0,9.0,1.0,3.2000000000000000,3.2500000000000000,3.2500000000000000,3.2500000000000000,3.4000000000000000,3.2000000000000000,3.2500000000000000,3.0000000000000000,3.2000000000000000,3.0000000000000000,,Analytical,Communication
EMP100473,Zaki Zulfikar Salsabila,4.0000000000000000,6,IV,SMA,2,1,132.0,71,92,DS,ESFJ,22.0,1,1.0,1.0,9.0,9.0,9.0,2.0,6.0,1.0,6.0,null,3.0,3.0,4.0,9.0,4.0,8.0,1.0,9.0,7.0,7.0,4.2500000000000000,3.7500000000000000,2.3333333333333333,3.7500000000000000,4.2500000000000000,4.0000000000000000,4.0000000000000000,3.7500000000000000,4.5000000000000000,4.0000000000000000,Positivity,Developer,Learner
EMP100474,Vania Iqbal Fauziah,2.2500000000000000,45,IV,SMA,2,2,103.0,53,100,CD,ESFP,27.0,7,8.0,7.0,null,null,1.0,3.0,null,5.0,2.0,null,4.0,2.0,9.0,9.0,8.0,9.0,2.0,3.0,5.0,4.0,2.0000000000000000,2.4000000000000000,2.4000000000000000,2.4000000000000000,2.7500000000000000,2.8000000000000000,2.5000000000000000,2.6000000000000000,2.8000000000000000,2.4000000000000000,Input,Empathy,Harmony
EMP100475,Rizky Setiawan,3.2500000000000000,47,III,S1,1,4,94.0,76,69,SD,INTP,26.0,6,5.0,null,8.0,2.0,2.0,5.0,null,5.0,3.0,3.0,1.0,5.0,9.0,null,8.0,1.0,5.0,5.0,1.0,1.0,3.0000000000000000,3.6000000000000000,3.4000000000000000,3.4000000000000000,3.0000000000000000,2.6666666666666667,3.2000000000000000,3.2500000000000000,3.2000000000000000,3.2000000000000000,Learner,Connectedness,Positivity
EMP100476,Sari Hartanto,3.5000000000000000,96,IV,S2,2,3,105.0,92,26,DS,ENTJ,28.0,4,4.0,1.0,6.0,9.0,3.0,5.0,7.0,4.0,9.0,8.0,9.0,5.0,null,4.0,8.0,4.0,null,9.0,1.0,7.0,3.8000000000000000,3.8000000000000000,3.8000000000000000,4.0000000000000000,4.5000000000000000,3.5000000000000000,3.6000000000000000,3.6000000000000000,4.0000000000000000,4.0000000000000000,Individualization,Positivity,Command
EMP100477,Gita Wibowo,21.6000000000000000,98,IV,S2,2,4,null,98,88,SD,ENFJ,20.0,7,null,6.0,6.0,null,7.0,2.0,3.0,3.0,7.0,8.0,5.0,9.0,4.0,2.0,9.0,3.0,3.0,6.0,7.0,2.0,2.6000000000000000,2.6000000000000000,2.6000000000000000,2.4000000000000000,2.6000000000000000,2.2000000000000000,3.7500000000000000,3.0000000000000000,2.6000000000000000,2.0000000000000000,Relator,,Arranger
EMP100478,Nurlita Kusuma Pratama,3.0000000000000000,66,III,S1,1,5,89.0,28,100,DI,null,24.0,10,3.0,null,9.0,7.0,9.0,1.0,3.0,8.0,8.0,7.0,3.0,null,6.0,6.0,2.0,8.0,4.0,null,9.0,5.0,3.0000000000000000,3.2000000000000000,2.7500000000000000,2.6000000000000000,2.5000000000000000,3.0000000000000000,3.0000000000000000,2.8000000000000000,2.8000000000000000,3.0000000000000000,Harmony,Includer,
EMP100479,Rendra Yudhistira Herlambang,3.0000000000000000,82,V,S2,3,2,115.0,27,72,CI,ENTJ,25.0,7,null,7.0,1.0,3.0,2.0,6.0,1.0,3.0,9.0,3.0,8.0,9.0,1.0,6.0,7.0,2.0,6.0,6.0,7.0,9.0,3.2500000000000000,2.8000000000000000,3.4000000000000000,3.0000000000000000,3.0000000000000000,3.0000000000000000,2.7500000000000000,2.8000000000000000,3.4000000000000000,2.7500000000000000,Individualization,Intellection,Learner
EMP100480,Dimas Maulana,3.5000000000000000,28,III,SMA,1,3,null,73,97,DI,ENFP,null,10,5.0,5.0,6.0,6.0,3.0,null,3.0,1.0,4.0,4.0,8.0,2.0,9.0,7.0,3.0,6.0,null,2.0,8.0,1.0,3.4000000000000000,3.8000000000000000,3.2500000000000000,3.6000000000000000,4.0000000000000000,4.0000000000000000,3.7500000000000000,3.2000000000000000,3.6666666666666667,3.5000000000000000,Includer,Consistency,
EMP100481,Rama Salsabila,3.4000000000000000,90,III,D3,1,2,100.0,21,21,DC,ENFP,29.0,9,3.0,4.0,1.0,null,1.0,1.0,3.0,1.0,6.0,7.0,7.0,9.0,4.0,4.0,4.0,8.0,null,9.0,null,5.0,3.8000000000000000,3.4000000000000000,3.7500000000000000,3.4000000000000000,4.0000000000000000,3.8000000000000000,3.7500000000000000,3.4000000000000000,3.4000000000000000,3.2500000000000000,Developer,Ideation,Connectedness
EMP100482,Rani Rachman Setiawan,2.4000000000000000,38,V,SMA,3,2,120.0,50,75,null,ENTP,14.0,4,2.0,null,7.0,3.0,5.0,6.0,1.0,6.0,3.0,7.0,null,3.0,null,9.0,5.0,7.0,6.0,null,6.0,1.0,2.2000000000000000,3.4000000000000000,2.3333333333333333,2.2500000000000000,2.8000000000000000,1.6000000000000000,3.0000000000000000,2.0000000000000000,2.6000000000000000,2.2500000000000000,Maximizer,Achiever,Discipline
EMP100483,Intan Nabila Pamungkas,2.7500000000000000,23,III,S1,1,6,null,42,37,DI,ESFJ,null,5,8.0,2.0,7.0,2.0,8.0,6.0,2.0,4.0,5.0,9.0,3.0,4.0,5.0,8.0,8.0,2.0,8.0,4.0,null,6.0,2.3333333333333333,2.5000000000000000,2.7500000000000000,3.5000000000000000,2.6666666666666667,2.6666666666666667,2.7500000000000000,2.0000000000000000,2.7500000000000000,3.2500000000000000,Futuristic,Woo,Communication
EMP100484,Citra Nabila Handayani,3.4000000000000000,35,V,S1,3,4,null,99,46,SD,ENTP,null,7,9.0,9.0,null,null,4.0,1.0,4.0,8.0,4.0,7.0,1.0,7.0,5.0,5.0,9.0,4.0,6.0,null,7.0,2.0,3.6000000000000000,3.0000000000000000,3.2000000000000000,3.0000000000000000,3.0000000000000000,3.4000000000000000,3.6000000000000000,3.2000000000000000,3.0000000000000000,3.4000000000000000,Analytical,Includer,Learner
EMP100485,Galih Aji Saputra,3.7500000000000000,20,V,S2,3,6,111.0,60,72,CI,ENTJ,18.0,5,7.0,6.0,9.0,2.0,null,3.0,6.0,2.0,5.0,5.0,9.0,9.0,null,8.0,9.0,9.0,8.0,null,4.0,2.0,4.3333333333333333,3.7500000000000000,3.7500000000000000,4.0000000000000000,3.5000000000000000,3.7500000000000000,4.0000000000000000,4.5000000000000000,3.6666666666666667,4.0000000000000000,Woo,Strategic,Empathy
EMP100486,Joko Simanjuntak,3.6666666666666667,22,III,S2,1,3,110.0,88,78,SC,ESFJ,28.0,8,null,5.0,2.0,null,6.0,2.0,1.0,3.0,5.0,9.0,8.0,7.0,3.0,9.0,8.0,6.0,2.0,7.0,8.0,1.0,2.5000000000000000,3.7500000000000000,2.5000000000000000,3.0000000000000000,2.7500000000000000,3.2500000000000000,3.0000000000000000,2.6666666666666667,3.7500000000000000,3.3333333333333333,Futuristic,Belief,Self-Assurance
EMP100487,Joko Lukman,2.4000000000000000,24,IV,SMA,2,6,106.0,73,47,ID,ENTP,25.0,2,5.0,1.0,5.0,6.0,6.0,3.0,8.0,2.0,6.0,2.0,9.0,null,6.0,6.0,9.0,6.0,8.0,8.0,null,3.0,2.4000000000000000,2.2500000000000000,2.4000000000000000,2.6000000000000000,2.0000000000000000,3.4000000000000000,2.7500000000000000,2.7500000000000000,2.2000000000000000,2.6000000000000000,Analytical,Strategic,
EMP100488,Luthfi Pratama,2.6000000000000000,64,IV,S1,2,3,126.0,95,95,DI,ENTJ,44.0,10,2.0,6.0,2.0,9.0,4.0,8.0,9.0,1.0,null,5.0,1.0,6.0,6.0,null,8.0,6.0,6.0,2.0,5.0,9.0,2.8000000000000000,2.2500000000000000,2.5000000000000000,2.2000000000000000,2.8000000000000000,3.2000000000000000,2.4000000000000000,2.6000000000000000,3.0000000000000000,3.0000000000000000,Discipline,Significance,Focus
EMP100489,Vania Adi Setiawan,3.3333333333333333,12,IV,S2,2,1,124.0,57,36,DS,ISTP,21.0,2,1.0,8.0,9.0,9.0,7.0,1.0,6.0,7.0,6.0,5.0,4.0,5.0,8.0,6.0,7.0,null,7.0,5.0,2.0,4.0,3.0000000000000000,3.5000000000000000,4.0000000000000000,3.5000000000000000,3.6666666666666667,3.0000000000000000,3.2500000000000000,3.0000000000000000,3.5000000000000000,4.0000000000000000,Positivity,Learner,Communication
EMP100490,Cahyo Suharto,3.0000000000000000,44,IV,S2,2,5,80.0,33,61,CI,ESFJ,31.0,4,null,2.0,1.0,4.0,6.0,2.0,1.0,2.0,6.0,5.0,7.0,2.0,8.0,1.0,9.0,2.0,8.0,7.0,2.0,8.0,3.4000000000000000,3.0000000000000000,3.4000000000000000,3.2500000000000000,3.2000000000000000,3.4000000000000000,3.2500000000000000,3.2000000000000000,3.4000000000000000,3.4000000000000000,Discipline,Responsibility,Ideation
EMP100491,Gita Anggara,2.6000000000000000,85,III,D3,1,3,89.0,92,76,ID,ENFP,26.0,8,4.0,9.0,8.0,2.0,6.0,2.0,4.0,7.0,3.0,9.0,3.0,1.0,9.0,6.0,8.0,2.0,8.0,6.0,8.0,4.0,2.2000000000000000,3.3333333333333333,2.0000000000000000,2.6000000000000000,2.5000000000000000,3.0000000000000000,2.7500000000000000,2.2000000000000000,2.8000000000000000,2.0000000000000000,Belief,Competition,Adaptability
EMP100492,Ahmad Lestari Handayani,3.2000000000000000,74,III,SMA,1,4,90.0,41,55,DC,ISTJ,31.0,9,1.0,3.0,2.0,6.0,6.0,5.0,8.0,6.0,3.0,1.0,5.0,4.0,2.0,6.0,3.0,null,5.0,null,1.0,4.0,3.2000000000000000,3.2000000000000000,3.2500000000000000,3.2000000000000000,3.4000000000000000,2.8000000000000000,3.0000000000000000,3.0000000000000000,3.4000000000000000,3.2500000000000000,Ideation,Intellection,Strategic
EMP100493,Nurlita Wijaya,3.0000000000000000,47,III,SMA,1,6,112.0,71,81,CD,ESFJ,25.0,2,3.0,4.0,5.0,2.0,4.0,7.0,2.0,2.0,8.0,5.0,3.0,4.0,4.0,4.0,3.0,5.0,5.0,5.0,2.0,9.0,3.0000000000000000,2.8000000000000000,3.4000000000000000,2.8000000000000000,2.8000000000000000,2.3333333333333333,3.5000000000000000,3.2000000000000000,2.3333333333333333,3.0000000000000000,Arranger,Context,Discipline
EMP100494,Dwi Mahardika Anggara,3.2500000000000000,30,IV,D3,2,4,95.0,41,44,IS,INTJ,24.0,6,4.0,6.0,9.0,7.0,3.0,9.0,1.0,7.0,9.0,8.0,4.0,4.0,8.0,9.0,4.0,1.0,3.0,1.0,4.0,4.0,3.2000000000000000,3.4000000000000000,3.2500000000000000,4.0000000000000000,3.5000000000000000,3.0000000000000000,3.8000000000000000,3.0000000000000000,3.2500000000000000,3.2000000000000000,Harmony,Belief,Focus
EMP100495,Gita Ganesha Zulfikar,2.4000000000000000,64,IV,S2,2,4,81.0,29,32,DI,ISTP,27.0,8,4.0,3.0,null,5.0,8.0,null,8.0,8.0,3.0,3.0,9.0,3.0,1.0,7.0,3.0,1.0,null,3.0,8.0,1.0,2.4000000000000000,2.4000000000000000,2.6000000000000000,2.2000000000000000,2.7500000000000000,2.2000000000000000,2.2000000000000000,2.2000000000000000,3.0000000000000000,2.0000000000000000,Strategic,Arranger,Competition
EMP100496,Intan Wijaya Pratomo,2.8000000000000000,74,IV,D3,2,1,null,43,81,SI,ISTP,null,4,6.0,4.0,2.0,null,6.0,4.0,1.0,4.0,3.0,5.0,6.0,7.0,7.0,2.0,3.0,2.0,9.0,3.0,6.0,5.0,3.0000000000000000,2.2500000000000000,3.0000000000000000,2.8000000000000000,3.0000000000000000,2.6666666666666667,3.2000000000000000,2.2500000000000000,2.5000000000000000,2.6000000000000000,Self-Assurance,Communication,Belief
EMP100497,Oka Syahputra,3.5000000000000000,38,V,S2,3,4,87.0,67,23,null,INTP,31.0,5,1.0,3.0,4.0,9.0,7.0,5.0,null,1.0,3.0,null,7.0,2.0,5.0,1.0,9.0,7.0,1.0,1.0,9.0,4.0,3.6000000000000000,3.7500000000000000,3.6000000000000000,2.7500000000000000,3.4000000000000000,3.8000000000000000,3.5000000000000000,3.2500000000000000,3.2500000000000000,3.5000000000000000,Learner,Analytical,Input
EMP100498,Fitri Situmorang,3.7500000000000000,58,IV,SMA,2,4,80.0,65,99,IS,ENTJ,41.0,9,3.0,1.0,9.0,null,5.0,3.0,6.0,1.0,4.0,6.0,3.0,8.0,6.0,9.0,9.0,1.0,5.0,2.0,6.0,7.0,3.2000000000000000,3.8000000000000000,3.0000000000000000,3.6000000000000000,3.4000000000000000,3.4000000000000000,3.2000000000000000,3.0000000000000000,3.2000000000000000,3.0000000000000000,Restorative,Deliberative,Context
EMP100499,Adit Herlambang,3.7500000000000000,43,III,S2,1,2,null,27,24,CS,ISFJ,null,7,6.0,8.0,1.0,4.0,7.0,null,4.0,2.0,null,8.0,1.0,5.0,4.0,null,1.0,7.0,7.0,null,8.0,9.0,3.2000000000000000,3.4000000000000000,3.4000000000000000,22.6000000000000000,3.4000000000000000,3.8000000000000000,3.7500000000000000,4.4000000000000000,4.0000000000000000,3.8000000000000000,Ideation,Discipline,Includer
EMP100500,Yoga Mahardika Gunawan,3.5000000000000000,16,III,SMA,1,6,117.0,71,39,DC,ENFP,27.0,3,3.0,6.0,5.0,null,1.0,7.0,9.0,4.0,9.0,null,8.0,2.0,5.0,8.0,3.0,3.0,8.0,2.0,5.0,null,3.2500000000000000,3.7500000000000000,3.2500000000000000,3.5000000000000000,3.0000000000000000,4.2500000000000000,3.0000000000000000,3.2500000000000000,3.5000000000000000,3.7500000000000000,Achiever,Restorative,Individualization
EMP100501,Rifqi Rachman Santoso,2.6000000000000000,36,III,SMA,1,5,122.0,34,54,CD,enfp,25.0,9,7.0,9.0,7.0,2.0,null,3.0,9.0,null,null,1.0,1.0,8.0,8.0,9.0,1.0,5.0,null,4.0,8.0,8.0,2.2000000000000000,2.3333333333333333,3.0000000000000000,1.8000000000000000,3.0000000000000000,2.6000000000000000,2.6000000000000000,3.0000000000000000,2.2500000000000000,2.2500000000000000,Intellection,Arranger,Input
EMP100502,Wahyu Hasibuan,3.0000000000000000,59,IV,SMA,2,6,81.0,55,68,CD,ESTJ,13.0,2,9.0,4.0,null,4.0,8.0,5.0,8.0,9.0,8.0,2.0,2.0,4.0,6.0,5.0,2.0,null,3.0,7.0,2.0,6.0,3.2000000000000000,3.0000000000000000,3.4000000000000000,3.0000000000000000,2.6666666666666667,3.2000000000000000,3.2000000000000000,4.0000000000000000,2.8000000000000000,2.5000000000000000,Ideation,Significance,Focus
EMP100503,Prasetyo Ganesha Ramadhan,3.5000000000000000,44,III,S1,1,4,86.0,32,78,CS,INTP,40.0,4,1.0,3.0,6.0,4.0,8.0,4.0,6.0,4.0,8.0,4.0,8.0,6.0,6.0,null,4.0,2.0,1.0,9.0,2.0,7.0,3.0000000000000000,3.0000000000000000,3.2000000000000000,2.8000000000000000,3.0000000000000000,4.3333333333333333,3.0000000000000000,3.0000000000000000,3.2500000000000000,3.7500000000000000,Achiever,Relator,Connectedness
EMP100504,Kartika Halim Ginting,2.8000000000000000,47,IV,D3,2,2,113.0,23,21,CD,ENTJ,23.0,6,6.0,4.0,2.0,8.0,6.0,3.0,3.0,7.0,null,5.0,2.0,6.0,6.0,6.0,4.0,8.0,8.0,null,3.0,5.0,3.0000000000000000,2.6000000000000000,2.5000000000000000,3.3333333333333333,2.5000000000000000,2.8000000000000000,3.0000000000000000,2.5000000000000000,3.2000000000000000,2.8000000000000000,Ideation,Learner,Restorative
EMP100505,Intan Pramudita Maulida,3.2500000000000000,66,V,S2,3,5,98.0,89,78,CD,ENTJ,32.0,5,4.0,3.0,7.0,null,5.0,8.0,4.0,7.0,3.0,3.0,6.0,4.0,null,null,7.0,null,null,3.0,3.0,1.0,3.7500000000000000,3.0000000000000000,3.7500000000000000,3.2500000000000000,3.5000000000000000,3.0000000000000000,3.4000000000000000,4.0000000000000000,4.0000000000000000,3.4000000000000000,Consistency,Woo,Maximizer
EMP100506,Cahyo Iqbal Suharto,3.0000000000000000,82,III,SMA,1,1,102.0,93,89,DC,INTJ,20.0,8,1.0,3.0,2.0,9.0,3.0,4.0,7.0,8.0,7.0,6.0,1.0,1.0,7.0,5.0,7.0,7.0,2.0,9.0,4.0,7.0,3.0000000000000000,2.8000000000000000,3.6000000000000000,2.6000000000000000,3.2000000000000000,3.0000000000000000,3.2500000000000000,3.4000000000000000,3.2500000000000000,3.2500000000000000,Relator,Achiever,Belief
EMP100507,Dewi Rahmawati,3.6666666666666667,44,IV,S2,2,1,81.0,68,65,DS,INFJ,32.0,10,8.0,7.0,2.0,3.0,4.0,8.0,9.0,7.0,4.0,1.0,3.0,3.0,7.0,4.0,4.0,6.0,7.0,3.0,9.0,4.0,3.0000000000000000,2.7500000000000000,3.0000000000000000,2.7500000000000000,3.8000000000000000,2.6000000000000000,3.4000000000000000,3.4000000000000000,3.0000000000000000,3.0000000000000000,Discipline,Futuristic,Relator
EMP100508,Sari Nabila Halim,3.0000000000000000,41,III,SMA,1,3,107.0,89,20,DI,ENTJ,26.0,5,null,5.0,8.0,null,8.0,7.0,8.0,1.0,4.0,9.0,9.0,6.0,7.0,1.0,9.0,8.0,9.0,4.0,4.0,1.0,3.2500000000000000,2.6000000000000000,3.0000000000000000,2.7500000000000000,2.8000000000000000,3.4000000000000000,3.6000000000000000,2.2500000000000000,3.0000000000000000,3.4000000000000000,Significance,Adaptability,Ideation
EMP100509,Zaki Tri Lestari,3.2000000000000000,47,IV,S1,2,1,85.0,81,55,null,ISFP,22.0,1,5.0,3.0,5.0,5.0,3.0,7.0,9.0,9.0,3.0,4.0,8.0,4.0,5.0,7.0,4.0,6.0,9.0,9.0,9.0,9.0,3.4000000000000000,3.2000000000000000,3.6666666666666667,3.4000000000000000,3.2500000000000000,3.0000000000000000,3.2000000000000000,3.6000000000000000,2.6000000000000000,3.2500000000000000,Developer,Includer,
EMP100510,Rizky Lestari Situmorang,3.0000000000000000,46,IV,S1,2,4,82.0,35,66,CD,INTP,23.0,6,6.0,3.0,null,8.0,5.0,7.0,6.0,1.0,8.0,8.0,1.0,5.0,1.0,9.0,7.0,null,9.0,6.0,6.0,6.0,3.0000000000000000,2.8000000000000000,3.0000000000000000,2.4000000000000000,2.8000000000000000,3.0000000000000000,3.2000000000000000,3.6000000000000000,2.6666666666666667,3.2000000000000000,Deliberative,,Individualization
EMP100511,Nugroho Saputra,3.0000000000000000,29,V,D3,3,5,135.0,59,93,SD,null,31.0,8,9.0,8.0,5.0,9.0,7.0,6.0,3.0,1.0,9.0,1.0,1.0,7.0,7.0,2.0,6.0,4.0,9.0,6.0,7.0,3.0,3.2500000000000000,3.0000000000000000,3.7500000000000000,3.2000000000000000,3.0000000000000000,3.2000000000000000,3.2500000000000000,3.2000000000000000,3.2000000000000000,3.0000000000000000,Futuristic,Self-Assurance,Activator
EMP100512,Valdo Ginting,3.4000000000000000,52,V,S1,3,2,101.0,31,72,SC,ISFJ,19.0,6,4.0,3.0,4.0,5.0,3.0,4.0,1.0,2.0,1.0,8.0,8.0,6.0,3.0,8.0,7.0,7.0,1.0,9.0,9.0,7.0,3.7500000000000000,3.3333333333333333,3.2000000000000000,3.2000000000000000,3.4000000000000000,3.6000000000000000,3.4000000000000000,3.6000000000000000,3.2000000000000000,3.2500000000000000,Learner,Includer,Context
EMP100513,Nabila Fadillah Setiawan,3.0000000000000000,59,V,D3,3,6,109.0,26,33,DC,ENTP,29.0,9,2.0,8.0,8.0,5.0,null,7.0,7.0,2.0,1.0,8.0,8.0,1.0,null,3.0,7.0,5.0,null,1.0,3.0,8.0,2.7500000000000000,2.2500000000000000,2.5000000000000000,3.2000000000000000,3.0000000000000000,3.8000000000000000,2.8000000000000000,3.2000000000000000,3.0000000000000000,2.6000000000000000,Achiever,,Empathy
EMP100514,Fitri Saputra Yulianto,3.0000000000000000,64,V,S1,3,4,91.0,43,85,ID,null,28.0,9,6.0,null,6.0,7.0,2.0,6.0,8.0,3.0,1.0,9.0,6.0,null,7.0,5.0,4.0,5.0,4.0,2.0,1.0,7.0,2.3333333333333333,3.2500000000000000,3.0000000000000000,3.0000000000000000,3.0000000000000000,3.0000000000000000,3.0000000000000000,3.0000000000000000,3.4000000000000000,3.0000000000000000,Context,Activator,Adaptability
EMP100515,Cahyo Handayani,2.5000000000000000,65,III,S2,1,3,82.0,74,81,CS,INFJ,24.0,8,3.0,6.0,8.0,9.0,9.0,5.0,2.0,7.0,7.0,8.0,2.0,4.0,2.0,1.0,6.0,4.0,5.0,4.0,2.0,8.0,3.0000000000000000,2.7500000000000000,2.7500000000000000,3.4000000000000000,3.2000000000000000,3.0000000000000000,3.4000000000000000,3.0000000000000000,3.0000000000000000,3.0000000000000000,Deliberative,Ideation,Arranger
EMP100516,Yoga Nugroho,3.5000000000000000,37,III,S2,1,1,100.0,83,34,DI,ESTP,14.0,5,3.0,1.0,5.0,6.0,6.0,2.0,4.0,2.0,4.0,7.0,7.0,null,1.0,5.0,2.0,7.0,8.0,8.0,8.0,4.0,22.6000000000000000,3.6000000000000000,3.2500000000000000,3.4000000000000000,3.2000000000000000,2.8000000000000000,3.4000000000000000,3.4000000000000000,2.8000000000000000,3.2000000000000000,Communication,Command,Input
EMP100517,Rendra Wibowo,2.6000000000000000,27,V,S1,3,6,null,56,48,IC,ISTP,null,3,6.0,9.0,7.0,4.0,8.0,1.0,9.0,8.0,9.0,8.0,6.0,9.0,9.0,9.0,5.0,9.0,3.0,4.0,2.0,8.0,2.8000000000000000,2.5000000000000000,2.2000000000000000,3.0000000000000000,2.8000000000000000,2.5000000000000000,2.3333333333333333,3.0000000000000000,2.6000000000000000,2.8000000000000000,Focus,Activator,Communication
EMP100518,Hana Erlangga Gunawan,2.6000000000000000,83,V,S2,3,1,92.0,71,78,SI,ENTJ,31.0,3,4.0,8.0,8.0,8.0,8.0,1.0,4.0,8.0,8.0,4.0,5.0,null,8.0,7.0,1.0,7.0,null,4.0,1.0,null,2.6000000000000000,2.6000000000000000,2.6000000000000000,2.8000000000000000,2.6000000000000000,2.5000000000000000,2.8000000000000000,2.4000000000000000,3.0000000000000000,2.6000000000000000,Ideation,Input,Self-Assurance
EMP100519,Teguh Indrawan,3.4000000000000000,56,IV,SMA,2,5,131.0,34,53,CI,null,27.0,6,4.0,2.0,4.0,6.0,7.0,5.0,6.0,4.0,3.0,2.0,8.0,4.0,2.0,4.0,5.0,null,3.0,3.0,5.0,3.0,3.2000000000000000,3.6000000000000000,2.6000000000000000,3.4000000000000000,3.2000000000000000,4.0000000000000000,3.4000000000000000,3.4000000000000000,3.5000000000000000,3.2500000000000000,Significance,Achiever,Harmony
EMP100520,Rifqi Kusuma Wibowo,3.0000000000000000,74,IV,S2,2,1,86.0,95,44,SI,ENFJ,28.0,5,2.0,7.0,9.0,8.0,8.0,3.0,2.0,7.0,9.0,2.0,2.0,2.0,6.0,9.0,3.0,9.0,6.0,8.0,6.0,2.0,3.0000000000000000,3.2000000000000000,2.8000000000000000,3.2500000000000000,3.0000000000000000,2.7500000000000000,3.4000000000000000,3.5000000000000000,3.8000000000000000,3.0000000000000000,Responsibility,Maximizer,Significance
EMP100521,Nadia Gunawan,3.2000000000000000,35,V,D3,3,2,100.0,60,62,SI,ESFP,34.0,7,5.0,6.0,1.0,null,1.0,4.0,7.0,2.0,4.0,2.0,6.0,3.0,1.0,2.0,4.0,8.0,7.0,4.0,2.0,null,3.6000000000000000,3.0000000000000000,3.0000000000000000,2.7500000000000000,3.2000000000000000,3.6000000000000000,3.5000000000000000,3.0000000000000000,2.8000000000000000,3.2000000000000000,Woo,Strategic,Individualization
EMP100522,Nabila Yudhistira Salsabila,3.0000000000000000,63,V,S2,3,6,null,70,71,CI,INFJ,null,8,6.0,4.0,5.0,5.0,5.0,5.0,6.0,2.0,2.0,8.0,6.0,9.0,2.0,null,8.0,null,7.0,1.0,3.0,8.0,3.2000000000000000,3.2000000000000000,2.5000000000000000,2.7500000000000000,3.0000000000000000,3.2500000000000000,2.6000000000000000,3.0000000000000000,22.6000000000000000,2.8000000000000000,Significance,Input,Command
EMP100523,Indra Adi Hartanto,2.8000000000000000,33,V,D3,3,4,134.0,86,23,SC,INTP,25.0,2,6.0,4.0,5.0,8.0,9.0,4.0,9.0,2.0,7.0,8.0,3.0,5.0,6.0,6.0,1.0,5.0,8.0,7.0,8.0,2.0,3.2500000000000000,3.0000000000000000,3.0000000000000000,2.4000000000000000,3.0000000000000000,3.0000000000000000,2.7500000000000000,2.6000000000000000,2.7500000000000000,2.8000000000000000,Learner,Woo,Analytical
EMP100524,Hadi Nugroho,3.5000000000000000,23,V,S2,3,2,94.0,73,84,CI,null,25.0,2,9.0,8.0,9.0,4.0,8.0,6.0,3.0,3.0,1.0,8.0,1.0,1.0,6.0,9.0,4.0,3.0,2.0,null,1.0,1.0,3.2500000000000000,3.0000000000000000,3.2500000000000000,3.3333333333333333,4.0000000000000000,3.2500000000000000,3.2500000000000000,3.7500000000000000,3.0000000000000000,2.7500000000000000,Responsibility,,Individualization
EMP100525,Umar Fauziah,3.0000000000000000,79,IV,SMA,2,4,105.0,99,79,DI,ESFJ,28.0,1,3.0,2.0,7.0,4.0,null,6.0,1.0,3.0,1.0,4.0,5.0,7.0,8.0,6.0,8.0,5.0,5.0,6.0,2.0,6.0,3.0000000000000000,3.5000000000000000,2.6000000000000000,3.6000000000000000,2.8000000000000000,2.8000000000000000,3.4000000000000000,2.7500000000000000,2.8000000000000000,3.0000000000000000,Discipline,Ideation,Maximizer
EMP100526,Kartika Maulana,3.8000000000000000,82,V,SMA,3,5,96.0,27,31,DS,INTP,29.0,8,4.0,5.0,9.0,3.0,1.0,3.0,2.0,2.0,null,8.0,5.0,8.0,8.0,4.0,2.0,7.0,7.0,4.0,8.0,6.0,3.4000000000000000,3.8000000000000000,4.2000000000000000,3.4000000000000000,3.8000000000000000,3.8000000000000000,3.6000000000000000,3.4000000000000000,3.4000000000000000,4.0000000000000000,Context,Empathy,Input
EMP100527,Rendra Situmorang,3.0000000000000000,50,IV,SMA,2,6,133.0,77,58,SD,ISTP,35.0,4,null,null,2.0,8.0,4.0,4.0,9.0,8.0,7.0,9.0,4.0,6.0,3.0,4.0,9.0,4.0,1.0,9.0,4.0,1.0,3.2000000000000000,2.8000000000000000,2.8000000000000000,3.0000000000000000,2.6666666666666667,2.8000000000000000,2.6666666666666667,3.2500000000000000,3.4000000000000000,2.6666666666666667,Includer,Input,Consistency
EMP100528,Lestari Suharto,3.0000000000000000,18,III,S2,1,5,85.0,29,20,SC,INTJ,37.0,1,4.0,4.0,2.0,1.0,6.0,3.0,6.0,4.0,3.0,9.0,6.0,6.0,5.0,1.0,7.0,5.0,2.0,null,7.0,4.0,2.7500000000000000,3.0000000000000000,3.2500000000000000,2.5000000000000000,3.3333333333333333,2.7500000000000000,2.3333333333333333,2.7500000000000000,2.0000000000000000,2.6666666666666667,Individualization,Relator,Woo
EMP100529,Anisa Lukman,3.6000000000000000,46,III,D3,1,4,108.0,52,33,ID,ENTJ,24.0,3,2.0,6.0,4.0,6.0,4.0,7.0,4.0,8.0,2.0,4.0,6.0,4.0,3.0,9.0,null,null,4.0,7.0,4.0,8.0,3.6000000000000000,3.6000000000000000,3.6000000000000000,3.7500000000000000,3.2000000000000000,3.6000000000000000,3.0000000000000000,3.8000000000000000,3.5000000000000000,3.4000000000000000,Discipline,Deliberative,Input
EMP100530,Rizki Lestari Suharto,3.7500000000000000,56,V,S1,3,2,null,81,64,ID,INTJ,null,4,4.0,4.0,5.0,6.0,7.0,3.0,2.0,2.0,5.0,6.0,8.0,6.0,4.0,8.0,9.0,8.0,null,5.0,5.0,2.0,3.8000000000000000,4.0000000000000000,3.4000000000000000,3.4000000000000000,4.0000000000000000,4.0000000000000000,4.2500000000000000,4.0000000000000000,4.4000000000000000,3.7500000000000000,Context,Adaptability,Significance
EMP100531,Bella Erlangga Pratama,3.2500000000000000,1,V,D3,3,1,null,31,87,SD,ISTP,27.0,5,null,8.0,8.0,4.0,8.0,3.0,4.0,5.0,8.0,1.0,3.0,3.0,7.0,null,9.0,6.0,8.0,8.0,1.0,9.0,2.7500000000000000,3.0000000000000000,27.5000000000000000,3.2500000000000000,3.0000000000000000,3.5000000000000000,3.0000000000000000,3.0000000000000000,3.0000000000000000,3.0000000000000000,Developer,Context,Strategic
EMP100532,Umar Baskara Gunawan,3.2000000000000000,41,III,D3,1,2,null,61,53,CI,ISFJ,25.0,10,8.0,1.0,5.0,4.0,5.0,4.0,6.0,9.0,5.0,6.0,4.0,7.0,3.0,5.0,8.0,9.0,3.0,7.0,4.0,5.0,3.2000000000000000,3.2000000000000000,3.2500000000000000,3.2000000000000000,3.2000000000000000,3.4000000000000000,3.0000000000000000,3.5000000000000000,2.8000000000000000,3.2000000000000000,Adaptability,Communication,
EMP100533,Fajar Ananda,3.3333333333333333,19,V,SMA,3,1,null,52,31,SI,INFJ,null,8,1.0,5.0,2.0,4.0,4.0,null,null,5.0,7.0,9.0,1.0,6.0,2.0,2.0,9.0,9.0,6.0,4.0,4.0,4.0,2.0000000000000000,2.7500000000000000,3.5000000000000000,3.0000000000000000,2.7500000000000000,2.5000000000000000,2.5000000000000000,2.5000000000000000,2.7500000000000000,2.0000000000000000,Deliberative,Connectedness,Self-Assurance
EMP100534,Rama Kurniawan,3.7500000000000000,20,IV,S2,2,4,103.0,54,79,SC,ESFJ,17.0,4,6.0,6.0,4.0,1.0,6.0,8.0,7.0,8.0,9.0,4.0,6.0,9.0,8.0,9.0,7.0,6.0,8.0,6.0,6.0,3.0,3.2500000000000000,4.2500000000000000,2.5000000000000000,3.2500000000000000,3.7500000000000000,3.2500000000000000,4.0000000000000000,3.3333333333333333,4.0000000000000000,3.2500000000000000,Consistency,Achiever,Competition
EMP100535,Wahyu Nabila Saputra,3.0000000000000000,57,IV,S2,2,6,132.0,34,81,CI,ISFJ,27.0,9,6.0,9.0,5.0,1.0,5.0,5.0,2.0,4.0,1.0,2.0,null,5.0,2.0,5.0,6.0,9.0,8.0,5.0,9.0,8.0,3.2000000000000000,2.4000000000000000,2.8000000000000000,2.6000000000000000,2.8000000000000000,3.5000000000000000,3.4000000000000000,3.0000000000000000,3.0000000000000000,2.8000000000000000,Communication,Harmony,Focus
EMP100536,Eko Gunawan,2.8000000000000000,79,IV,D3,2,5,121.0,23,60,SC,ISFP,19.0,9,9.0,6.0,null,null,1.0,5.0,3.0,6.0,7.0,3.0,8.0,9.0,1.0,2.0,4.0,5.0,5.0,4.0,6.0,5.0,3.2000000000000000,2.6000000000000000,2.5000000000000000,3.0000000000000000,3.2000000000000000,2.6000000000000000,3.0000000000000000,2.6000000000000000,2.0000000000000000,2.6666666666666667,Futuristic,Consistency,Empathy
EMP100537,Iman Yulianto,2.6000000000000000,34,III,S2,1,2,100.0,36,62,null,ISFP,25.0,1,3.0,1.0,4.0,9.0,5.0,9.0,4.0,5.0,4.0,8.0,8.0,2.0,4.0,8.0,1.0,8.0,8.0,9.0,3.0,3.0,2.2500000000000000,3.2000000000000000,2.5000000000000000,2.6000000000000000,2.6000000000000000,2.8000000000000000,2.8000000000000000,2.8000000000000000,2.6000000000000000,2.6000000000000000,Self-Assurance,Communication,Deliberative
EMP100538,Maya Gunawan,3.7500000000000000,39,IV,SMA,2,2,126.0,33,77,SI,null,33.0,2,2.0,6.0,null,4.0,9.0,8.0,null,2.0,8.0,7.0,6.0,7.0,4.0,1.0,3.0,5.0,2.0,5.0,6.0,4.0,4.2000000000000000,3.8000000000000000,3.8000000000000000,4.2000000000000000,3.6000000000000000,3.7500000000000000,3.6000000000000000,4.0000000000000000,4.2500000000000000,4.0000000000000000,Learner,Positivity,Restorative
EMP100539,Teguh Dharma Indrawan,3.2500000000000000,21,III,SMA,1,4,94.0,22,96,CI,ESFJ,40.0,6,9.0,9.0,5.0,1.0,5.0,6.0,1.0,4.0,1.0,2.0,2.0,7.0,4.0,null,null,2.0,1.0,5.0,6.0,4.0,3.2500000000000000,3.3333333333333333,4.0000000000000000,3.0000000000000000,3.0000000000000000,3.0000000000000000,3.0000000000000000,3.5000000000000000,3.2500000000000000,3.2500000000000000,Adaptability,Input,Belief
EMP100540,Anisa Halim Ramadhan,3.0000000000000000,47,V,S2,3,3,106.0,43,44,DS,ENTP,26.0,1,4.0,8.0,6.0,2.0,3.0,2.0,7.0,null,1.0,7.0,5.0,1.0,7.0,8.0,5.0,8.0,2.0,3.0,9.0,6.0,3.6000000000000000,3.4000000000000000,3.2000000000000000,3.4000000000000000,3.8000000000000000,3.8000000000000000,3.7500000000000000,3.8000000000000000,3.6000000000000000,3.2500000000000000,Arranger,Relator,Restorative
EMP100541,Dinda Candra Pamungkas,3.8000000000000000,30,IV,SMA,2,6,115.0,87,67,DI,ENFJ,22.0,6,4.0,5.0,1.0,1.0,2.0,8.0,8.0,8.0,1.0,7.0,3.0,2.0,3.0,2.0,6.0,2.0,7.0,1.0,3.0,9.0,4.0000000000000000,4.0000000000000000,4.0000000000000000,4.0000000000000000,3.5000000000000000,3.8000000000000000,3.4000000000000000,3.5000000000000000,3.2500000000000000,3.2000000000000000,Self-Assurance,Competition,
EMP100542,Ahmad Situmorang,2.6000000000000000,78,V,S1,3,2,131.0,97,76,DS,ENTP,26.0,7,4.0,null,2.0,2.0,3.0,6.0,4.0,4.0,null,9.0,3.0,null,4.0,8.0,7.0,7.0,5.0,6.0,9.0,1.0,2.2000000000000000,2.2000000000000000,2.4000000000000000,2.8000000000000000,3.5000000000000000,2.6000000000000000,2.7500000000000000,2.8000000000000000,2.6666666666666667,3.2500000000000000,Self-Assurance,Responsibility,Significance
EMP100543,Teguh Fadillah Ramadhan,3.0000000000000000,57,V,SMA,3,4,85.0,39,74,IS,null,41.0,5,2.0,8.0,5.0,5.0,6.0,5.0,9.0,1.0,3.0,6.0,4.0,6.0,1.0,null,3.0,8.0,7.0,3.0,8.0,5.0,2.2500000000000000,2.8000000000000000,3.6000000000000000,3.0000000000000000,3.5000000000000000,3.0000000000000000,2.4000000000000000,2.8000000000000000,2.7500000000000000,22.0000000000000000,Empathy,Consistency,Individualization
EMP100544,Citra Putra,3.5000000000000000,50,V,S2,3,5,null,87,25,DI,INTP,null,8,5.0,4.0,1.0,5.0,3.0,9.0,null,9.0,3.0,9.0,7.0,null,9.0,null,8.0,8.0,2.0,6.0,null,8.0,4.2500000000000000,3.2000000000000000,3.6000000000000000,3.4000000000000000,3.2000000000000000,4.0000000000000000,3.6000000000000000,3.7500000000000000,3.0000000000000000,3.6000000000000000,Includer,Consistency,Learner
EMP100545,Adit Firmansyah,3.2500000000000000,54,III,SMA,1,4,null,71,77,IC,ESTJ,null,10,3.0,3.0,6.0,4.0,4.0,4.0,7.0,3.0,2.0,7.0,2.0,3.0,6.0,3.0,6.0,6.0,9.0,2.0,5.0,2.0,3.4000000000000000,2.7500000000000000,3.2000000000000000,3.3333333333333333,2.8000000000000000,2.8000000000000000,3.0000000000000000,3.2500000000000000,3.2500000000000000,3.4000000000000000,,Empathy,Woo
EMP100546,Nadia Saputra Kusuma,2.8000000000000000,77,V,SMA,3,4,136.0,31,62,ID,ESTP,23.0,6,2.0,2.0,4.0,4.0,3.0,1.0,6.0,2.0,4.0,4.0,9.0,5.0,4.0,7.0,7.0,5.0,4.0,6.0,3.0,8.0,2.3333333333333333,2.6000000000000000,3.2000000000000000,2.8000000000000000,2.4000000000000000,3.0000000000000000,2.8000000000000000,2.8000000000000000,2.6000000000000000,2.6000000000000000,Activator,Connectedness,
EMP100547,Nabila Anggara,3.6000000000000000,28,III,S1,1,3,134.0,84,57,CI,ISFJ,27.0,9,5.0,3.0,null,9.0,6.0,null,3.0,5.0,3.0,5.0,6.0,2.0,8.0,2.0,3.0,4.0,null,1.0,7.0,2.0,3.4000000000000000,3.4000000000000000,4.0000000000000000,3.2500000000000000,3.6000000000000000,3.0000000000000000,3.0000000000000000,3.2000000000000000,3.6000000000000000,4.0000000000000000,Analytical,Activator,Responsibility
EMP100548,Fajar Suharto,3.0000000000000000,88,IV,S2,2,2,null,74,68,IS,ESTP,null,8,3.0,5.0,5.0,9.0,1.0,6.0,7.0,1.0,9.0,4.0,8.0,6.0,5.0,3.0,6.0,4.0,5.0,8.0,6.0,5.0,3.2500000000000000,2.5000000000000000,2.5000000000000000,2.8000000000000000,2.8000000000000000,3.7500000000000000,3.0000000000000000,2.8000000000000000,3.4000000000000000,3.0000000000000000,Positivity,Connectedness,Command
EMP100549,Lestari Aji Subekti,3.5000000000000000,22,V,SMA,3,4,null,78,64,IC,INTP,null,8,6.0,3.0,3.0,2.0,2.0,3.0,2.0,1.0,4.0,6.0,9.0,1.0,3.0,8.0,3.0,2.0,4.0,2.0,6.0,9.0,3.5000000000000000,3.2500000000000000,3.3333333333333333,3.5000000000000000,3.5000000000000000,2.6666666666666667,3.7500000000000000,3.7500000000000000,3.2500000000000000,3.6666666666666667,Activator,Competition,Individualization
EMP100550,Hadi Hartanto,2.8000000000000000,68,IV,S2,2,3,109.0,72,69,IC,ENFJ,20.0,5,9.0,2.0,4.0,9.0,8.0,2.0,8.0,5.0,7.0,null,7.0,1.0,6.0,3.0,5.0,8.0,4.0,8.0,3.0,3.0,2.2500000000000000,3.0000000000000000,2.5000000000000000,2.6000000000000000,2.6000000000000000,2.6000000000000000,2.8000000000000000,3.2500000000000000,2.6000000000000000,3.0000000000000000,,Woo,Harmony
EMP100551,Mahendra Aji Permadi,3.5000000000000000,33,V,S2,3,1,109.0,38,35,SD,INTJ,35.0,1,7.0,3.0,3.0,8.0,2.0,9.0,8.0,8.0,3.0,null,4.0,3.0,7.0,null,5.0,5.0,9.0,4.0,6.0,3.0,3.2500000000000000,3.8000000000000000,3.8000000000000000,3.2000000000000000,4.5000000000000000,3.4000000000000000,3.0000000000000000,3.2000000000000000,3.2000000000000000,3.0000000000000000,Consistency,Input,Context
EMP100552,Vania Syahputra,3.0000000000000000,69,V,D3,3,3,137.0,88,23,SI,ENTJ,27.0,1,7.0,null,8.0,8.0,5.0,6.0,5.0,6.0,6.0,9.0,4.0,4.0,8.0,3.0,null,9.0,8.0,null,3.0,1.0,2.0000000000000000,2.6000000000000000,3.2500000000000000,3.2500000000000000,2.8000000000000000,2.8000000000000000,3.2000000000000000,3.7500000000000000,3.2000000000000000,3.0000000000000000,Analytical,Activator,Focus
EMP100553,Lestari Kurniawan,3.4000000000000000,31,IV,D3,2,2,107.0,24,94,CI,ENTP,29.0,3,2.0,null,8.0,5.0,9.0,9.0,9.0,6.0,3.0,4.0,5.0,9.0,2.0,4.0,9.0,1.0,9.0,1.0,1.0,null,4.0000000000000000,3.4000000000000000,3.0000000000000000,3.8000000000000000,3.8000000000000000,3.4000000000000000,3.0000000000000000,3.4000000000000000,3.5000000000000000,3.6000000000000000,Adaptability,Communication,Achiever
EMP100554,Intan Saputra,3.8000000000000000,83,V,D3,3,4,null,39,93,SC,ENFJ,null,2,6.0,2.0,9.0,2.0,9.0,5.0,2.0,8.0,8.0,5.0,null,9.0,null,1.0,2.0,9.0,2.0,2.0,6.0,5.0,4.0000000000000000,3.8000000000000000,3.4000000000000000,4.0000000000000000,3.5000000000000000,4.2500000000000000,3.4000000000000000,3.2500000000000000,3.8000000000000000,3.6000000000000000,Intellection,Relator,Empathy
EMP100555,Rani Anugrah Ridwan,3.6666666666666667,2,III,D3,1,6,99.0,89,68,IS,ENFP,25.0,5,4.0,4.0,7.0,6.0,1.0,9.0,6.0,4.0,9.0,7.0,2.0,8.0,7.0,7.0,8.0,8.0,7.0,1.0,3.0,8.0,4.2500000000000000,3.7500000000000000,4.2500000000000000,3.5000000000000000,3.6666666666666667,3.0000000000000000,4.3333333333333333,4.0000000000000000,4.5000000000000000,4.0000000000000000,Intellection,Harmony,Individualization
EMP100556,Hadi Rohman,3.2000000000000000,61,III,S2,1,2,107.0,81,37,CD,ENTJ,30.0,2,3.0,9.0,1.0,7.0,null,8.0,2.0,2.0,1.0,2.0,2.0,4.0,7.0,7.0,3.0,9.0,5.0,7.0,null,7.0,2.4000000000000000,3.6000000000000000,3.0000000000000000,2.2500000000000000,3.8000000000000000,3.0000000000000000,2.8000000000000000,2.7500000000000000,3.6000000000000000,3.2000000000000000,Belief,Positivity,Command
EMP100557,Rizka Subekti,3.2000000000000000,59,IV,S1,2,1,102.0,71,49,CD,ESTJ,28.0,1,9.0,3.0,null,2.0,4.0,7.0,1.0,4.0,1.0,9.0,7.0,null,3.0,8.0,8.0,1.0,8.0,2.0,4.0,4.0,3.2500000000000000,3.6000000000000000,3.0000000000000000,3.0000000000000000,2.5000000000000000,3.4000000000000000,3.0000000000000000,2.6000000000000000,3.0000000000000000,3.4000000000000000,Woo,Competition,Context
EMP100558,Joko Kurniawan,3.7500000000000000,79,III,SMA,1,6,null,36,20,CS,ISTJ,29.0,10,8.0,4.0,1.0,null,1.0,8.0,null,5.0,3.0,1.0,7.0,2.0,3.0,2.0,7.0,3.0,4.0,9.0,1.0,7.0,3.0000000000000000,3.2500000000000000,3.0000000000000000,3.2500000000000000,3.7500000000000000,3.5000000000000000,3.0000000000000000,3.2000000000000000,3.0000000000000000,4.0000000000000000,Learner,Competition,Harmony
EMP100559,Ayunda Anggara,3.2500000000000000,26,IV,SMA,2,6,133.0,79,88,CI,ISFP,22.0,10,5.0,9.0,8.0,3.0,9.0,5.0,3.0,8.0,1.0,2.0,1.0,7.0,4.0,2.0,4.0,5.0,8.0,8.0,9.0,7.0,3.8000000000000000,3.7500000000000000,3.2000000000000000,3.2000000000000000,3.6000000000000000,3.2000000000000000,3.4000000000000000,3.7500000000000000,3.8000000000000000,4.0000000000000000,Developer,,Relator
EMP100560,Adit Zulfikar Hidayat,2.3333333333333333,63,IV,D3,2,1,137.0,46,55,IC,ENTP,16.0,7,1.0,1.0,3.0,7.0,5.0,2.0,6.0,3.0,3.0,8.0,3.0,5.0,6.0,6.0,3.0,5.0,8.0,4.0,7.0,6.0,3.2000000000000000,3.2000000000000000,3.0000000000000000,3.0000000000000000,2.6000000000000000,3.0000000000000000,3.6000000000000000,3.0000000000000000,3.2000000000000000,3.0000000000000000,Relator,Restorative,Context
EMP100561,Valdo Santoso,3.7500000000000000,0,III,D3,1,6,82.0,68,92,SC,ESFP,29.0,7,9.0,9.0,5.0,6.0,4.0,null,3.0,4.0,7.0,1.0,null,2.0,1.0,9.0,8.0,9.0,3.0,5.0,9.0,7.0,3.5000000000000000,3.7500000000000000,4.0000000000000000,3.7500000000000000,4.2500000000000000,4.5000000000000000,4.0000000000000000,3.7500000000000000,3.5000000000000000,3.7500000000000000,,Activator,Maximizer
EMP100562,Utami Suharto,3.2500000000000000,24,III,SMA,1,1,89.0,67,42,DC,ENTP,26.0,1,6.0,2.0,5.0,5.0,6.0,8.0,6.0,2.0,9.0,3.0,5.0,6.0,2.0,6.0,7.0,6.0,1.0,1.0,3.0,4.0,4.0000000000000000,2.6000000000000000,3.2000000000000000,2.7500000000000000,3.4000000000000000,3.0000000000000000,3.7500000000000000,3.4000000000000000,3.4000000000000000,3.5000000000000000,Competition,Significance,Harmony
EMP100563,Dinda Maulida,3.2500000000000000,9,IV,S1,2,2,105.0,42,70,DC,null,33.0,1,1.0,2.0,7.0,4.0,7.0,5.0,1.0,7.0,8.0,1.0,4.0,4.0,null,7.0,9.0,5.0,9.0,5.0,8.0,3.0,3.5000000000000000,3.7500000000000000,3.5000000000000000,3.0000000000000000,3.3333333333333333,3.2500000000000000,3.2500000000000000,3.0000000000000000,3.5000000000000000,3.0000000000000000,,Restorative,Analytical
EMP100564,Maya Candra Lukman,3.0000000000000000,27,V,SMA,3,2,104.0,41,78,null,INFP,16.0,6,7.0,9.0,9.0,7.0,1.0,4.0,3.0,5.0,3.0,5.0,9.0,1.0,1.0,4.0,null,9.0,null,6.0,3.0,3.0,3.2000000000000000,3.2500000000000000,3.2000000000000000,3.2500000000000000,4.0000000000000000,2.8000000000000000,3.0000000000000000,2.5000000000000000,3.4000000000000000,3.2500000000000000,Empathy,Strategic,Futuristic
EMP100565,Anisa Pramudita Maulana,2.7500000000000000,28,V,D3,3,3,119.0,41,85,SI,INTP,29.0,10,6.0,2.0,2.0,1.0,8.0,4.0,2.0,9.0,null,7.0,null,2.0,1.0,2.0,6.0,9.0,5.0,4.0,4.0,3.0,3.0000000000000000,3.0000000000000000,2.6000000000000000,2.0000000000000000,2.4000000000000000,2.6000000000000000,2.5000000000000000,2.8000000000000000,2.2000000000000000,3.0000000000000000,Individualization,Analytical,
EMP100566,Rendra Setiawan,3.2000000000000000,95,IV,D3,2,6,null,63,53,SC,ENFJ,null,4,null,1.0,7.0,6.0,3.0,8.0,6.0,9.0,7.0,4.0,6.0,7.0,6.0,4.0,5.0,null,5.0,5.0,null,9.0,3.0000000000000000,3.0000000000000000,3.2000000000000000,3.4000000000000000,3.4000000000000000,3.0000000000000000,3.2000000000000000,3.6000000000000000,3.0000000000000000,3.0000000000000000,Activator,Responsibility,Deliberative
EMP100567,Nurlita Ananda,3.8000000000000000,79,III,SMA,1,1,87.0,81,55,CD,ESFP,22.0,6,5.0,8.0,5.0,7.0,8.0,9.0,null,null,1.0,4.0,3.0,5.0,3.0,4.0,7.0,3.0,9.0,1.0,2.0,3.0,4.0000000000000000,3.6000000000000000,3.6000000000000000,3.6000000000000000,3.8000000000000000,4.0000000000000000,3.8000000000000000,3.7500000000000000,3.2000000000000000,4.0000000000000000,Responsibility,Context,Includer
EMP100568,Hana Dharma Gunawan,3.2000000000000000,61,III,S1,1,6,96.0,71,89,null,ENTJ,24.0,1,8.0,6.0,1.0,1.0,5.0,9.0,9.0,7.0,8.0,3.0,8.0,2.0,4.0,4.0,null,9.0,9.0,2.0,6.0,2.0,2.5000000000000000,4.0000000000000000,3.0000000000000000,3.2000000000000000,3.4000000000000000,3.0000000000000000,3.0000000000000000,3.5000000000000000,3.4000000000000000,3.2500000000000000,Context,Futuristic,Developer
EMP100569,Zaki Anggara,3.6000000000000000,30,III,S2,1,6,85.0,54,57,IS,ISFJ,34.0,10,6.0,1.0,6.0,7.0,4.0,6.0,5.0,4.0,1.0,9.0,6.0,6.0,8.0,5.0,5.0,8.0,7.0,null,4.0,4.0,2.7500000000000000,2.8000000000000000,3.0000000000000000,2.5000000000000000,2.6000000000000000,2.6666666666666667,3.0000000000000000,2.8000000000000000,2.2000000000000000,2.8000000000000000,Relator,Significance,Input
EMP100570,Dewi Mahardika Purnama,2.5000000000000000,72,V,S2,3,6,null,51,70,IS,ENFJ,null,9,4.0,null,9.0,1.0,4.0,null,8.0,4.0,null,2.0,5.0,5.0,2.0,9.0,4.0,6.0,8.0,8.0,8.0,1.0,2.7500000000000000,2.6000000000000000,2.7500000000000000,2.2000000000000000,2.4000000000000000,1.6666666666666667,21.8000000000000000,2.2500000000000000,2.2000000000000000,2.2500000000000000,Restorative,Empathy,Significance
EMP100571,Yuni Setiawan,3.0000000000000000,40,V,S2,3,4,139.0,98,40,DS,ESFP,39.0,10,9.0,7.0,1.0,9.0,7.0,null,7.0,5.0,null,9.0,2.0,4.0,3.0,5.0,8.0,1.0,9.0,1.0,3.0,5.0,2.4000000000000000,3.0000000000000000,2.7500000000000000,2.6000000000000000,2.5000000000000000,2.8000000000000000,2.4000000000000000,2.6000000000000000,2.4000000000000000,3.0000000000000000,,Analytical,Communication
EMP100572,Rama Pradana,3.4000000000000000,53,IV,D3,2,2,135.0,60,65,CS,INFP,18.0,3,8.0,6.0,5.0,8.0,9.0,6.0,6.0,null,8.0,3.0,5.0,4.0,5.0,8.0,6.0,2.0,2.0,null,7.0,6.0,3.6000000000000000,3.6000000000000000,3.2000000000000000,3.2000000000000000,3.4000000000000000,4.2500000000000000,3.2000000000000000,3.4000000000000000,3.2500000000000000,3.7500000000000000,Achiever,Consistency,Belief
EMP100573,Arif Pramudita Syahputra,2.7500000000000000,15,III,D3,1,2,135.0,45,84,SD,ESTP,22.0,1,1.0,4.0,4.0,4.0,7.0,9.0,2.0,null,5.0,1.0,4.0,4.0,6.0,2.0,1.0,null,7.0,null,7.0,null,3.0000000000000000,2.5000000000000000,2.7500000000000000,3.0000000000000000,2.5000000000000000,2.5000000000000000,3.0000000000000000,2.5000000000000000,3.2500000000000000,2.5000000000000000,Responsibility,Input,Command
EMP100574,Kartika Putra,2.5000000000000000,64,V,S2,3,2,116.0,27,59,IS,INFP,33.0,4,4.0,1.0,4.0,1.0,6.0,null,2.0,6.0,9.0,7.0,3.0,1.0,9.0,7.0,4.0,null,1.0,6.0,4.0,5.0,2.8000000000000000,2.6000000000000000,2.6000000000000000,3.0000000000000000,3.0000000000000000,3.0000000000000000,3.0000000000000000,2.5000000000000000,2.8000000000000000,3.0000000000000000,Self-Assurance,Developer,Strategic
EMP100575,Prasetyo Handayani,2.2500000000000000,10,IV,S1,2,4,108.0,68,81,null,INFP,31.0,1,6.0,1.0,7.0,4.0,1.0,3.0,8.0,6.0,6.0,4.0,2.0,3.0,9.0,2.0,4.0,2.0,1.0,null,8.0,null,2.0000000000000000,2.6666666666666667,2.0000000000000000,2.0000000000000000,2.5000000000000000,1.7500000000000000,2.2500000000000000,2.5000000000000000,2.7500000000000000,2.2500000000000000,Strategic,Achiever,Responsibility
EMP100576,Andi Wijaya Kusuma,3.0000000000000000,48,III,SMA,1,4,99.0,34,40,DS,ENFP,37.0,6,9.0,6.0,5.0,7.0,7.0,null,3.0,4.0,6.0,7.0,3.0,4.0,3.0,8.0,9.0,4.0,8.0,3.0,4.0,4.0,2.4000000000000000,2.8000000000000000,3.2500000000000000,2.7500000000000000,21.8000000000000000,2.6000000000000000,3.2500000000000000,2.5000000000000000,3.0000000000000000,3.2000000000000000,Command,Context,Activator
EMP100577,Umar Anugrah Hidayat,2.8000000000000000,79,III,S2,1,2,null,34,25,SD,ENFP,30.0,6,9.0,4.0,3.0,1.0,2.0,9.0,null,7.0,6.0,2.0,6.0,2.0,9.0,null,7.0,8.0,1.0,6.0,8.0,4.0,2.8000000000000000,2.0000000000000000,2.8000000000000000,2.4000000000000000,3.0000000000000000,3.2500000000000000,2.6000000000000000,3.4000000000000000,2.7500000000000000,2.5000000000000000,Woo,Harmony,Command
EMP100578,Teguh Anggara,3.4000000000000000,72,III,D3,1,5,136.0,72,63,DC,ENTJ,26.0,1,4.0,9.0,4.0,7.0,6.0,1.0,8.0,8.0,8.0,null,9.0,null,9.0,6.0,3.0,3.0,1.0,4.0,2.0,8.0,3.2500000000000000,3.5000000000000000,3.2000000000000000,3.2000000000000000,3.5000000000000000,3.7500000000000000,3.4000000000000000,3.5000000000000000,3.7500000000000000,3.2000000000000000,Discipline,Significance,Activator
EMP100579,Yoga Sinaga,3.2000000000000000,55,IV,S2,2,6,130.0,43,48,ID,INFJ,29.0,8,null,8.0,5.0,2.0,null,1.0,3.0,5.0,4.0,4.0,8.0,2.0,8.0,8.0,2.0,4.0,7.0,8.0,2.0,9.0,3.4000000000000000,2.6000000000000000,3.2000000000000000,3.6000000000000000,3.2000000000000000,3.5000000000000000,3.0000000000000000,3.2000000000000000,3.2000000000000000,3.2000000000000000,Arranger,Relator,Context
EMP100580,Adi Lukman,3.4000000000000000,39,V,S2,3,3,97.0,24,64,SD,INFJ,37.0,8,7.0,1.0,8.0,8.0,2.0,2.0,9.0,5.0,4.0,8.0,8.0,7.0,9.0,9.0,5.0,2.0,9.0,9.0,5.0,1.0,3.4000000000000000,3.0000000000000000,3.6000000000000000,2.6666666666666667,3.0000000000000000,3.0000000000000000,3.2000000000000000,3.5000000000000000,3.2500000000000000,3.4000000000000000,Achiever,Self-Assurance,Connectedness
EMP100581,Wahyu Dharma Santoso,3.2500000000000000,41,V,D3,3,5,104.0,34,22,DI,ENTP,21.0,1,7.0,8.0,2.0,7.0,4.0,4.0,8.0,null,7.0,5.0,1.0,3.0,2.0,2.0,6.0,1.0,1.0,1.0,4.0,8.0,4.2500000000000000,3.6666666666666667,3.2000000000000000,3.2500000000000000,3.4000000000000000,3.0000000000000000,3.2500000000000000,3.2000000000000000,3.0000000000000000,2.2500000000000000,Futuristic,Learner,Input
EMP100582,Wulan Nabila Fauziah,3.2000000000000000,58,V,D3,3,4,104.0,78,72,DC,INFP,34.0,1,6.0,5.0,2.0,1.0,6.0,7.0,2.0,2.0,8.0,6.0,4.0,5.0,4.0,1.0,9.0,7.0,2.0,7.0,1.0,6.0,3.2000000000000000,3.0000000000000000,3.2000000000000000,2.5000000000000000,3.2000000000000000,3.0000000000000000,3.6000000000000000,3.4000000000000000,3.2000000000000000,3.0000000000000000,,Deliberative,Achiever
EMP100583,Dinda Zulfikar Herlambang,2.6000000000000000,75,V,SMA,3,6,115.0,87,27,DC,null,19.0,9,9.0,1.0,5.0,4.0,7.0,2.0,1.0,null,9.0,5.0,7.0,2.0,8.0,1.0,5.0,1.0,5.0,1.0,3.0,8.0,2.2000000000000000,2.8000000000000000,3.0000000000000000,2.8000000000000000,2.6000000000000000,2.5000000000000000,2.2500000000000000,2.6000000000000000,2.2000000000000000,2.6000000000000000,Input,Empathy,Activator
EMP100584,Satya Ananda,2.2000000000000000,80,IV,D3,2,3,119.0,63,34,null,ESFJ,33.0,1,2.0,2.0,1.0,7.0,8.0,2.0,6.0,3.0,8.0,3.0,4.0,4.0,4.0,6.0,7.0,9.0,6.0,8.0,4.0,7.0,2.2000000000000000,2.6000000000000000,2.4000000000000000,2.0000000000000000,2.0000000000000000,2.2500000000000000,2.5000000000000000,1.5000000000000000,1.8000000000000000,2.5000000000000000,Command,Competition,Analytical
EMP100585,Indra Rohman,2.3333333333333333,18,III,S2,1,6,113.0,51,22,ID,INTJ,29.0,1,7.0,4.0,7.0,9.0,5.0,4.0,null,2.0,3.0,5.0,1.0,6.0,6.0,null,9.0,1.0,4.0,1.0,5.0,4.0,2.5000000000000000,2.5000000000000000,2.0000000000000000,2.5000000000000000,2.5000000000000000,2.5000000000000000,2.2500000000000000,2.2500000000000000,2.5000000000000000,2.2500000000000000,Ideation,Arranger,Learner
EMP100586,Adit Hartanto,3.8000000000000000,33,V,D3,3,4,111.0,43,23,IS,ENFJ,20.0,7,6.0,8.0,2.0,7.0,8.0,6.0,6.0,2.0,3.0,3.0,7.0,6.0,5.0,8.0,6.0,1.0,6.0,4.0,7.0,9.0,3.7500000000000000,3.6000000000000000,4.0000000000000000,3.7500000000000000,3.4000000000000000,3.8000000000000000,4.0000000000000000,4.2000000000000000,3.8000000000000000,3.4000000000000000,Strategic,,Ideation
EMP100587,Nabila Syahputra,3.2500000000000000,54,V,S1,3,4,113.0,66,95,ID,ENFP,25.0,2,8.0,4.0,4.0,9.0,null,4.0,4.0,1.0,5.0,5.0,5.0,null,4.0,null,9.0,1.0,7.0,5.0,4.0,5.0,3.0000000000000000,3.2000000000000000,3.2000000000000000,4.0000000000000000,3.2000000000000000,3.2000000000000000,3.2000000000000000,3.4000000000000000,3.4000000000000000,3.2500000000000000,Command,Competition,Activator
EMP100588,Intan Rohman,3.0000000000000000,84,V,D3,3,5,102.0,33,36,SC,ENTJ,33.0,10,3.0,2.0,8.0,6.0,null,5.0,5.0,6.0,1.0,4.0,7.0,4.0,8.0,7.0,null,1.0,9.0,7.0,6.0,9.0,4.0000000000000000,3.0000000000000000,3.4000000000000000,2.8000000000000000,2.2000000000000000,3.4000000000000000,3.2000000000000000,3.2000000000000000,3.7500000000000000,3.2000000000000000,Learner,Futuristic,Adaptability
EMP100589,Anisa Tri Pamungkas,3.7500000000000000,41,III,D3,1,2,null,36,21,SD,ENFP,null,9,9.0,4.0,5.0,4.0,null,6.0,2.0,4.0,8.0,2.0,1.0,4.0,3.0,2.0,5.0,4.0,3.0,4.0,8.0,3.0,3.0000000000000000,3.3333333333333333,3.8000000000000000,3.4000000000000000,3.7500000000000000,3.4000000000000000,3.5000000000000000,3.2000000000000000,3.4000000000000000,3.8000000000000000,Relator,Maximizer,Positivity
EMP100590,Putri Rachman Hartanto,2.0000000000000000,59,IV,S1,2,5,null,49,39,ID,INTJ,null,5,6.0,1.0,4.0,null,9.0,5.0,6.0,3.0,8.0,5.0,8.0,9.0,9.0,6.0,1.0,6.0,3.0,3.0,4.0,null,2.0000000000000000,1.8000000000000000,2.2000000000000000,2.0000000000000000,2.5000000000000000,2.0000000000000000,1.7500000000000000,2.7500000000000000,3.5000000000000000,2.2500000000000000,Context,,
EMP100591,Kurnia Ginting,4.4000000000000000,52,IV,S1,2,5,86.0,46,39,SI,ENFJ,28.0,4,4.0,2.0,3.0,9.0,9.0,7.0,3.0,2.0,7.0,7.0,1.0,2.0,null,8.0,8.0,3.0,null,4.0,7.0,5.0,3.0000000000000000,3.2500000000000000,2.6000000000000000,3.6000000000000000,3.5000000000000000,3.5000000000000000,3.8000000000000000,3.6000000000000000,3.2500000000000000,3.8000000000000000,Activator,Discipline,Focus
EMP100592,Galih Handayani,3.7500000000000000,51,V,SMA,3,6,null,91,38,DI,ENTP,null,9,9.0,null,null,6.0,1.0,2.0,3.0,5.0,2.0,5.0,null,8.0,1.0,7.0,3.0,6.0,8.0,8.0,3.0,1.0,3.4000000000000000,3.6000000000000000,3.8000000000000000,3.4000000000000000,3.4000000000000000,3.2000000000000000,3.7500000000000000,3.2500000000000000,3.6666666666666667,3.2500000000000000,Maximizer,,Activator
EMP100593,Hadi Santoso,2.2500000000000000,12,III,SMA,1,1,139.0,68,23,ID,ISFP,28.0,7,null,7.0,9.0,4.0,4.0,1.0,7.0,4.0,2.0,9.0,1.0,5.0,3.0,9.0,6.0,1.0,2.0,3.0,3.0,6.0,1.5000000000000000,2.2500000000000000,2.3333333333333333,2.6666666666666667,2.0000000000000000,2.0000000000000000,2.5000000000000000,1.3333333333333333,2.2500000000000000,2.0000000000000000,Individualization,Adaptability,Positivity
EMP100594,Teguh Sinaga,1.6000000000000000,73,III,D3,1,4,134.0,23,31,DI,ESFP,41.0,10,4.0,7.0,null,6.0,2.0,9.0,4.0,null,1.0,9.0,2.0,1.0,9.0,8.0,3.0,7.0,9.0,6.0,6.0,2.0,1.8000000000000000,1.4000000000000000,1.6000000000000000,1.5000000000000000,1.8000000000000000,1.6000000000000000,1.6000000000000000,2.0000000000000000,1.4000000000000000,2.0000000000000000,Relator,Self-Assurance,Input
EMP100595,Lestari Saputra,3.5000000000000000,84,V,D3,3,2,null,70,70,SI,ESTJ,null,2,8.0,9.0,4.0,null,5.0,1.0,5.0,5.0,1.0,6.0,5.0,1.0,4.0,7.0,2.0,5.0,8.0,9.0,9.0,9.0,3.0000000000000000,3.2500000000000000,2.7500000000000000,2.7500000000000000,3.6000000000000000,3.5000000000000000,2.5000000000000000,3.0000000000000000,3.0000000000000000,2.8000000000000000,Harmony,Analytical,Includer
EMP100596,Dimas Aji Hidayat,2.6000000000000000,50,V,S2,3,6,null,21,36,null,null,null,9,2.0,9.0,9.0,4.0,null,7.0,5.0,5.0,2.0,1.0,6.0,2.0,5.0,9.0,9.0,7.0,5.0,5.0,8.0,4.0,2.6000000000000000,2.4000000000000000,2.3333333333333333,22.0000000000000000,3.0000000000000000,3.0000000000000000,2.7500000000000000,2.4000000000000000,3.0000000000000000,3.0000000000000000,Positivity,Focus,
EMP100597,Fajar Maulana,3.7500000000000000,58,III,S2,1,1,97.0,86,81,IS,INTJ,27.0,1,3.0,3.0,7.0,9.0,null,null,1.0,6.0,5.0,1.0,9.0,8.0,3.0,8.0,3.0,4.0,4.0,2.0,4.0,5.0,3.2000000000000000,3.7500000000000000,3.2000000000000000,3.4000000000000000,3.7500000000000000,3.5000000000000000,3.0000000000000000,3.6000000000000000,3.2500000000000000,3.5000000000000000,Activator,Strategic,Competition
EMP100598,Adit Aji Tamba,2.6000000000000000,39,III,S1,1,6,124.0,53,94,null,null,24.0,2,3.0,6.0,1.0,3.0,2.0,5.0,1.0,null,6.0,5.0,2.0,5.0,3.0,5.0,2.0,1.0,3.0,7.0,2.0,6.0,2.5000000000000000,2.8000000000000000,2.2500000000000000,2.8000000000000000,3.0000000000000000,2.5000000000000000,2.2000000000000000,2.2500000000000000,3.0000000000000000,2.3333333333333333,Significance,Restorative,Analytical
EMP100599,Dimas Kurniawan,2.0000000000000000,16,V,SMA,3,2,81.0,49,86,CD,INFP,23.0,5,8.0,6.0,7.0,3.0,4.0,1.0,1.0,1.0,4.0,7.0,4.0,2.0,8.0,null,null,1.0,6.0,null,6.0,9.0,2.0000000000000000,2.0000000000000000,2.5000000000000000,1.7500000000000000,1.7500000000000000,2.0000000000000000,2.2500000000000000,2.2500000000000000,2.2500000000000000,2.2500000000000000,Analytical,Self-Assurance,Relator
EMP100600,Zaki Wijaya,2.2500000000000000,12,V,SMA,3,4,137.0,46,56,SI,ISTJ,18.0,7,2.0,null,3.0,4.0,1.0,6.0,5.0,8.0,9.0,7.0,7.0,8.0,9.0,4.0,null,7.0,7.0,9.0,1.0,5.0,2.5000000000000000,2.6666666666666667,2.2500000000000000,2.5000000000000000,2.6666666666666667,2.5000000000000000,2.7500000000000000,2.7500000000000000,2.2500000000000000,3.0000000000000000,Intellection,Communication,Focus
EMP100601,Nurlita Subekti,3.2000000000000000,70,IV,S1,2,3,123.0,52,37,CD,ISFP,23.0,1,9.0,2.0,4.0,7.0,7.0,1.0,null,9.0,5.0,3.0,1.0,7.0,3.0,9.0,9.0,6.0,null,9.0,6.0,9.0,3.2000000000000000,3.5000000000000000,2.8000000000000000,3.6000000000000000,2.6000000000000000,2.8000000000000000,4.0000000000000000,3.2000000000000000,3.6000000000000000,3.5000000000000000,Connectedness,Adaptability,Discipline
EMP100602,Rifqi Ananda,2.2500000000000000,53,IV,D3,2,1,null,29,66,DS,ESTP,33.0,6,2.0,1.0,8.0,6.0,9.0,null,4.0,5.0,9.0,9.0,null,1.0,4.0,6.0,5.0,4.0,9.0,4.0,7.0,1.0,2.6000000000000000,2.0000000000000000,2.4000000000000000,2.2000000000000000,2.2000000000000000,2.2000000000000000,2.3333333333333333,2.5000000000000000,2.8000000000000000,2.5000000000000000,Positivity,Competition,Responsibility
EMP100603,Ahmad Handayani,3.7500000000000000,71,V,SMA,3,6,107.0,70,59,CS,ISTJ,22.0,5,4.0,9.0,4.0,5.0,3.0,4.0,2.0,6.0,6.0,9.0,null,9.0,1.0,3.0,6.0,9.0,3.0,2.0,9.0,5.0,2.8000000000000000,2.8000000000000000,3.0000000000000000,1.6666666666666667,2.4000000000000000,2.0000000000000000,2.8000000000000000,2.5000000000000000,2.8000000000000000,3.2000000000000000,Belief,Futuristic,Adaptability
EMP100604,Yoga Lukman,3.7500000000000000,1,III,S2,1,4,null,94,61,CS,ISTP,null,6,7.0,8.0,8.0,null,null,5.0,9.0,5.0,null,9.0,8.0,8.0,null,3.0,1.0,8.0,null,6.0,6.0,5.0,3.7500000000000000,4.0000000000000000,3.0000000000000000,3.5000000000000000,4.0000000000000000,3.6666666666666667,4.0000000000000000,3.6666666666666667,5.0000000000000000,4.0000000000000000,Context,Communication,Connectedness
EMP100605,Dwi Anggara,4.2000000000000000,73,V,S2,3,1,null,89,90,ID,ISTP,null,4,5.0,2.0,2.0,6.0,8.0,8.0,4.0,9.0,8.0,5.0,5.0,null,8.0,8.0,6.0,9.0,1.0,4.0,8.0,2.0,4.0000000000000000,4.0000000000000000,4.5000000000000000,4.4000000000000000,4.7500000000000000,4.0000000000000000,4.6000000000000000,4.0000000000000000,4.2000000000000000,4.0000000000000000,Connectedness,Positivity,Developer
EMP100606,Wulan Candra Saputra,3.2500000000000000,52,III,S1,1,1,97.0,51,97,CD,ENFJ,28.0,4,3.0,6.0,7.0,5.0,3.0,8.0,8.0,5.0,3.0,8.0,4.0,null,1.0,null,9.0,4.0,4.0,8.0,2.0,6.0,3.6000000000000000,3.5000000000000000,3.5000000000000000,3.6666666666666667,3.6000000000000000,3.6000000000000000,3.2000000000000000,4.2500000000000000,3.4000000000000000,3.8000000000000000,Empathy,Positivity,Input
EMP100607,Rifqi Halim,2.4000000000000000,77,V,D3,3,5,82.0,66,44,null,ENTP,26.0,2,7.0,7.0,1.0,2.0,3.0,3.0,2.0,2.0,2.0,1.0,8.0,6.0,8.0,null,8.0,5.0,4.0,9.0,4.0,2.0,3.2500000000000000,2.6000000000000000,2.2000000000000000,2.7500000000000000,2.5000000000000000,2.5000000000000000,2.4000000000000000,2.6000000000000000,2.4000000000000000,2.2500000000000000,Consistency,Communication,Activator
EMP100608,Rani Kurniawan,4.2500000000000000,17,V,SMA,3,6,null,31,31,DS,ENTJ,19.0,8,null,7.0,6.0,2.0,4.0,3.0,6.0,8.0,2.0,3.0,1.0,1.0,2.0,6.0,5.0,7.0,8.0,9.0,6.0,3.0,4.5000000000000000,4.2500000000000000,4.2500000000000000,4.2500000000000000,4.0000000000000000,4.3333333333333333,4.7500000000000000,4.0000000000000000,4.2500000000000000,4.0000000000000000,Empathy,Futuristic,Communication
EMP100609,Oktavia Nabila Ginting,3.6000000000000000,45,V,S2,3,6,114.0,25,39,null,ENFP,26.0,8,2.0,2.0,2.0,8.0,8.0,9.0,6.0,1.0,4.0,6.0,2.0,4.0,2.0,9.0,1.0,6.0,3.0,5.0,5.0,1.0,3.7500000000000000,3.2000000000000000,3.2500000000000000,3.6000000000000000,3.2500000000000000,3.4000000000000000,3.7500000000000000,3.5000000000000000,4.0000000000000000,3.8000000000000000,Self-Assurance,Input,Discipline
EMP100610,Hana Rohman,3.2500000000000000,71,V,S2,3,1,94.0,47,70,ID,ISFJ,28.0,3,3.0,2.0,8.0,5.0,5.0,1.0,2.0,2.0,1.0,8.0,7.0,8.0,9.0,5.0,3.0,4.0,1.0,1.0,8.0,3.0,2.7500000000000000,3.0000000000000000,2.6000000000000000,3.4000000000000000,3.0000000000000000,2.7500000000000000,3.4000000000000000,3.0000000000000000,3.0000000000000000,3.4000000000000000,Woo,Responsibility,Individualization
EMP100611,Indra Sinaga,3.0000000000000000,83,III,D3,1,6,114.0,42,100,IC,null,26.0,10,3.0,3.0,8.0,5.0,9.0,1.0,9.0,2.0,3.0,1.0,null,9.0,2.0,5.0,8.0,8.0,1.0,7.0,4.0,6.0,3.5000000000000000,3.4000000000000000,2.6000000000000000,3.2000000000000000,3.2500000000000000,3.2000000000000000,2.2500000000000000,3.2500000000000000,3.0000000000000000,2.8000000000000000,Maximizer,,Achiever
EMP100612,Adit Utami,2.6000000000000000,87,V,S1,3,5,115.0,38,85,CI,ESFP,12.0,5,2.0,1.0,8.0,6.0,7.0,3.0,5.0,3.0,9.0,3.0,8.0,1.0,null,9.0,3.0,5.0,1.0,5.0,1.0,2.0,2.5000000000000000,2.2000000000000000,2.4000000000000000,2.4000000000000000,3.0000000000000000,2.4000000000000000,2.8000000000000000,2.6000000000000000,3.0000000000000000,2.5000000000000000,Input,Competition,Arranger
EMP100613,Cahyo Nabila Situmorang,3.6000000000000000,24,IV,S1,2,6,114.0,41,82,IC,ESTP,20.0,4,8.0,5.0,5.0,9.0,8.0,4.0,7.0,2.0,2.0,2.0,7.0,8.0,5.0,2.0,1.0,1.0,null,3.0,8.0,6.0,3.6666666666666667,3.6000000000000000,4.0000000000000000,3.6666666666666667,3.0000000000000000,3.6000000000000000,3.2000000000000000,3.4000000000000000,3.2000000000000000,3.4000000000000000,Developer,Focus,Responsibility
EMP100614,Cahyo Pratama,3.0000000000000000,25,IV,S1,2,3,133.0,40,39,null,ESFP,28.0,10,7.0,9.0,null,9.0,3.0,9.0,null,2.0,4.0,9.0,8.0,1.0,2.0,1.0,3.0,8.0,null,7.0,7.0,1.0,3.0000000000000000,3.2000000000000000,2.8000000000000000,3.2000000000000000,2.8000000000000000,3.2000000000000000,2.8000000000000000,3.0000000000000000,3.4000000000000000,2.7500000000000000,Self-Assurance,Command,Analytical
EMP100615,Ahmad Halim Nugroho,4.0000000000000000,86,III,SMA,1,4,139.0,79,50,SI,ISTP,29.0,10,2.0,1.0,3.0,5.0,null,5.0,2.0,4.0,7.0,9.0,2.0,5.0,9.0,5.0,4.0,7.0,6.0,5.0,null,8.0,3.6000000000000000,4.6000000000000000,4.4000000000000000,4.2000000000000000,4.0000000000000000,4.0000000000000000,4.4000000000000000,3.6000000000000000,3.5000000000000000,3.6000000000000000,Belief,Adaptability,Context
EMP100616,Nadia Ramadhan,3.2500000000000000,46,IV,SMA,2,3,88.0,86,92,SI,ESTP,30.0,8,6.0,2.0,2.0,1.0,6.0,6.0,1.0,4.0,2.0,7.0,2.0,5.0,7.0,9.0,2.0,6.0,1.0,3.0,3.0,7.0,3.7500000000000000,3.2000000000000000,3.0000000000000000,3.2000000000000000,3.2000000000000000,3.7500000000000000,3.0000000000000000,3.4000000000000000,3.4000000000000000,3.2500000000000000,Analytical,Input,Arranger
EMP100617,Eko Rahmawati,2.7500000000000000,32,V,SMA,3,1,104.0,22,78,DC,ENFJ,29.0,2,8.0,7.0,8.0,9.0,4.0,8.0,6.0,8.0,4.0,9.0,7.0,9.0,6.0,5.0,8.0,6.0,5.0,9.0,9.0,7.0,2.6000000000000000,3.0000000000000000,2.4000000000000000,2.6000000000000000,2.4000000000000000,2.8000000000000000,2.4000000000000000,2.8000000000000000,2.6000000000000000,2.6000000000000000,Woo,Competition,Intellection
EMP100618,Arif Ramadhan,3.0000000000000000,81,III,D3,1,2,140.0,95,72,null,ISTJ,34.0,1,3.0,null,6.0,5.0,8.0,7.0,1.0,7.0,2.0,6.0,2.0,9.0,null,1.0,6.0,3.0,3.0,2.0,9.0,2.0,2.8000000000000000,2.5000000000000000,3.0000000000000000,3.0000000000000000,2.8000000000000000,3.0000000000000000,3.5000000000000000,3.2000000000000000,3.6000000000000000,2.8000000000000000,Communication,Restorative,Significance
EMP100619,Adi Candra Firmansyah,3.0000000000000000,49,IV,SMA,2,1,114.0,33,93,SC,ISTJ,21.0,10,1.0,8.0,1.0,4.0,5.0,7.0,null,2.0,2.0,8.0,2.0,6.0,6.0,3.0,4.0,3.0,5.0,6.0,4.0,null,3.2000000000000000,2.2500000000000000,3.2500000000000000,3.2000000000000000,3.0000000000000000,3.0000000000000000,2.6000000000000000,2.6000000000000000,3.4000000000000000,3.0000000000000000,Communication,Relator,Harmony
EMP100620,Oka Kusuma,2.5000000000000000,76,IV,SMA,2,3,119.0,83,62,CI,ENTP,38.0,2,null,2.0,6.0,6.0,3.0,2.0,3.0,2.0,7.0,4.0,7.0,8.0,3.0,1.0,6.0,9.0,3.0,6.0,4.0,5.0,2.8000000000000000,2.7500000000000000,2.8000000000000000,3.2000000000000000,2.6000000000000000,2.8000000000000000,2.4000000000000000,3.2000000000000000,3.2000000000000000,2.4000000000000000,Futuristic,Intellection,Competition
EMP100621,Zahra Fauziah,2.5000000000000000,77,III,SMA,1,6,87.0,38,47,CS,ENFP,23.0,9,7.0,7.0,null,4.0,8.0,1.0,8.0,2.0,1.0,1.0,1.0,null,3.0,9.0,5.0,null,5.0,5.0,3.0,1.0,3.0000000000000000,2.2000000000000000,2.4000000000000000,2.4000000000000000,2.8000000000000000,2.3333333333333333,2.6000000000000000,2.2500000000000000,2.0000000000000000,2.3333333333333333,Belief,,Arranger
EMP100622,Ahmad Anugrah Anggara,2.2500000000000000,20,III,D3,1,2,90.0,71,65,null,ENTP,24.0,5,6.0,7.0,4.0,2.0,1.0,8.0,5.0,9.0,6.0,null,null,7.0,5.0,9.0,6.0,5.0,9.0,null,9.0,5.0,1.7500000000000000,2.2500000000000000,2.0000000000000000,2.5000000000000000,2.3333333333333333,2.5000000000000000,2.2500000000000000,2.0000000000000000,2.5000000000000000,2.2500000000000000,Developer,Competition,Responsibility
EMP100623,Hadi Simanjuntak,2.6000000000000000,53,V,D3,3,3,82.0,52,60,SC,ENTJ,32.0,6,7.0,9.0,2.0,1.0,7.0,2.0,9.0,9.0,1.0,9.0,7.0,1.0,null,5.0,1.0,2.0,1.0,3.0,8.0,2.0,2.6000000000000000,2.4000000000000000,3.0000000000000000,2.6000000000000000,2.0000000000000000,1.8000000000000000,2.6666666666666667,2.8000000000000000,3.0000000000000000,2.6000000000000000,Adaptability,Self-Assurance,Analytical
EMP100624,Luthfi Firmansyah,22.2000000000000000,38,V,D3,3,4,95.0,46,89,CI,ENTJ,33.0,3,2.0,7.0,4.0,3.0,5.0,7.0,3.0,9.0,2.0,6.0,6.0,null,null,7.0,null,5.0,8.0,1.0,7.0,null,3.2500000000000000,3.0000000000000000,3.3333333333333333,2.8000000000000000,3.4000000000000000,3.0000000000000000,3.8000000000000000,2.8000000000000000,2.8000000000000000,2.8000000000000000,Arranger,Empathy,Belief
EMP100625,Dwi Utami,3.4000000000000000,83,V,S2,3,4,132.0,81,53,DI,ENTJ,30.0,9,7.0,6.0,5.0,2.0,2.0,4.0,null,3.0,8.0,7.0,1.0,null,2.0,6.0,null,7.0,8.0,8.0,8.0,2.0,3.4000000000000000,2.8000000000000000,3.2000000000000000,2.5000000000000000,3.5000000000000000,3.4000000000000000,3.4000000000000000,2.7500000000000000,3.4000000000000000,3.0000000000000000,Restorative,Includer,Belief
EMP100626,Arif Nugroho,2.0000000000000000,8,V,S1,3,4,81.0,54,28,DI,ISFJ,32.0,8,7.0,3.0,null,6.0,6.0,3.0,2.0,8.0,1.0,null,null,1.0,6.0,7.0,2.0,null,4.0,2.0,3.0,8.0,2.0000000000000000,2.0000000000000000,2.0000000000000000,2.3333333333333333,2.2500000000000000,2.0000000000000000,2.0000000000000000,2.0000000000000000,1.6666666666666667,2.0000000000000000,Includer,Relator,Significance
EMP100627,Hadi Handayani,2.7500000000000000,19,IV,S2,2,6,106.0,96,72,SC,INTP,26.0,9,null,3.0,9.0,6.0,3.0,1.0,7.0,3.0,6.0,9.0,2.0,6.0,null,5.0,6.0,6.0,6.0,8.0,9.0,9.0,2.7500000000000000,2.5000000000000000,2.5000000000000000,3.0000000000000000,2.7500000000000000,2.7500000000000000,2.5000000000000000,2.3333333333333333,3.0000000000000000,2.5000000000000000,Belief,Command,Focus
EMP100628,Fitri Dharma Siregar,2.7500000000000000,12,III,S1,1,5,84.0,86,33,SC,ESTJ,31.0,7,5.0,null,1.0,9.0,7.0,4.0,7.0,null,7.0,6.0,4.0,9.0,1.0,3.0,5.0,1.0,6.0,2.0,4.0,8.0,3.3333333333333333,2.7500000000000000,3.0000000000000000,2.7500000000000000,2.7500000000000000,3.0000000000000000,2.5000000000000000,3.0000000000000000,3.2500000000000000,3.0000000000000000,Learner,Connectedness,Strategic
EMP100629,Mahendra Subekti,2.7500000000000000,34,V,S1,3,1,124.0,28,33,CS,ISFP,32.0,1,1.0,5.0,9.0,8.0,null,7.0,4.0,7.0,3.0,8.0,4.0,null,6.0,4.0,1.0,6.0,7.0,1.0,3.0,4.0,3.0000000000000000,2.5000000000000000,2.6000000000000000,2.6000000000000000,3.0000000000000000,3.0000000000000000,3.0000000000000000,2.6000000000000000,3.0000000000000000,3.0000000000000000,Deliberative,Intellection,Self-Assurance
EMP100630,Maya Candra Maulida,4.0000000000000000,8,V,D3,3,5,null,60,96,CS,ENTP,null,5,null,2.0,6.0,5.0,1.0,7.0,6.0,2.0,4.0,6.0,7.0,9.0,3.0,null,7.0,7.0,5.0,5.0,9.0,null,3.2500000000000000,3.0000000000000000,2.2500000000000000,3.6666666666666667,3.0000000000000000,3.5000000000000000,3.5000000000000000,3.7500000000000000,3.5000000000000000,3.2500000000000000,Maximizer,Self-Assurance,Significance
EMP100631,Zahra Dharma Zulfikar,2.6000000000000000,58,IV,SMA,2,4,119.0,90,26,null,ENTP,26.0,9,4.0,7.0,1.0,5.0,5.0,5.0,9.0,9.0,6.0,6.0,5.0,1.0,8.0,6.0,3.0,9.0,9.0,null,6.0,3.0,3.0000000000000000,2.8000000000000000,3.0000000000000000,2.0000000000000000,3.0000000000000000,2.4000000000000000,2.4000000000000000,2.8000000000000000,3.0000000000000000,2.2500000000000000,Self-Assurance,Futuristic,Analytical
EMP100632,Rani Pramudita Suharto,3.3333333333333333,77,IV,S2,2,3,null,62,69,DS,ESFJ,null,3,6.0,4.0,6.0,8.0,1.0,7.0,7.0,1.0,3.0,3.0,1.0,3.0,3.0,null,2.0,8.0,8.0,4.0,4.0,1.0,3.2500000000000000,3.6000000000000000,3.0000000000000000,3.0000000000000000,3.8000000000000000,2.6666666666666667,4.0000000000000000,3.4000000000000000,3.2000000000000000,3.4000000000000000,Analytical,Adaptability,
EMP100633,Dewi Setiawan,2.8000000000000000,54,V,SMA,3,5,110.0,83,92,DC,INTP,20.0,9,6.0,5.0,6.0,4.0,5.0,8.0,3.0,5.0,null,1.0,5.0,4.0,4.0,9.0,7.0,2.0,6.0,1.0,9.0,9.0,3.2500000000000000,22.6000000000000000,2.6000000000000000,3.0000000000000000,2.7500000000000000,4.0000000000000000,3.0000000000000000,2.8000000000000000,2.7500000000000000,3.2500000000000000,Input,Self-Assurance,Developer
EMP100634,Nugroho Pratama,2.8000000000000000,55,IV,D3,2,1,117.0,52,71,CD,ENTP,28.0,5,3.0,1.0,8.0,2.0,2.0,2.0,1.0,4.0,1.0,1.0,null,1.0,4.0,5.0,3.0,7.0,3.0,null,9.0,2.0,2.2000000000000000,2.8000000000000000,2.8000000000000000,2.4000000000000000,3.2500000000000000,3.0000000000000000,2.6000000000000000,2.8000000000000000,3.0000000000000000,2.8000000000000000,Significance,Restorative,Communication
EMP100635,Umar Dharma Fauziah,3.0000000000000000,19,IV,D3,2,4,133.0,64,62,SD,INTP,17.0,1,2.0,null,8.0,8.0,1.0,null,null,6.0,1.0,7.0,3.0,8.0,1.0,null,6.0,4.0,4.0,4.0,2.0,8.0,3.2500000000000000,3.0000000000000000,3.2500000000000000,2.7500000000000000,2.7500000000000000,3.0000000000000000,3.7500000000000000,2.7500000000000000,2.7500000000000000,3.6666666666666667,,Belief,Intellection
EMP100636,Rama Aji Wibowo,3.2000000000000000,76,V,D3,3,3,80.0,24,49,IS,ENFJ,34.0,3,8.0,5.0,4.0,2.0,2.0,null,null,5.0,8.0,6.0,6.0,7.0,2.0,null,5.0,8.0,null,6.0,1.0,6.0,3.4000000000000000,3.0000000000000000,3.6000000000000000,2.7500000000000000,3.0000000000000000,3.4000000000000000,3.0000000000000000,3.0000000000000000,3.0000000000000000,3.0000000000000000,,Maximizer,Deliberative
EMP100637,Rani Adi Simanjuntak,3.4000000000000000,52,V,S2,3,4,105.0,31,26,SI,ISTP,22.0,10,9.0,7.0,6.0,6.0,2.0,4.0,1.0,7.0,3.0,null,4.0,3.0,6.0,4.0,1.0,7.0,9.0,3.0,2.0,6.0,3.7500000000000000,3.4000000000000000,3.0000000000000000,3.0000000000000000,3.2000000000000000,3.4000000000000000,3.4000000000000000,3.6000000000000000,3.5000000000000000,3.4000000000000000,Futuristic,Command,Arranger
EMP100638,Budi Yudhistira Permadi,3.5000000000000000,64,V,D3,3,3,null,47,47,ID,ISFP,null,1,7.0,5.0,4.0,null,5.0,9.0,7.0,9.0,8.0,8.0,8.0,7.0,null,null,5.0,4.0,5.0,5.0,1.0,2.0,3.7500000000000000,3.8000000000000000,3.6000000000000000,3.0000000000000000,3.5000000000000000,3.2000000000000000,4.2000000000000000,3.2000000000000000,3.2000000000000000,4.0000000000000000,Analytical,Futuristic,Intellection
EMP100639,Iman Pratama,2.7500000000000000,54,IV,S2,2,5,138.0,94,52,DC,INFP,27.0,1,2.0,5.0,6.0,1.0,9.0,7.0,4.0,5.0,null,7.0,6.0,7.0,3.0,1.0,6.0,null,6.0,null,null,8.0,2.6000000000000000,2.7500000000000000,1.7500000000000000,3.0000000000000000,3.4000000000000000,3.0000000000000000,2.8000000000000000,2.6000000000000000,2.6000000000000000,2.4000000000000000,Significance,Analytical,Connectedness
EMP100640,Dewi Yudhistira Putra,3.2500000000000000,7,IV,D3,2,5,135.0,80,47,DI,ESTJ,23.0,8,4.0,6.0,6.0,8.0,null,3.0,1.0,4.0,1.0,9.0,2.0,3.0,null,8.0,9.0,null,4.0,5.0,4.0,9.0,2.6666666666666667,3.2500000000000000,2.3333333333333333,3.0000000000000000,3.6666666666666667,22.0000000000000000,3.0000000000000000,2.6666666666666667,3.0000000000000000,3.0000000000000000,Input,,Achiever
EMP100641,Julia Simanjuntak,2.5000000000000000,70,IV,S2,2,4,null,37,100,IS,enfp,null,10,6.0,9.0,null,5.0,null,5.0,3.0,7.0,7.0,3.0,8.0,8.0,null,5.0,3.0,9.0,2.0,1.0,8.0,7.0,2.6000000000000000,1.8000000000000000,2.5000000000000000,2.6000000000000000,2.5000000000000000,2.6000000000000000,2.8000000000000000,2.8000000000000000,2.0000000000000000,3.2000000000000000,Communication,Woo,Empathy
EMP100642,Umar Halim Pradana,3.6000000000000000,69,III,S1,1,6,106.0,31,67,SC,ENFJ,39.0,5,null,9.0,8.0,9.0,null,9.0,5.0,3.0,9.0,3.0,9.0,9.0,2.0,8.0,3.0,5.0,9.0,8.0,8.0,1.0,4.0000000000000000,3.5000000000000000,3.0000000000000000,3.6000000000000000,3.6000000000000000,3.6000000000000000,3.6000000000000000,3.4000000000000000,4.2500000000000000,3.4000000000000000,Consistency,Includer,Communication
EMP100643,Dewi Yulianto,3.0000000000000000,64,III,S1,1,3,135.0,87,45,ID,ISFJ,18.0,1,3.0,6.0,9.0,null,6.0,6.0,9.0,1.0,7.0,1.0,null,3.0,5.0,1.0,8.0,8.0,6.0,null,1.0,7.0,3.2000000000000000,3.2000000000000000,2.2500000000000000,2.8000000000000000,2.7500000000000000,3.4000000000000000,3.7500000000000000,2.7500000000000000,2.6000000000000000,3.6000000000000000,Focus,Individualization,Input
EMP100644,Ayunda Hartanto,3.4000000000000000,69,III,SMA,1,3,98.0,49,87,DI,ESFJ,36.0,7,7.0,null,6.0,7.0,1.0,4.0,6.0,8.0,6.0,6.0,6.0,8.0,7.0,1.0,5.0,9.0,2.0,3.0,7.0,null,3.2500000000000000,2.6000000000000000,2.8000000000000000,2.5000000000000000,2.6000000000000000,2.6000000000000000,2.2000000000000000,3.0000000000000000,2.6000000000000000,2.4000000000000000,Responsibility,Woo,Discipline
EMP100645,Yoga Iqbal Santoso,4.0000000000000000,26,IV,SMA,2,5,82.0,37,66,SI,ISFP,37.0,1,9.0,6.0,5.0,1.0,6.0,1.0,1.0,8.0,9.0,9.0,1.0,1.0,4.0,3.0,8.0,5.0,9.0,3.0,2.0,1.0,4.0000000000000000,4.0000000000000000,3.7500000000000000,4.0000000000000000,4.4000000000000000,4.7500000000000000,3.7500000000000000,3.6666666666666667,4.2000000000000000,4.2500000000000000,Adaptability,Developer,
EMP100646,Oktavia Ananda,4.2000000000000000,62,III,S2,1,5,126.0,67,29,DC,INFJ,37.0,10,6.0,3.0,7.0,9.0,7.0,5.0,4.0,8.0,2.0,8.0,4.0,7.0,9.0,4.0,3.0,3.0,5.0,7.0,5.0,3.0,4.2000000000000000,4.6666666666666667,4.0000000000000000,4.4000000000000000,4.6000000000000000,4.2500000000000000,4.0000000000000000,4.2500000000000000,4.4000000000000000,4.2500000000000000,Analytical,Adaptability,Developer
EMP100647,Vania Ganesha Ananda,3.7500000000000000,82,III,S1,1,2,117.0,69,93,CD,ISTJ,17.0,3,4.0,7.0,7.0,5.0,6.0,8.0,2.0,8.0,5.0,null,2.0,4.0,6.0,7.0,6.0,2.0,1.0,5.0,9.0,2.0,3.4000000000000000,3.8000000000000000,3.7500000000000000,3.4000000000000000,3.7500000000000000,3.8000000000000000,3.8000000000000000,3.8000000000000000,4.0000000000000000,3.2000000000000000,Achiever,Developer,Maximizer
EMP100648,Sari Mahardika Firmansyah,2.3333333333333333,72,III,S1,1,3,null,88,44,null,null,null,6,8.0,6.0,6.0,3.0,2.0,9.0,6.0,4.0,8.0,2.0,3.0,1.0,null,1.0,3.0,4.0,3.0,7.0,7.0,6.0,2.5000000000000000,1.8000000000000000,3.0000000000000000,2.5000000000000000,2.8000000000000000,2.5000000000000000,2.8000000000000000,2.6000000000000000,2.7500000000000000,2.7500000000000000,Achiever,Adaptability,Arranger
EMP100649,Wahyu Dharma Handayani,4.0000000000000000,48,IV,S1,2,1,99.0,24,80,ID,ISFJ,26.0,7,3.0,5.0,6.0,1.0,1.0,6.0,1.0,2.0,3.0,6.0,2.0,8.0,1.0,1.0,3.0,7.0,null,5.0,5.0,7.0,3.8000000000000000,3.4000000000000000,3.2500000000000000,3.5000000000000000,4.0000000000000000,3.2000000000000000,4.0000000000000000,4.0000000000000000,3.6000000000000000,4.0000000000000000,Analytical,Arranger,Discipline
EMP100650,Rifqi Kurniawan,3.5000000000000000,23,IV,S2,2,2,null,85,79,DI,ESTP,null,6,3.0,2.0,7.0,7.0,null,3.0,5.0,6.0,4.0,1.0,4.0,3.0,1.0,4.0,9.0,6.0,1.0,7.0,9.0,6.0,3.5000000000000000,3.3333333333333333,4.0000000000000000,3.2500000000000000,2.4000000000000000,3.0000000000000000,3.5000000000000000,3.2500000000000000,3.2500000000000000,3.0000000000000000,Includer,Empathy,Focus
EMP100651,Novi Pamungkas,3.4000000000000000,56,V,SMA,3,1,117.0,56,79,SC,ESTP,28.0,10,5.0,7.0,1.0,1.0,1.0,null,3.0,4.0,2.0,2.0,7.0,7.0,5.0,5.0,7.0,2.0,3.0,6.0,8.0,8.0,2.6666666666666667,3.6000000000000000,3.4000000000000000,3.6000000000000000,3.6000000000000000,4.0000000000000000,3.6000000000000000,3.0000000000000000,2.7500000000000000,3.2500000000000000,Ideation,Deliberative,
EMP100652,Eko Mahardika Lukman,3.8000000000000000,58,III,SMA,1,6,122.0,60,64,DS,INTJ,22.0,2,4.0,8.0,5.0,2.0,7.0,7.0,4.0,1.0,1.0,2.0,2.0,6.0,4.0,9.0,5.0,1.0,8.0,8.0,7.0,2.0,3.2500000000000000,3.6000000000000000,3.4000000000000000,4.3333333333333333,3.8000000000000000,3.7500000000000000,3.6000000000000000,4.2000000000000000,3.6000000000000000,3.5000000000000000,Consistency,Connectedness,
EMP100653,Intan Pratama,3.5000000000000000,0,IV,S2,2,4,111.0,58,72,DS,ISTJ,26.0,2,3.0,9.0,8.0,3.0,3.0,6.0,null,2.0,7.0,7.0,8.0,8.0,null,7.0,4.0,8.0,9.0,6.0,5.0,7.0,3.5000000000000000,3.5000000000000000,3.7500000000000000,3.7500000000000000,3.0000000000000000,4.5000000000000000,3.7500000000000000,4.0000000000000000,3.5000000000000000,3.2500000000000000,,Maximizer,Adaptability
EMP100654,Prasetyo Hidayat,3.0000000000000000,29,III,D3,1,5,null,44,28,CD,ESTP,15.0,1,4.0,1.0,7.0,9.0,9.0,null,5.0,null,null,4.0,9.0,6.0,1.0,2.0,7.0,9.0,7.0,5.0,1.0,2.0,3.0000000000000000,3.0000000000000000,3.0000000000000000,2.6000000000000000,2.8000000000000000,2.8000000000000000,3.2500000000000000,3.2000000000000000,2.3333333333333333,3.7500000000000000,Discipline,Intellection,Individualization
EMP100655,Novi Lestari,3.0000000000000000,88,V,S1,3,5,null,53,69,null,ENFJ,null,9,null,8.0,1.0,1.0,3.0,8.0,4.0,1.0,7.0,3.0,5.0,5.0,8.0,7.0,6.0,8.0,7.0,2.0,3.0,null,3.0000000000000000,3.2500000000000000,2.8000000000000000,3.0000000000000000,3.4000000000000000,3.0000000000000000,3.0000000000000000,3.2000000000000000,2.8000000000000000,3.0000000000000000,Restorative,Intellection,Competition
EMP100656,Joko Herlambang,3.4000000000000000,92,III,D3,1,5,96.0,76,61,IS,INFJ,22.0,6,6.0,5.0,1.0,1.0,9.0,6.0,null,1.0,8.0,4.0,6.0,7.0,7.0,7.0,null,5.0,7.0,null,7.0,7.0,3.2500000000000000,4.2000000000000000,3.2000000000000000,3.6000000000000000,4.0000000000000000,3.4000000000000000,3.4000000000000000,3.8000000000000000,3.4000000000000000,3.8000000000000000,Responsibility,Arranger,Command
EMP100657,Rendra Anugrah Maulida,3.6000000000000000,76,V,D3,3,4,84.0,54,66,IS,ISFJ,27.0,7,8.0,5.0,6.0,8.0,3.0,2.0,6.0,6.0,2.0,9.0,3.0,9.0,2.0,7.0,1.0,2.0,6.0,3.0,7.0,3.0,3.2500000000000000,3.4000000000000000,3.4000000000000000,3.0000000000000000,3.6000000000000000,3.2500000000000000,3.6000000000000000,3.8000000000000000,3.4000000000000000,3.4000000000000000,Input,Arranger,Belief
EMP100658,Nurlita Jatmiko Salsabila,2.2000000000000000,149,III,SMA,1,1,109.0,45,84,SD,ESFP,28.0,5,9.0,2.0,1.0,4.0,7.0,4.0,4.0,7.0,1.0,7.0,null,5.0,6.0,9.0,4.0,5.0,7.0,9.0,9.0,5.0,2.6000000000000000,2.2000000000000000,2.2500000000000000,2.2500000000000000,2.4000000000000000,2.5000000000000000,2.4000000000000000,2.0000000000000000,2.0000000000000000,2.2000000000000000,,Competition,Adaptability
EMP100659,Bella Utami,3.7500000000000000,26,IV,SMA,2,4,133.0,34,74,IC,ISFJ,33.0,10,1.0,9.0,9.0,7.0,6.0,7.0,3.0,1.0,6.0,7.0,7.0,9.0,8.0,8.0,8.0,5.0,8.0,1.0,9.0,2.0,3.4000000000000000,3.4000000000000000,3.0000000000000000,3.2000000000000000,3.4000000000000000,3.2000000000000000,3.2000000000000000,3.6000000000000000,3.4000000000000000,3.4000000000000000,Strategic,Learner,Positivity
EMP100660,Anisa Putra,3.5000000000000000,36,IV,S1,2,6,126.0,58,37,ID,ENFP,35.0,9,null,9.0,6.0,6.0,3.0,7.0,5.0,8.0,4.0,6.0,8.0,4.0,3.0,4.0,4.0,8.0,5.0,3.0,null,4.0,3.4000000000000000,3.4000000000000000,3.6000000000000000,3.6000000000000000,3.7500000000000000,3.4000000000000000,3.5000000000000000,3.0000000000000000,3.6000000000000000,3.5000000000000000,Harmony,Woo,Positivity
EMP100661,Budi Siregar,3.0000000000000000,69,V,SMA,3,3,103.0,57,26,DC,INFP,20.0,6,1.0,1.0,7.0,9.0,9.0,9.0,7.0,9.0,2.0,8.0,5.0,6.0,7.0,8.0,7.0,1.0,4.0,9.0,7.0,1.0,3.5000000000000000,3.0000000000000000,2.5000000000000000,3.0000000000000000,3.0000000000000000,4.0000000000000000,3.6000000000000000,3.2000000000000000,3.6000000000000000,2.6000000000000000,Empathy,Context,Deliberative
EMP100662,Utami Pratama,4.2000000000000000,67,III,S1,1,1,119.0,87,93,CI,ENTP,33.0,6,8.0,7.0,7.0,1.0,null,6.0,5.0,1.0,5.0,9.0,8.0,1.0,9.0,1.0,4.0,3.0,1.0,2.0,2.0,1.0,4.2000000000000000,4.0000000000000000,4.0000000000000000,3.8000000000000000,4.4000000000000000,4.2000000000000000,4.4000000000000000,4.2500000000000000,3.5000000000000000,4.7500000000000000,Individualization,Futuristic,Arranger
EMP100663,Rifqi Jatmiko Indrawan,3.2500000000000000,55,III,SMA,1,3,123.0,23,52,IS,ENTJ,32.0,8,1.0,3.0,4.0,8.0,3.0,7.0,9.0,7.0,null,null,null,6.0,2.0,null,2.0,9.0,2.0,2.0,8.0,3.0,3.2000000000000000,3.0000000000000000,2.8000000000000000,3.0000000000000000,2.4000000000000000,3.5000000000000000,3.2000000000000000,3.6000000000000000,3.2000000000000000,2.4000000000000000,Responsibility,Activator,Consistency
EMP100664,Zaki Rachman Putra,3.2500000000000000,19,III,S1,1,5,101.0,59,24,SD,ENFP,34.0,2,4.0,4.0,9.0,3.0,8.0,7.0,7.0,3.0,6.0,4.0,2.0,9.0,1.0,8.0,5.0,3.0,9.0,7.0,9.0,5.0,3.6666666666666667,3.0000000000000000,3.2500000000000000,2.5000000000000000,3.6666666666666667,2.6666666666666667,2.7500000000000000,3.2500000000000000,3.5000000000000000,3.5000000000000000,Developer,Significance,Discipline
EMP100665,Rendra Ridwan,3.6000000000000000,42,V,S2,3,5,102.0,41,55,DS,ESFP,30.0,8,2.0,6.0,5.0,null,null,4.0,6.0,2.0,2.0,3.0,8.0,2.0,5.0,4.0,9.0,6.0,9.0,null,1.0,9.0,3.6000000000000000,3.4000000000000000,3.8000000000000000,3.7500000000000000,3.6666666666666667,3.0000000000000000,4.0000000000000000,3.6000000000000000,3.7500000000000000,3.8000000000000000,Includer,Connectedness,Individualization
EMP100666,Evi Sinaga,3.3333333333333333,36,III,S1,1,6,118.0,48,26,SI,ENFJ,24.0,4,6.0,6.0,null,7.0,8.0,2.0,3.0,3.0,3.0,7.0,1.0,6.0,8.0,3.0,3.0,1.0,7.0,3.0,null,2.0,3.2500000000000000,3.2000000000000000,3.4000000000000000,3.2500000000000000,3.4000000000000000,3.7500000000000000,3.6000000000000000,3.2500000000000000,3.2000000000000000,3.2000000000000000,Context,Competition,
EMP100667,Rifqi Handayani,4.0000000000000000,109,V,D3,3,5,93.0,83,50,IS,ISTJ,19.0,3,null,4.0,6.0,5.0,3.0,3.0,3.0,3.0,6.0,4.0,9.0,6.0,null,4.0,4.0,2.0,9.0,9.0,8.0,7.0,3.7500000000000000,4.0000000000000000,4.0000000000000000,3.7500000000000000,3.8000000000000000,4.3333333333333333,4.0000000000000000,4.0000000000000000,4.2000000000000000,4.0000000000000000,Restorative,,Achiever
EMP100668,Luthfi Yudhistira Rohman,3.0000000000000000,20,V,D3,3,2,137.0,43,23,SD,ENTP,23.0,1,3.0,6.0,8.0,9.0,7.0,6.0,4.0,5.0,8.0,3.0,9.0,2.0,4.0,7.0,1.0,2.0,6.0,4.0,4.0,4.0,2.7500000000000000,3.0000000000000000,2.5000000000000000,2.7500000000000000,2.7500000000000000,2.7500000000000000,2.0000000000000000,2.2500000000000000,2.7500000000000000,26.5000000000000000,Competition,,Belief
EMP100669,Adi Suharto,3.0000000000000000,79,III,S1,1,4,96.0,79,60,DI,ESFP,35.0,5,2.0,1.0,null,1.0,7.0,9.0,9.0,7.0,5.0,4.0,5.0,3.0,8.0,3.0,null,9.0,4.0,7.0,5.0,4.0,3.0000000000000000,3.2000000000000000,3.4000000000000000,3.0000000000000000,2.6000000000000000,3.2500000000000000,3.0000000000000000,2.8000000000000000,3.2000000000000000,3.2000000000000000,Discipline,Responsibility,Developer
EMP100670,Rama Tamba,2.8000000000000000,70,IV,SMA,2,3,null,34,98,null,ISTP,null,5,null,2.0,6.0,8.0,5.0,1.0,2.0,9.0,1.0,5.0,5.0,4.0,8.0,6.0,1.0,8.0,null,7.0,2.0,4.0,3.2500000000000000,3.0000000000000000,2.4000000000000000,3.0000000000000000,3.5000000000000000,2.4000000000000000,2.6000000000000000,2.7500000000000000,2.5000000000000000,2.8000000000000000,Focus,Woo,Includer
EMP100671,Fajar Baskara Rohman,2.6000000000000000,82,V,S1,3,2,111.0,54,91,CI,ISTJ,29.0,3,9.0,5.0,1.0,null,9.0,2.0,8.0,5.0,8.0,4.0,1.0,3.0,6.0,3.0,6.0,2.0,4.0,null,5.0,2.0,3.2500000000000000,2.2000000000000000,2.8000000000000000,2.6000000000000000,2.2500000000000000,3.0000000000000000,2.5000000000000000,2.6000000000000000,2.8000000000000000,2.6666666666666667,Input,Context,Self-Assurance
EMP100672,Rani Ridwan,1.6000000000000000,76,V,S1,3,4,114.0,89,61,CI,ISFJ,31.0,9,7.0,5.0,6.0,5.0,3.0,5.0,9.0,2.0,3.0,7.0,2.0,6.0,4.0,2.0,2.0,8.0,9.0,7.0,2.0,7.0,1.8000000000000000,1.6000000000000000,1.00000000000000000000,1.2500000000000000,2.0000000000000000,1.6000000000000000,1.6000000000000000,1.5000000000000000,1.7500000000000000,1.5000000000000000,Strategic,Significance,Responsibility
EMP100673,Citra Siregar,3.2500000000000000,18,III,D3,1,4,107.0,50,37,SD,INTJ,22.0,6,3.0,4.0,9.0,2.0,9.0,6.0,7.0,2.0,9.0,6.0,2.0,9.0,2.0,4.0,null,7.0,7.0,3.0,6.0,3.0,3.2500000000000000,2.7500000000000000,3.2500000000000000,3.2500000000000000,3.0000000000000000,3.5000000000000000,3.7500000000000000,3.2500000000000000,3.0000000000000000,3.2500000000000000,Activator,Maximizer,Analytical
EMP100674,Valdo Handayani,3.0000000000000000,31,IV,SMA,2,6,null,54,91,CI,INTJ,26.0,3,1.0,4.0,5.0,null,2.0,3.0,6.0,4.0,6.0,7.0,4.0,7.0,3.0,9.0,3.0,7.0,4.0,9.0,3.0,4.0,3.0000000000000000,3.2500000000000000,2.5000000000000000,3.0000000000000000,3.2000000000000000,3.2500000000000000,3.0000000000000000,3.0000000000000000,22.2000000000000000,3.7500000000000000,Intellection,Includer,Connectedness
EMP100675,Fajar Permadi,3.4000000000000000,63,IV,SMA,2,4,134.0,44,93,SC,ESTJ,25.0,4,2.0,7.0,4.0,6.0,8.0,7.0,null,8.0,4.0,7.0,8.0,9.0,9.0,5.0,7.0,1.0,4.0,6.0,7.0,4.0,3.5000000000000000,3.2000000000000000,4.2500000000000000,4.0000000000000000,3.6000000000000000,3.2000000000000000,3.0000000000000000,3.5000000000000000,3.4000000000000000,3.6000000000000000,Maximizer,,Futuristic
EMP100676,Rifqi Simanjuntak,2.0000000000000000,54,IV,S2,2,3,81.0,73,95,SD,ISFP,32.0,6,1.0,9.0,3.0,null,2.0,7.0,6.0,2.0,2.0,8.0,6.0,1.0,2.0,7.0,7.0,2.0,4.0,9.0,3.0,4.0,2.2000000000000000,2.4000000000000000,1.7500000000000000,2.2000000000000000,2.0000000000000000,1.8000000000000000,2.0000000000000000,2.0000000000000000,2.6000000000000000,1.8000000000000000,,Communication,Input
EMP100677,Rani Halim Saputra,2.5000000000000000,13,III,SMA,1,1,135.0,72,84,CD,ISFJ,32.0,4,3.0,1.0,7.0,4.0,5.0,1.0,1.0,7.0,8.0,5.0,8.0,2.0,5.0,3.0,9.0,2.0,7.0,1.0,1.0,3.0,2.5000000000000000,2.5000000000000000,2.2500000000000000,2.5000000000000000,3.0000000000000000,2.7500000000000000,3.0000000000000000,3.0000000000000000,3.0000000000000000,2.6666666666666667,,Command,Futuristic
EMP100678,Julia Jatmiko Nugroho,3.6000000000000000,80,IV,S2,2,2,null,35,62,DC,ENTP,null,9,5.0,8.0,6.0,5.0,5.0,2.0,1.0,3.0,1.0,9.0,7.0,8.0,3.0,2.0,4.0,3.0,2.0,2.0,5.0,1.0,4.2000000000000000,3.6000000000000000,3.6000000000000000,3.2000000000000000,4.0000000000000000,4.0000000000000000,3.0000000000000000,3.6000000000000000,3.5000000000000000,3.4000000000000000,Communication,,Arranger
EMP100679,Gita Sinaga,2.4000000000000000,39,IV,S1,2,4,null,62,86,CS,ENTJ,31.0,9,4.0,5.0,3.0,3.0,8.0,6.0,5.0,2.0,6.0,null,3.0,null,null,4.0,5.0,2.0,5.0,2.0,6.0,6.0,2.2000000000000000,21.6000000000000000,2.6000000000000000,2.8000000000000000,2.0000000000000000,2.6000000000000000,2.8000000000000000,2.2000000000000000,2.4000000000000000,2.4000000000000000,,Achiever,Significance
EMP100680,Nugroho Ramadhan,3.2000000000000000,47,III,S1,1,1,106.0,82,99,SI,ESTJ,28.0,2,9.0,5.0,9.0,9.0,9.0,3.0,9.0,5.0,3.0,3.0,null,5.0,3.0,1.0,4.0,3.0,2.0,1.0,3.0,4.0,4.0000000000000000,3.2000000000000000,3.0000000000000000,3.0000000000000000,3.2000000000000000,3.5000000000000000,3.0000000000000000,3.6666666666666667,3.2000000000000000,3.2000000000000000,Maximizer,Includer,Arranger
EMP100681,Kurnia Simanjuntak,3.0000000000000000,28,V,D3,3,4,96.0,41,28,ID,ISFJ,23.0,8,8.0,4.0,5.0,null,4.0,1.0,8.0,8.0,9.0,2.0,7.0,2.0,8.0,null,8.0,null,2.0,null,7.0,1.0,2.5000000000000000,3.6000000000000000,3.4000000000000000,2.8000000000000000,3.5000000000000000,3.4000000000000000,3.0000000000000000,3.0000000000000000,3.0000000000000000,3.2000000000000000,Empathy,Context,Positivity
EMP100682,Tania Zulfikar,3.4000000000000000,39,IV,D3,2,3,null,70,89,CS,ESTP,27.0,3,6.0,7.0,2.0,1.0,1.0,1.0,8.0,1.0,6.0,9.0,5.0,5.0,null,3.0,null,2.0,7.0,2.0,5.0,5.0,3.4000000000000000,3.2000000000000000,4.0000000000000000,3.2500000000000000,3.2000000000000000,4.0000000000000000,3.0000000000000000,3.4000000000000000,3.4000000000000000,3.5000000000000000,,Activator,
EMP100683,Rani Qolbi Nugroho,2.2500000000000000,50,IV,S2,2,2,128.0,88,45,CS,ESTJ,28.0,10,1.0,8.0,8.0,2.0,2.0,1.0,2.0,9.0,3.0,7.0,4.0,4.0,1.0,8.0,2.0,6.0,8.0,6.0,1.0,6.0,2.0000000000000000,2.2500000000000000,2.2000000000000000,2.2000000000000000,2.2500000000000000,1.8000000000000000,1.8000000000000000,1.5000000000000000,2.0000000000000000,2.5000000000000000,Adaptability,Significance,Activator
EMP100684,Dian Rahmawati,2.8000000000000000,125,III,S2,1,6,null,92,20,ID,ENTP,null,7,9.0,6.0,7.0,5.0,6.0,6.0,9.0,2.0,5.0,8.0,1.0,7.0,9.0,3.0,null,3.0,8.0,8.0,7.0,2.0,2.4000000000000000,3.0000000000000000,2.2500000000000000,3.0000000000000000,3.7500000000000000,21.6000000000000000,2.7500000000000000,3.5000000000000000,3.5000000000000000,2.2500000000000000,Input,Achiever,Developer
EMP100685,Budi Wijaya Wijaya,4.0000000000000000,73,III,S1,1,6,null,57,59,SC,null,null,4,2.0,6.0,3.0,3.0,7.0,2.0,4.0,9.0,4.0,8.0,3.0,7.0,4.0,1.0,5.0,5.0,9.0,5.0,1.0,4.0,4.0000000000000000,3.6666666666666667,3.6000000000000000,3.7500000000000000,3.8000000000000000,4.2500000000000000,4.2000000000000000,3.6000000000000000,4.0000000000000000,3.6000000000000000,Positivity,Woo,Deliberative
EMP100686,Satya Utami,3.2000000000000000,56,III,S1,1,3,92.0,60,50,DC,ESTJ,22.0,1,3.0,7.0,7.0,8.0,5.0,null,3.0,3.0,6.0,2.0,6.0,1.0,5.0,3.0,2.0,4.0,null,2.0,6.0,3.0,3.4000000000000000,3.2500000000000000,3.6000000000000000,3.2500000000000000,2.7500000000000000,3.5000000000000000,3.0000000000000000,3.2000000000000000,3.0000000000000000,3.0000000000000000,Positivity,Activator,Maximizer
EMP100687,Gita Erlangga Herlambang,3.2000000000000000,36,III,S1,1,2,92.0,82,58,SC,ISFP,25.0,5,3.0,6.0,3.0,7.0,4.0,5.0,4.0,3.0,6.0,null,6.0,9.0,9.0,1.0,1.0,6.0,9.0,1.0,7.0,8.0,3.2000000000000000,2.7500000000000000,2.2500000000000000,3.2500000000000000,3.4000000000000000,2.7500000000000000,3.5000000000000000,3.0000000000000000,3.0000000000000000,3.6666666666666667,Strategic,Learner,Woo
EMP100688,Adit Iqbal Kurniawan,2.8000000000000000,40,V,D3,3,4,131.0,61,82,SD,ESTJ,41.0,7,3.0,6.0,4.0,null,9.0,null,1.0,3.0,5.0,5.0,2.0,4.0,5.0,6.0,7.0,7.0,5.0,null,6.0,7.0,3.2000000000000000,3.0000000000000000,2.6000000000000000,2.8000000000000000,2.8000000000000000,3.0000000000000000,3.2000000000000000,2.5000000000000000,3.0000000000000000,2.8000000000000000,Maximizer,,Achiever
EMP100689,Evi Zulfikar,2.2500000000000000,10,III,S1,1,4,138.0,23,74,CD,ESTJ,19.0,10,null,8.0,1.0,5.0,9.0,1.0,null,7.0,6.0,9.0,1.0,5.0,9.0,4.0,3.0,1.0,2.0,2.0,1.0,2.0,2.5000000000000000,2.0000000000000000,2.0000000000000000,2.5000000000000000,2.2500000000000000,2.5000000000000000,2.3333333333333333,26.0000000000000000,2.0000000000000000,2.6666666666666667,Achiever,Relator,Woo
EMP100690,Dian Tri Zulfikar,2.8000000000000000,93,III,S2,1,5,null,85,77,CD,ENTJ,24.0,10,7.0,null,1.0,null,5.0,9.0,4.0,null,2.0,3.0,8.0,1.0,7.0,4.0,7.0,7.0,5.0,2.0,6.0,9.0,2.7500000000000000,2.8000000000000000,3.2000000000000000,2.6000000000000000,3.0000000000000000,3.0000000000000000,2.7500000000000000,3.0000000000000000,3.0000000000000000,3.0000000000000000,Competition,Self-Assurance,Restorative
EMP100691,Dian Utama Hasibuan,3.4000000000000000,38,IV,S1,2,6,null,85,38,SC,INTP,null,2,6.0,2.0,9.0,9.0,3.0,null,4.0,8.0,null,9.0,1.0,8.0,6.0,4.0,1.0,7.0,8.0,4.0,2.0,1.0,3.8000000000000000,3.6000000000000000,3.7500000000000000,3.0000000000000000,3.6000000000000000,3.4000000000000000,3.0000000000000000,3.8000000000000000,3.4000000000000000,3.2000000000000000,Restorative,Empathy,Developer
EMP100692,Lestari Halim Purnama,2.6000000000000000,35,IV,S1,2,1,136.0,40,35,SI,INFP,32.0,5,6.0,null,6.0,null,5.0,2.0,5.0,6.0,9.0,6.0,null,7.0,5.0,6.0,5.0,2.0,null,null,2.0,5.0,3.0000000000000000,2.6000000000000000,1.8000000000000000,2.6666666666666667,2.6000000000000000,2.2500000000000000,2.5000000000000000,2.8000000000000000,2.6000000000000000,3.5000000000000000,Restorative,Adaptability,Achiever
EMP100693,Hadi Pramudita Zulfikar,3.2500000000000000,39,IV,S1,2,3,130.0,49,38,CS,ENFP,22.0,3,1.0,1.0,4.0,4.0,6.0,null,8.0,8.0,3.0,2.0,2.0,1.0,3.0,7.0,2.0,7.0,9.0,7.0,6.0,1.0,2.3333333333333333,2.5000000000000000,3.2000000000000000,3.0000000000000000,3.2000000000000000,2.6666666666666667,2.6000000000000000,2.4000000000000000,2.8000000000000000,2.6000000000000000,Analytical,Activator,Context
EMP100694,Julia Hartanto,3.5000000000000000,48,IV,S2,2,1,116.0,97,60,CI,ESTP,43.0,2,7.0,9.0,null,null,8.0,4.0,8.0,2.0,2.0,8.0,4.0,2.0,9.0,7.0,6.0,6.0,9.0,5.0,1.0,4.0,3.6000000000000000,4.0000000000000000,3.8000000000000000,2.5000000000000000,3.0000000000000000,3.3333333333333333,3.8000000000000000,3.6000000000000000,3.4000000000000000,3.5000000000000000,Positivity,Belief,Woo
EMP100695,Joko Erlangga Subekti,3.3333333333333333,4,III,D3,1,2,86.0,50,21,CS,ESFJ,26.0,10,9.0,3.0,8.0,9.0,8.0,9.0,5.0,6.0,2.0,4.0,5.0,3.0,5.0,9.0,1.0,7.0,8.0,7.0,2.0,8.0,3.0000000000000000,2.6666666666666667,3.0000000000000000,3.2500000000000000,3.2500000000000000,3.5000000000000000,3.7500000000000000,2.6666666666666667,2.7500000000000000,27.0000000000000000,Analytical,Woo,Futuristic
EMP100696,Adi Halim Ananda,2.6000000000000000,80,V,S2,3,1,null,57,72,IC,ISFJ,null,2,4.0,2.0,null,2.0,2.0,5.0,8.0,7.0,4.0,2.0,7.0,7.0,5.0,8.0,3.0,1.0,7.0,1.0,1.0,8.0,2.2500000000000000,2.7500000000000000,2.6000000000000000,2.4000000000000000,2.6000000000000000,2.0000000000000000,2.8000000000000000,2.6000000000000000,2.6000000000000000,2.4000000000000000,Individualization,,Futuristic
EMP100697,Teguh Zulfikar Siregar,2.0000000000000000,61,V,S2,3,4,134.0,21,99,DI,ESFP,32.0,5,3.0,2.0,7.0,7.0,1.0,6.0,7.0,5.0,2.0,8.0,3.0,null,1.0,5.0,3.0,9.0,9.0,6.0,2.0,9.0,3.2500000000000000,2.8000000000000000,3.0000000000000000,3.6000000000000000,2.4000000000000000,2.4000000000000000,2.8000000000000000,2.4000000000000000,2.7500000000000000,2.6000000000000000,Strategic,Restorative,Relator
EMP100698,Hadi Permadi,3.5000000000000000,18,III,D3,1,4,125.0,33,57,IS,null,23.0,1,5.0,8.0,2.0,8.0,7.0,9.0,5.0,3.0,1.0,8.0,1.0,3.0,8.0,null,null,6.0,7.0,5.0,9.0,5.0,3.5000000000000000,3.5000000000000000,3.2500000000000000,3.5000000000000000,3.3333333333333333,4.0000000000000000,3.5000000000000000,4.7500000000000000,2.6666666666666667,3.3333333333333333,,Belief,Futuristic
EMP100699,Kartika Rachman Suharto,3.0000000000000000,15,IV,S2,2,3,123.0,29,58,IC,INFJ,32.0,6,3.0,7.0,5.0,3.0,6.0,3.0,9.0,2.0,2.0,1.0,8.0,4.0,8.0,9.0,4.0,9.0,5.0,3.0,5.0,4.0,4.0000000000000000,2.3333333333333333,2.7500000000000000,3.5000000000000000,3.0000000000000000,3.0000000000000000,2.5000000000000000,3.5000000000000000,3.2500000000000000,3.0000000000000000,Positivity,Belief,Ideation
EMP100700,Nugroho Ananda,3.4000000000000000,51,III,S1,1,6,94.0,30,45,CD,ENFP,15.0,6,1.0,6.0,6.0,4.0,8.0,5.0,5.0,3.0,4.0,4.0,7.0,6.0,1.0,1.0,3.0,9.0,8.0,3.0,1.0,3.0,3.7500000000000000,3.0000000000000000,3.4000000000000000,3.2000000000000000,3.4000000000000000,3.8000000000000000,3.6000000000000000,3.4000000000000000,3.2000000000000000,3.2000000000000000,Futuristic,,Belief
EMP100701,Rani Fadillah Kusuma,3.0000000000000000,86,V,S2,3,2,132.0,33,59,SC,ENFP,23.0,3,9.0,7.0,9.0,9.0,7.0,null,9.0,9.0,3.0,4.0,null,6.0,2.0,2.0,null,6.0,9.0,1.0,4.0,8.0,3.2500000000000000,2.8000000000000000,3.0000000000000000,3.0000000000000000,2.7500000000000000,3.0000000000000000,3.0000000000000000,3.4000000000000000,2.2500000000000000,2.8000000000000000,Discipline,Arranger,
EMP100702,Kurnia Utami,3.0000000000000000,76,IV,SMA,2,1,80.0,84,68,IC,ESFJ,27.0,3,1.0,7.0,3.0,5.0,6.0,8.0,4.0,5.0,1.0,6.0,8.0,2.0,9.0,4.0,3.0,4.0,7.0,9.0,4.0,7.0,3.2000000000000000,2.8000000000000000,3.4000000000000000,3.2000000000000000,3.2000000000000000,3.2000000000000000,3.0000000000000000,2.7500000000000000,3.0000000000000000,3.0000000000000000,Restorative,Connectedness,Intellection
EMP100703,Dian Simanjuntak,3.0000000000000000,30,V,D3,3,5,null,24,67,DC,ENFP,22.0,8,1.0,9.0,4.0,null,5.0,5.0,7.0,7.0,null,6.0,1.0,null,3.0,1.0,9.0,7.0,6.0,null,5.0,null,3.2000000000000000,3.0000000000000000,4.0000000000000000,3.2500000000000000,3.0000000000000000,2.8000000000000000,3.2500000000000000,3.4000000000000000,3.6000000000000000,3.0000000000000000,Context,Includer,Belief
EMP100704,Kartika Halim Wijaya,2.4000000000000000,44,V,D3,3,3,127.0,61,95,CD,ISFP,27.0,2,2.0,2.0,8.0,2.0,4.0,9.0,2.0,2.0,3.0,4.0,5.0,null,8.0,8.0,2.0,3.0,5.0,1.0,3.0,4.0,2.2000000000000000,2.7500000000000000,2.4000000000000000,2.5000000000000000,2.6000000000000000,2.6000000000000000,3.0000000000000000,2.6000000000000000,3.0000000000000000,2.7500000000000000,Analytical,Strategic,Command
EMP100705,Gita Halim,3.0000000000000000,31,IV,S2,2,2,115.0,53,91,DC,ENFP,22.0,5,6.0,4.0,6.0,4.0,8.0,4.0,8.0,1.0,9.0,5.0,null,2.0,5.0,8.0,1.0,9.0,4.0,8.0,6.0,9.0,3.5000000000000000,2.7500000000000000,3.0000000000000000,3.2000000000000000,3.0000000000000000,3.0000000000000000,3.4000000000000000,2.6000000000000000,3.2500000000000000,2.6000000000000000,Responsibility,Self-Assurance,Context
EMP100706,Eko Jatmiko Mahendra,2.5000000000000000,76,IV,D3,2,6,107.0,98,92,DS,ISTP,28.0,7,8.0,3.0,1.0,2.0,5.0,6.0,3.0,7.0,4.0,8.0,2.0,null,1.0,1.0,8.0,9.0,8.0,4.0,null,1.0,3.0000000000000000,2.4000000000000000,2.8000000000000000,3.0000000000000000,2.7500000000000000,3.0000000000000000,2.4000000000000000,2.4000000000000000,2.2500000000000000,2.8000000000000000,Woo,Context,Input
EMP100707,Adit Fauziah,2.5000000000000000,86,V,S1,3,6,105.0,64,86,null,INTP,27.0,7,4.0,9.0,2.0,9.0,9.0,6.0,6.0,7.0,6.0,6.0,6.0,9.0,4.0,2.0,5.0,4.0,4.0,6.0,4.0,8.0,2.6000000000000000,2.8000000000000000,1.7500000000000000,2.8000000000000000,2.7500000000000000,2.6000000000000000,2.7500000000000000,2.0000000000000000,2.5000000000000000,2.0000000000000000,Responsibility,Learner,Achiever
EMP100708,Dian Hidayat,3.2000000000000000,85,V,D3,3,4,92.0,95,67,CS,ENTJ,22.0,6,7.0,8.0,6.0,null,3.0,1.0,8.0,7.0,2.0,2.0,3.0,6.0,2.0,4.0,2.0,7.0,8.0,9.0,1.0,null,3.0000000000000000,3.2000000000000000,4.0000000000000000,3.2000000000000000,3.0000000000000000,3.4000000000000000,4.0000000000000000,3.0000000000000000,3.4000000000000000,3.0000000000000000,Intellection,Input,Focus
EMP100709,Citra Pramudita Ginting,2.7500000000000000,33,IV,D3,2,3,121.0,72,20,SC,ISFJ,33.0,1,7.0,8.0,null,null,1.0,2.0,1.0,5.0,2.0,1.0,4.0,4.0,5.0,7.0,4.0,4.0,4.0,3.0,null,7.0,3.2000000000000000,2.8000000000000000,3.2500000000000000,3.6666666666666667,3.0000000000000000,2.7500000000000000,3.2000000000000000,3.0000000000000000,3.0000000000000000,3.2000000000000000,Command,Context,Intellection
EMP100710,Adi Wijaya,4.2500000000000000,43,III,SMA,1,5,80.0,89,97,DI,ESTP,22.0,3,null,5.0,7.0,8.0,1.0,3.0,3.0,6.0,5.0,null,8.0,9.0,4.0,4.0,5.0,7.0,9.0,1.0,8.0,null,4.0000000000000000,4.0000000000000000,4.0000000000000000,3.5000000000000000,3.6000000000000000,3.8000000000000000,4.0000000000000000,3.3333333333333333,4.0000000000000000,3.8000000000000000,Woo,Communication,Command
EMP100711,Wulan Lestari,3.0000000000000000,13,III,D3,1,6,133.0,91,73,SC,ENTJ,32.0,1,null,9.0,3.0,2.0,2.0,3.0,6.0,7.0,6.0,5.0,4.0,6.0,3.0,5.0,2.0,1.0,6.0,1.0,8.0,9.0,2.7500000000000000,2.7500000000000000,3.0000000000000000,2.7500000000000000,2.7500000000000000,3.5000000000000000,3.0000000000000000,3.2500000000000000,3.0000000000000000,2.7500000000000000,Competition,Restorative,Consistency
EMP100712,Dinda Tamba,2.4000000000000000,84,IV,SMA,2,2,null,75,38,SI,ESFP,null,8,4.0,3.0,5.0,2.0,5.0,6.0,8.0,2.0,6.0,1.0,null,7.0,2.0,1.0,6.0,9.0,8.0,7.0,4.0,null,2.2000000000000000,2.3333333333333333,2.4000000000000000,2.6000000000000000,2.2000000000000000,2.2000000000000000,2.2000000000000000,2.6000000000000000,1.7500000000000000,2.0000000000000000,Analytical,Responsibility,Futuristic
EMP100713,Iman Indrawan,4.2000000000000000,51,III,S1,1,5,88.0,70,67,SC,ISTP,23.0,5,5.0,null,7.0,null,null,5.0,6.0,2.0,8.0,6.0,7.0,5.0,9.0,2.0,8.0,1.0,1.0,9.0,9.0,8.0,3.0000000000000000,3.2000000000000000,3.2000000000000000,3.2000000000000000,3.2000000000000000,3.8000000000000000,2.8000000000000000,3.4000000000000000,3.2000000000000000,2.6666666666666667,Learner,Includer,Activator
EMP100714,Anisa Fadillah Mahendra,2.8000000000000000,35,IV,D3,2,6,119.0,76,72,ID,ISTJ,23.0,3,4.0,7.0,8.0,5.0,7.0,8.0,8.0,5.0,2.0,8.0,1.0,3.0,1.0,7.0,2.0,9.0,8.0,null,8.0,9.0,3.4000000000000000,2.8000000000000000,3.4000000000000000,3.0000000000000000,3.5000000000000000,2.4000000000000000,2.4000000000000000,2.8000000000000000,2.8000000000000000,3.0000000000000000,Individualization,Learner,
EMP100715,Novi Yudhistira Herlambang,3.6000000000000000,37,III,S2,1,4,84.0,32,30,CI,INFP,26.0,10,9.0,2.0,null,3.0,3.0,7.0,8.0,5.0,7.0,4.0,2.0,9.0,7.0,1.0,6.0,2.0,8.0,2.0,9.0,9.0,3.6000000000000000,3.8000000000000000,3.6000000000000000,3.5000000000000000,3.6000000000000000,3.0000000000000000,3.6000000000000000,3.6000000000000000,3.7500000000000000,3.8000000000000000,Competition,Deliberative,Maximizer
EMP100716,Rizka Iqbal Firmansyah,3.2000000000000000,30,V,D3,3,2,null,56,50,CI,ENTP,null,8,3.0,1.0,3.0,8.0,null,2.0,3.0,2.0,6.0,5.0,4.0,5.0,1.0,9.0,null,2.0,8.0,9.0,7.0,4.0,3.0000000000000000,3.4000000000000000,3.0000000000000000,2.8000000000000000,3.2500000000000000,3.0000000000000000,3.5000000000000000,22.6000000000000000,3.4000000000000000,3.2500000000000000,Competition,,Relator
EMP100717,Nabila Utama Ananda,3.2000000000000000,28,IV,S2,2,1,86.0,92,33,CI,INTJ,41.0,8,null,1.0,1.0,null,5.0,2.0,null,3.0,8.0,5.0,6.0,7.0,1.0,4.0,2.0,8.0,9.0,9.0,9.0,4.0,2.8000000000000000,3.0000000000000000,2.8000000000000000,3.0000000000000000,3.5000000000000000,3.2000000000000000,3.2000000000000000,3.0000000000000000,3.7500000000000000,3.2000000000000000,Positivity,Connectedness,Activator
EMP100718,Ayunda Mahardika Utami,3.2500000000000000,72,III,SMA,1,6,104.0,39,95,CD,ESTJ,34.0,1,1.0,6.0,8.0,1.0,4.0,6.0,3.0,9.0,5.0,2.0,2.0,8.0,3.0,8.0,8.0,8.0,3.0,5.0,5.0,3.0,3.3333333333333333,3.7500000000000000,3.6000000000000000,3.2500000000000000,3.2000000000000000,3.2500000000000000,3.8000000000000000,3.0000000000000000,3.2000000000000000,3.4000000000000000,Focus,Communication,Activator
EMP100719,Dimas Gunawan,3.7500000000000000,10,V,SMA,3,5,null,71,29,CS,INTP,null,3,4.0,9.0,9.0,null,3.0,3.0,4.0,3.0,7.0,1.0,5.0,4.0,8.0,9.0,9.0,7.0,9.0,6.0,null,4.0,4.0000000000000000,2.6666666666666667,3.2500000000000000,4.3333333333333333,4.0000000000000000,4.0000000000000000,4.0000000000000000,4.0000000000000000,3.5000000000000000,2.5000000000000000,,Maximizer,Empathy
EMP100720,Bayu Lukman,3.6000000000000000,44,V,D3,3,4,107.0,32,63,SD,ISFJ,28.0,5,1.0,null,7.0,3.0,3.0,2.0,1.0,null,2.0,1.0,9.0,8.0,3.0,9.0,3.0,null,1.0,3.0,4.0,9.0,3.2000000000000000,4.2000000000000000,3.8000000000000000,3.3333333333333333,3.5000000000000000,3.3333333333333333,3.7500000000000000,3.6000000000000000,3.6000000000000000,3.4000000000000000,Maximizer,Empathy,Consistency
EMP100721,Nadia Rachman Maulana,4.0000000000000000,54,V,D3,3,1,null,85,21,CS,enfp,null,7,4.0,8.0,4.0,3.0,6.0,4.0,7.0,1.0,7.0,3.0,null,5.0,8.0,3.0,1.0,3.0,4.0,5.0,8.0,5.0,3.8000000000000000,3.6000000000000000,3.8000000000000000,3.8000000000000000,4.0000000000000000,4.2000000000000000,3.5000000000000000,3.6000000000000000,4.0000000000000000,3.7500000000000000,Analytical,Intellection,
EMP100722,Nadia Zulfikar,3.7500000000000000,68,III,D3,1,6,126.0,42,99,CD,null,29.0,10,1.0,1.0,4.0,1.0,3.0,8.0,8.0,7.0,null,4.0,3.0,2.0,2.0,3.0,4.0,7.0,null,null,null,1.0,3.5000000000000000,3.6000000000000000,3.8000000000000000,3.6000000000000000,3.5000000000000000,3.7500000000000000,3.5000000000000000,3.6000000000000000,3.8000000000000000,3.4000000000000000,Futuristic,Includer,Maximizer
EMP100723,Ayu Aji Permadi,4.0000000000000000,35,IV,D3,2,5,89.0,62,32,SD,ISTP,34.0,1,2.0,5.0,2.0,5.0,1.0,2.0,2.0,2.0,4.0,9.0,7.0,2.0,4.0,6.0,8.0,4.0,9.0,null,8.0,9.0,3.8000000000000000,3.8000000000000000,3.7500000000000000,4.0000000000000000,3.6000000000000000,4.0000000000000000,4.4000000000000000,3.8000000000000000,4.0000000000000000,3.6000000000000000,Discipline,Harmony,Input
EMP100724,Iman Fadillah Pratama,3.2000000000000000,26,III,SMA,1,6,117.0,90,62,SI,ESTJ,26.0,7,5.0,null,5.0,6.0,3.0,7.0,3.0,7.0,5.0,3.0,9.0,4.0,3.0,6.0,5.0,3.0,6.0,4.0,2.0,1.0,3.2000000000000000,3.0000000000000000,2.8000000000000000,3.4000000000000000,3.4000000000000000,3.7500000000000000,3.3333333333333333,3.0000000000000000,4.0000000000000000,3.5000000000000000,Analytical,Woo,Strategic
EMP100725,Evi Baskara Suharto,3.8000000000000000,46,V,S2,3,6,null,71,65,IS,null,null,3,2.0,8.0,6.0,7.0,6.0,6.0,2.0,7.0,8.0,4.0,2.0,1.0,4.0,5.0,2.0,8.0,3.0,5.0,null,9.0,3.4000000000000000,3.6000000000000000,3.7500000000000000,3.6000000000000000,4.0000000000000000,3.8000000000000000,3.5000000000000000,3.4000000000000000,3.6000000000000000,4.0000000000000000,Focus,Includer,Discipline
EMP100726,Fajar Pradana,3.0000000000000000,76,IV,D3,2,3,105.0,23,44,CD,INTP,27.0,6,1.0,9.0,1.0,9.0,6.0,7.0,8.0,4.0,2.0,4.0,6.0,4.0,7.0,6.0,4.0,4.0,1.0,null,9.0,3.0,2.6666666666666667,3.5000000000000000,3.0000000000000000,2.0000000000000000,2.6000000000000000,3.2000000000000000,3.0000000000000000,3.4000000000000000,3.0000000000000000,2.8000000000000000,Woo,Ideation,Focus
EMP100727,Sari Utama Hidayat,3.0000000000000000,41,IV,SMA,2,3,110.0,54,38,IS,ENFJ,19.0,6,2.0,3.0,4.0,1.0,9.0,3.0,9.0,7.0,null,8.0,7.0,5.0,6.0,8.0,6.0,null,2.0,4.0,2.0,null,3.0000000000000000,3.2000000000000000,3.2500000000000000,2.8000000000000000,27.2500000000000000,3.4000000000000000,2.8000000000000000,3.0000000000000000,2.6000000000000000,2.8000000000000000,Significance,Self-Assurance,Focus
EMP100728,Rani Pradana,3.2000000000000000,75,IV,SMA,2,4,103.0,89,28,IS,ENTP,17.0,7,2.0,null,1.0,1.0,8.0,4.0,3.0,7.0,null,2.0,9.0,5.0,3.0,9.0,4.0,1.0,5.0,5.0,null,5.0,3.0000000000000000,2.7500000000000000,3.4000000000000000,3.2000000000000000,2.6000000000000000,3.2000000000000000,3.7500000000000000,3.0000000000000000,3.4000000000000000,3.0000000000000000,,Focus,Includer
EMP100729,Ayunda Zulfikar,3.0000000000000000,102,IV,S2,2,3,null,31,97,DC,ESTJ,29.0,5,7.0,5.0,3.0,6.0,6.0,2.0,1.0,8.0,7.0,5.0,8.0,4.0,1.0,4.0,9.0,9.0,1.0,9.0,9.0,9.0,3.0000000000000000,3.0000000000000000,2.8000000000000000,2.8000000000000000,3.4000000000000000,3.4000000000000000,2.6000000000000000,3.0000000000000000,3.0000000000000000,3.4000000000000000,Relator,Futuristic,Adaptability
EMP100730,Iman Yudhistira Gunawan,3.4000000000000000,54,V,D3,3,6,94.0,78,64,SI,INFP,24.0,1,4.0,null,4.0,7.0,9.0,6.0,8.0,5.0,9.0,null,9.0,4.0,null,null,7.0,9.0,3.0,8.0,3.0,1.0,3.4000000000000000,3.6000000000000000,3.4000000000000000,3.6000000000000000,3.4000000000000000,3.0000000000000000,3.2500000000000000,3.4000000000000000,3.5000000000000000,3.4000000000000000,Communication,Discipline,Deliberative
EMP100731,Adi Maulana,3.5000000000000000,7,III,S2,1,5,102.0,58,80,CD,ESTP,20.0,5,2.0,8.0,5.0,2.0,5.0,null,9.0,7.0,5.0,1.0,4.0,4.0,4.0,5.0,6.0,8.0,3.0,8.0,3.0,null,3.5000000000000000,3.3333333333333333,3.3333333333333333,3.5000000000000000,4.0000000000000000,4.0000000000000000,3.6666666666666667,3.2500000000000000,4.0000000000000000,4.3333333333333333,Self-Assurance,Adaptability,Includer
EMP100732,Ayunda Setiawan,3.0000000000000000,68,IV,D3,2,5,121.0,48,84,CD,ENTJ,24.0,9,9.0,8.0,null,4.0,3.0,1.0,7.0,8.0,1.0,5.0,3.0,8.0,8.0,2.0,null,2.0,1.0,4.0,1.0,9.0,3.0000000000000000,3.2000000000000000,3.0000000000000000,3.0000000000000000,3.5000000000000000,2.7500000000000000,3.2000000000000000,2.6000000000000000,3.0000000000000000,3.2500000000000000,Learner,Developer,Focus
EMP100733,Utami Purnama,3.7500000000000000,46,III,S2,1,6,116.0,83,23,SD,ESTP,26.0,2,6.0,5.0,9.0,1.0,5.0,5.0,1.0,7.0,null,8.0,2.0,8.0,8.0,3.0,8.0,8.0,7.0,2.0,4.0,5.0,2.8000000000000000,2.8000000000000000,2.6000000000000000,3.4000000000000000,3.4000000000000000,2.4000000000000000,3.0000000000000000,3.0000000000000000,3.2000000000000000,3.2000000000000000,Relator,Positivity,Deliberative
EMP100734,Dimas Utami,2.5000000000000000,14,IV,D3,2,3,94.0,93,52,SC,ENFJ,18.0,10,3.0,3.0,4.0,2.0,8.0,3.0,6.0,null,6.0,1.0,null,null,2.0,7.0,6.0,1.0,3.0,4.0,9.0,6.0,2.5000000000000000,2.5000000000000000,2.7500000000000000,2.2500000000000000,2.3333333333333333,2.3333333333333333,2.7500000000000000,3.2500000000000000,2.5000000000000000,2.2500000000000000,Command,Responsibility,Competition
EMP100735,Oka Suharto,2.6000000000000000,87,IV,SMA,2,5,136.0,49,80,CS,ESTP,21.0,7,null,6.0,null,1.0,9.0,1.0,7.0,3.0,null,null,2.0,null,9.0,2.0,8.0,5.0,8.0,6.0,9.0,2.0,2.8000000000000000,2.8000000000000000,2.6000000000000000,2.4000000000000000,2.6000000000000000,2.6000000000000000,3.0000000000000000,2.8000000000000000,3.5000000000000000,2.8000000000000000,,Activator,Learner
EMP100736,Oktavia Situmorang,2.0000000000000000,17,IV,S1,2,6,120.0,56,30,ID,ISFP,26.0,7,3.0,9.0,9.0,7.0,1.0,3.0,5.0,3.0,4.0,8.0,8.0,7.0,1.0,9.0,6.0,null,7.0,6.0,1.0,8.0,2.0000000000000000,2.0000000000000000,2.6666666666666667,1.7500000000000000,2.0000000000000000,1.7500000000000000,2.0000000000000000,1.5000000000000000,1.7500000000000000,2.2500000000000000,Arranger,Adaptability,Learner
EMP100737,Dwi Mahardika Lukman,3.0000000000000000,18,III,D3,1,2,null,84,47,CD,ESFP,null,8,7.0,2.0,4.0,4.0,4.0,6.0,3.0,4.0,4.0,1.0,3.0,2.0,7.0,8.0,8.0,8.0,5.0,9.0,3.0,4.0,4.3333333333333333,3.2500000000000000,3.2500000000000000,3.0000000000000000,2.2500000000000000,3.5000000000000000,2.5000000000000000,3.0000000000000000,2.6666666666666667,26.5000000000000000,Empathy,Command,Self-Assurance
EMP100738,Ahmad Halim,2.5000000000000000,48,III,SMA,1,6,140.0,73,85,SI,INFP,29.0,10,null,4.0,3.0,3.0,2.0,3.0,1.0,9.0,3.0,9.0,1.0,9.0,null,5.0,null,4.0,8.0,8.0,2.0,2.0,2.4000000000000000,3.0000000000000000,2.2500000000000000,2.0000000000000000,2.2000000000000000,2.6000000000000000,2.2000000000000000,2.2500000000000000,2.0000000000000000,3.0000000000000000,Analytical,Competition,Woo
EMP100739,Prasetyo Halim Wijaya,3.2000000000000000,32,III,S2,1,4,null,78,72,ID,ESTP,29.0,3,4.0,7.0,4.0,6.0,7.0,8.0,3.0,9.0,3.0,6.0,9.0,null,4.0,6.0,4.0,8.0,6.0,6.0,6.0,9.0,2.2000000000000000,2.6000000000000000,2.0000000000000000,2.0000000000000000,2.4000000000000000,2.0000000000000000,2.2000000000000000,1.7500000000000000,2.0000000000000000,2.0000000000000000,Competition,Restorative,Developer
EMP100740,Cahyo Herlambang,3.2500000000000000,91,III,S1,1,4,135.0,46,20,IS,ISTP,29.0,7,8.0,4.0,5.0,5.0,2.0,7.0,4.0,3.0,3.0,6.0,2.0,null,4.0,5.0,3.0,null,3.0,9.0,9.0,9.0,2.8000000000000000,2.8000000000000000,3.2000000000000000,21.8000000000000000,3.0000000000000000,3.2000000000000000,3.5000000000000000,2.6666666666666667,3.0000000000000000,3.0000000000000000,Discipline,Developer,Deliberative
EMP100741,Zaki Pratomo,2.6666666666666667,37,III,S2,1,3,82.0,71,71,SI,ESFP,32.0,7,7.0,3.0,5.0,6.0,2.0,1.0,7.0,5.0,6.0,3.0,7.0,5.0,5.0,7.0,7.0,8.0,8.0,4.0,1.0,9.0,3.2000000000000000,3.4000000000000000,4.0000000000000000,2.7500000000000000,3.4000000000000000,3.4000000000000000,4.0000000000000000,3.2500000000000000,3.0000000000000000,3.4000000000000000,Intellection,Significance,Belief
EMP100742,Adi Dharma Rohman,3.2000000000000000,67,III,S2,1,2,129.0,32,89,null,INFP,31.0,8,4.0,2.0,7.0,9.0,5.0,1.0,8.0,4.0,1.0,null,5.0,3.0,5.0,8.0,4.0,5.0,4.0,8.0,6.0,5.0,4.0000000000000000,3.6000000000000000,3.0000000000000000,2.6666666666666667,3.0000000000000000,3.5000000000000000,2.8000000000000000,2.7500000000000000,3.2500000000000000,3.4000000000000000,Competition,Deliberative,Responsibility
EMP100743,Nabila Wijaya,3.0000000000000000,16,IV,SMA,2,1,120.0,20,29,CS,ISFP,33.0,2,4.0,4.0,4.0,4.0,1.0,1.0,2.0,6.0,null,2.0,1.0,6.0,2.0,1.0,9.0,8.0,2.0,6.0,2.0,3.0,2.3333333333333333,2.7500000000000000,3.7500000000000000,2.7500000000000000,3.5000000000000000,2.7500000000000000,3.3333333333333333,3.2500000000000000,3.0000000000000000,2.7500000000000000,,Analytical,Deliberative
EMP100744,Zaki Situmorang,3.4000000000000000,58,V,S1,3,5,109.0,52,94,SD,ESFJ,32.0,3,5.0,1.0,2.0,7.0,3.0,4.0,7.0,2.0,6.0,5.0,3.0,7.0,null,6.0,5.0,1.0,5.0,2.0,7.0,5.0,3.6000000000000000,3.3333333333333333,3.4000000000000000,3.8000000000000000,3.5000000000000000,22.2000000000000000,3.4000000000000000,3.0000000000000000,3.2000000000000000,3.7500000000000000,Consistency,Activator,Futuristic
EMP100745,Mahendra Utama Hartanto,3.4000000000000000,40,III,S1,1,6,122.0,29,33,SI,INFJ,26.0,7,6.0,null,5.0,4.0,3.0,8.0,8.0,7.0,1.0,9.0,null,8.0,3.0,9.0,9.0,2.0,null,2.0,9.0,4.0,3.0000000000000000,3.2500000000000000,3.4000000000000000,3.4000000000000000,3.6000000000000000,3.2000000000000000,3.4000000000000000,3.4000000000000000,3.2500000000000000,3.6000000000000000,Significance,Learner,Ideation
EMP100746,Rizka Mahardika Indrawan,3.4000000000000000,55,III,S1,1,1,133.0,97,37,SD,ISTJ,23.0,7,9.0,1.0,3.0,3.0,7.0,1.0,2.0,7.0,6.0,1.0,4.0,8.0,6.0,4.0,7.0,8.0,1.0,6.0,8.0,7.0,3.2000000000000000,3.3333333333333333,3.6000000000000000,3.2000000000000000,3.6000000000000000,3.8000000000000000,3.2000000000000000,3.4000000000000000,3.5000000000000000,3.6000000000000000,Positivity,Focus,Analytical
EMP100747,Tania Pratama,3.0000000000000000,41,III,SMA,1,6,100.0,85,75,SD,ISFJ,25.0,10,null,1.0,3.0,2.0,1.0,5.0,7.0,6.0,3.0,7.0,4.0,8.0,1.0,2.0,8.0,1.0,9.0,9.0,null,9.0,3.4000000000000000,3.6000000000000000,3.0000000000000000,2.4000000000000000,3.0000000000000000,3.5000000000000000,3.0000000000000000,3.0000000000000000,2.8000000000000000,2.6000000000000000,Positivity,Maximizer,Adaptability
EMP100748,Nurlita Utami,3.4000000000000000,92,III,D3,1,3,null,65,91,ID,ESFP,null,6,4.0,6.0,6.0,1.0,9.0,2.0,5.0,3.0,2.0,6.0,6.0,6.0,5.0,9.0,6.0,6.0,3.0,4.0,7.0,3.0,3.7500000000000000,3.0000000000000000,3.0000000000000000,3.0000000000000000,3.2000000000000000,3.4000000000000000,3.6000000000000000,3.8000000000000000,3.2500000000000000,3.2000000000000000,,Communication,Connectedness
EMP100749,Ayunda Indrawan,3.6000000000000000,62,III,S2,1,1,100.0,73,56,null,ENFP,35.0,1,7.0,7.0,9.0,3.0,6.0,8.0,5.0,3.0,7.0,9.0,1.0,2.0,5.0,5.0,null,7.0,9.0,1.0,8.0,null,3.4000000000000000,3.8000000000000000,4.0000000000000000,3.7500000000000000,3.6000000000000000,3.2000000000000000,3.4000000000000000,4.0000000000000000,3.2000000000000000,3.7500000000000000,Ideation,Empathy,Belief
EMP100750,Joko Qolbi Hasibuan,3.0000000000000000,36,V,S1,3,2,98.0,90,36,IC,null,35.0,8,1.0,6.0,6.0,2.0,7.0,5.0,null,2.0,7.0,4.0,5.0,5.0,6.0,2.0,null,6.0,2.0,1.0,1.0,2.0,2.2500000000000000,2.8000000000000000,3.2000000000000000,3.0000000000000000,3.6000000000000000,2.7500000000000000,3.0000000000000000,3.0000000000000000,3.2500000000000000,2.8000000000000000,Self-Assurance,Discipline,Relator
EMP100751,Hana Indrawan,3.2000000000000000,36,V,S2,3,3,122.0,42,41,CS,ESTJ,42.0,3,4.0,6.0,3.0,8.0,2.0,9.0,8.0,7.0,7.0,4.0,2.0,3.0,2.0,8.0,3.0,7.0,7.0,1.0,4.0,8.0,3.2000000000000000,3.4000000000000000,3.7500000000000000,3.3333333333333333,3.2500000000000000,3.2000000000000000,2.8000000000000000,2.6000000000000000,3.4000000000000000,3.6000000000000000,Achiever,Woo,Individualization
EMP100752,Intan Salsabila,2.6000000000000000,28,IV,S2,2,1,81.0,60,38,DS,ENTJ,41.0,8,3.0,4.0,2.0,7.0,null,7.0,2.0,3.0,2.0,7.0,7.0,5.0,1.0,8.0,8.0,5.0,5.0,3.0,7.0,6.0,2.6000000000000000,2.6000000000000000,2.8000000000000000,2.0000000000000000,2.3333333333333333,2.5000000000000000,2.7500000000000000,3.2500000000000000,4.0000000000000000,3.2000000000000000,Consistency,Includer,Competition
EMP100753,Luthfi Fadillah Fauziah,2.8000000000000000,25,IV,D3,2,1,121.0,35,73,CS,ISTP,28.0,7,2.0,9.0,3.0,4.0,6.0,9.0,2.0,5.0,3.0,1.0,9.0,2.0,6.0,5.0,5.0,3.0,1.0,null,3.0,1.0,2.2500000000000000,3.5000000000000000,2.7500000000000000,2.7500000000000000,2.5000000000000000,3.0000000000000000,2.7500000000000000,2.2500000000000000,2.5000000000000000,2.6000000000000000,Significance,Input,
EMP100754,Dian Iqbal Permadi,2.8000000000000000,91,IV,SMA,2,5,87.0,84,78,SC,ENFP,22.0,3,8.0,4.0,8.0,2.0,null,8.0,2.0,2.0,6.0,6.0,5.0,7.0,5.0,null,8.0,4.0,9.0,9.0,null,6.0,3.0000000000000000,3.2500000000000000,2.6666666666666667,3.0000000000000000,2.2000000000000000,2.6000000000000000,3.0000000000000000,2.8000000000000000,3.0000000000000000,2.8000000000000000,Futuristic,Learner,Achiever
EMP100755,Iman Utami,4.0000000000000000,127,IV,S1,2,1,97.0,21,29,IS,ESFJ,23.0,10,5.0,1.0,3.0,null,null,4.0,4.0,7.0,8.0,5.0,5.0,3.0,1.0,8.0,7.0,7.0,3.0,5.0,7.0,5.0,3.6000000000000000,4.0000000000000000,4.2000000000000000,3.2500000000000000,4.0000000000000000,3.4000000000000000,3.8000000000000000,3.8000000000000000,4.0000000000000000,3.6000000000000000,Developer,Futuristic,Restorative
EMP100756,Ari Herlambang,3.2000000000000000,68,IV,D3,2,3,114.0,42,22,SC,ENTP,15.0,9,7.0,null,9.0,4.0,7.0,null,3.0,6.0,4.0,2.0,2.0,4.0,8.0,5.0,8.0,null,7.0,1.0,6.0,null,3.0000000000000000,4.0000000000000000,4.0000000000000000,3.4000000000000000,3.2000000000000000,3.0000000000000000,3.2000000000000000,3.5000000000000000,3.0000000000000000,3.5000000000000000,Input,Harmony,
EMP100757,Prasetyo Rohman,3.0000000000000000,71,V,SMA,3,4,130.0,30,44,DC,ENFJ,29.0,6,1.0,5.0,6.0,7.0,9.0,1.0,2.0,4.0,4.0,3.0,6.0,2.0,4.0,4.0,8.0,5.0,3.0,1.0,6.0,4.0,3.6000000000000000,2.6000000000000000,2.6666666666666667,2.6000000000000000,3.6000000000000000,3.5000000000000000,3.0000000000000000,3.0000000000000000,2.8000000000000000,2.4000000000000000,Adaptability,Focus,Deliberative
EMP100758,Dwi Adi Maulana,4.5000000000000000,73,V,SMA,3,3,97.0,93,56,SC,INTJ,19.0,4,7.0,8.0,2.0,2.0,7.0,null,2.0,7.0,3.0,7.0,null,3.0,3.0,6.0,3.0,null,4.0,4.0,6.0,null,4.0000000000000000,3.8000000000000000,4.0000000000000000,3.8000000000000000,3.8000000000000000,4.2500000000000000,3.6000000000000000,3.8000000000000000,4.0000000000000000,3.8000000000000000,,Relator,Strategic
EMP100759,Rendra Nabila Maulida,2.6666666666666667,42,IV,D3,2,6,128.0,67,41,DS,null,25.0,5,8.0,6.0,8.0,5.0,2.0,7.0,null,2.0,8.0,2.0,9.0,6.0,4.0,2.0,6.0,3.0,2.0,8.0,4.0,1.0,2.6000000000000000,3.2000000000000000,3.4000000000000000,3.0000000000000000,3.2000000000000000,3.2000000000000000,3.0000000000000000,3.2500000000000000,3.0000000000000000,3.2000000000000000,,Developer,Maximizer
EMP100760,Cahyo Tri Herlambang,3.2500000000000000,62,IV,D3,2,2,112.0,54,36,DI,ESTP,29.0,8,8.0,9.0,5.0,3.0,1.0,6.0,2.0,8.0,6.0,2.0,4.0,2.0,9.0,4.0,8.0,4.0,null,7.0,9.0,5.0,2.8000000000000000,2.8000000000000000,3.0000000000000000,3.2500000000000000,3.0000000000000000,3.5000000000000000,2.7500000000000000,2.6000000000000000,3.0000000000000000,3.0000000000000000,Maximizer,Input,Belief
EMP100761,Maya Situmorang,3.2000000000000000,57,IV,S1,2,3,94.0,63,58,DC,ISFP,27.0,4,4.0,4.0,7.0,null,9.0,3.0,5.0,7.0,7.0,7.0,7.0,9.0,1.0,9.0,4.0,1.0,null,6.0,7.0,7.0,2.8000000000000000,2.8000000000000000,2.8000000000000000,2.8000000000000000,3.6000000000000000,3.2000000000000000,2.7500000000000000,3.2000000000000000,3.2000000000000000,3.2000000000000000,Analytical,Achiever,
EMP100762,Valdo Kusuma Tamba,3.6000000000000000,41,IV,S2,2,6,90.0,70,54,CI,ENFJ,25.0,9,8.0,1.0,9.0,1.0,2.0,7.0,7.0,9.0,4.0,1.0,2.0,3.0,2.0,5.0,6.0,2.0,8.0,2.0,9.0,null,3.0000000000000000,3.4000000000000000,3.4000000000000000,3.4000000000000000,3.2000000000000000,3.6000000000000000,3.5000000000000000,3.6000000000000000,3.7500000000000000,4.0000000000000000,Individualization,Command,Deliberative
EMP100763,Budi Pamungkas,3.0000000000000000,40,III,D3,1,1,135.0,23,85,null,ENFJ,34.0,5,3.0,6.0,3.0,9.0,3.0,2.0,3.0,2.0,2.0,6.0,2.0,9.0,6.0,7.0,5.0,9.0,2.0,2.0,6.0,8.0,2.7500000000000000,3.2500000000000000,2.0000000000000000,3.2500000000000000,2.7500000000000000,3.0000000000000000,3.0000000000000000,3.0000000000000000,3.2000000000000000,2.8000000000000000,Activator,Context,Deliberative
EMP100764,Nugroho Pradana,3.5000000000000000,19,III,SMA,1,5,110.0,77,86,SI,ISTP,18.0,3,9.0,4.0,null,7.0,3.0,3.0,9.0,4.0,4.0,2.0,1.0,4.0,8.0,7.0,9.0,1.0,2.0,8.0,1.0,6.0,3.5000000000000000,3.0000000000000000,3.2500000000000000,3.0000000000000000,3.2500000000000000,3.2500000000000000,3.2500000000000000,3.5000000000000000,3.0000000000000000,3.0000000000000000,Significance,Achiever,Focus
EMP100765,Utami Hidayat,2.6000000000000000,80,IV,D3,2,1,100.0,32,75,IC,INTJ,27.0,8,1.0,4.0,4.0,8.0,null,5.0,6.0,4.0,4.0,1.0,9.0,3.0,5.0,5.0,3.0,8.0,9.0,3.0,1.0,7.0,2.8000000000000000,2.6666666666666667,2.6000000000000000,2.6000000000000000,2.7500000000000000,2.6000000000000000,3.0000000000000000,3.0000000000000000,3.2000000000000000,2.5000000000000000,Belief,Adaptability,Harmony
EMP100766,Zaki Adi Utami,3.0000000000000000,12,III,SMA,1,2,120.0,87,64,CS,INTP,36.0,7,7.0,2.0,4.0,1.0,8.0,5.0,2.0,7.0,3.0,8.0,7.0,2.0,5.0,7.0,2.0,2.0,8.0,4.0,2.0,3.0,3.5000000000000000,2.6666666666666667,3.0000000000000000,2.5000000000000000,27.5000000000000000,3.0000000000000000,3.2500000000000000,3.2500000000000000,3.2500000000000000,3.2500000000000000,Input,Context,Learner
EMP100767,Zahra Hasibuan,3.2000000000000000,47,III,S1,1,6,null,78,54,CD,ENTJ,35.0,9,7.0,8.0,9.0,1.0,7.0,3.0,5.0,1.0,7.0,1.0,6.0,3.0,6.0,4.0,6.0,6.0,9.0,9.0,9.0,5.0,3.5000000000000000,3.0000000000000000,3.4000000000000000,3.0000000000000000,3.6000000000000000,3.2000000000000000,3.0000000000000000,3.0000000000000000,3.4000000000000000,3.0000000000000000,Self-Assurance,Intellection,Harmony
EMP100768,Nurlita Fadillah Kusuma,3.4000000000000000,79,IV,S2,2,5,129.0,93,21,IS,ESFJ,33.0,6,3.0,8.0,9.0,1.0,1.0,5.0,4.0,6.0,5.0,2.0,9.0,4.0,5.0,3.0,8.0,2.0,1.0,1.0,6.0,1.0,4.0000000000000000,3.8000000000000000,4.0000000000000000,3.6000000000000000,3.4000000000000000,3.4000000000000000,3.2000000000000000,3.3333333333333333,3.6000000000000000,3.5000000000000000,Significance,,Harmony
EMP100769,Ari Halim,3.7500000000000000,24,V,S1,3,6,80.0,90,21,SC,Istp,35.0,10,1.0,7.0,2.0,9.0,1.0,7.0,5.0,1.0,null,1.0,null,7.0,5.0,7.0,3.0,6.0,1.0,9.0,4.0,null,3.6000000000000000,2.8000000000000000,3.2500000000000000,3.2000000000000000,4.0000000000000000,3.4000000000000000,4.0000000000000000,4.0000000000000000,3.8000000000000000,3.6000000000000000,Futuristic,,Input
EMP100770,Arif Qolbi Saputra,3.0000000000000000,59,V,D3,3,2,null,98,59,CS,ESTP,29.0,7,6.0,2.0,6.0,3.0,5.0,8.0,8.0,9.0,8.0,8.0,1.0,1.0,1.0,8.0,1.0,8.0,4.0,4.0,3.0,null,3.5000000000000000,3.0000000000000000,3.0000000000000000,2.8000000000000000,3.2000000000000000,3.8000000000000000,2.8000000000000000,2.8000000000000000,3.2500000000000000,2.6000000000000000,Command,Learner,Self-Assurance
EMP100771,Rani Aji Herlambang,3.2500000000000000,68,V,S1,3,5,null,66,79,CS,ESTP,null,1,1.0,7.0,8.0,4.0,9.0,1.0,7.0,4.0,3.0,3.0,9.0,8.0,8.0,6.0,6.0,4.0,4.0,3.0,2.0,1.0,4.0000000000000000,3.8000000000000000,3.2000000000000000,3.2500000000000000,3.8000000000000000,3.0000000000000000,4.0000000000000000,3.4000000000000000,3.0000000000000000,2.2500000000000000,Achiever,Relator,Command
EMP100772,Ayunda Subekti,3.2000000000000000,26,IV,D3,2,4,88.0,84,41,IS,ISFJ,29.0,10,2.0,2.0,8.0,2.0,2.0,8.0,4.0,7.0,4.0,6.0,7.0,6.0,2.0,5.0,8.0,5.0,8.0,8.0,null,9.0,3.2500000000000000,3.2000000000000000,2.8000000000000000,3.0000000000000000,2.8000000000000000,3.2000000000000000,3.0000000000000000,3.2000000000000000,3.8000000000000000,3.0000000000000000,Developer,Maximizer,Includer
EMP100773,Ayu Hidayat,3.5000000000000000,21,V,S2,3,3,130.0,68,37,DI,ESTJ,23.0,10,1.0,7.0,3.0,8.0,6.0,7.0,2.0,2.0,3.0,2.0,6.0,8.0,5.0,7.0,6.0,1.0,5.0,5.0,7.0,5.0,3.5000000000000000,3.3333333333333333,4.0000000000000000,3.7500000000000000,3.2500000000000000,4.3333333333333333,3.2500000000000000,3.0000000000000000,3.2500000000000000,3.7500000000000000,,Positivity,Futuristic
EMP100774,Maya Sinaga,2.0000000000000000,41,V,D3,3,1,83.0,79,53,SI,ESTJ,29.0,2,1.0,2.0,7.0,6.0,9.0,5.0,6.0,4.0,3.0,1.0,7.0,9.0,7.0,1.0,1.0,2.0,9.0,null,8.0,5.0,1.3333333333333333,1.8000000000000000,1.6000000000000000,2.0000000000000000,2.0000000000000000,1.8000000000000000,2.2000000000000000,1.5000000000000000,1.8000000000000000,2.2500000000000000,Maximizer,Competition,Input
EMP100775,Kartika Anggara,3.0000000000000000,61,III,S2,1,3,104.0,55,85,CI,ENTP,29.0,6,5.0,6.0,2.0,null,8.0,7.0,7.0,1.0,7.0,1.0,4.0,5.0,5.0,6.0,9.0,4.0,1.0,2.0,5.0,5.0,3.4000000000000000,3.4000000000000000,3.0000000000000000,3.0000000000000000,2.8000000000000000,2.8000000000000000,3.0000000000000000,2.4000000000000000,3.0000000000000000,3.2000000000000000,Ideation,Intellection,Empathy
EMP100776,Yuni Gunawan,2.5000000000000000,62,IV,SMA,2,2,139.0,21,54,null,INFP,38.0,10,5.0,3.0,7.0,1.0,9.0,9.0,4.0,4.0,5.0,4.0,4.0,6.0,1.0,null,2.0,1.0,2.0,3.0,3.0,1.0,3.0000000000000000,2.2000000000000000,2.2000000000000000,2.6000000000000000,2.0000000000000000,2.8000000000000000,3.5000000000000000,2.5000000000000000,2.6000000000000000,2.2500000000000000,Strategic,Communication,Harmony
EMP100777,Ahmad Fadillah Pratama,2.2500000000000000,87,IV,S2,2,3,113.0,27,72,DS,ISFJ,24.0,6,5.0,8.0,6.0,5.0,8.0,9.0,6.0,8.0,5.0,7.0,null,4.0,1.0,2.0,7.0,null,4.0,null,7.0,2.0,2.8000000000000000,2.4000000000000000,2.4000000000000000,2.6000000000000000,2.8000000000000000,2.5000000000000000,3.0000000000000000,2.6000000000000000,2.4000000000000000,2.8000000000000000,Ideation,,Harmony
EMP100778,Arif Qolbi Suharto,3.5000000000000000,77,III,D3,1,5,null,32,39,IC,ENTJ,25.0,1,6.0,2.0,8.0,1.0,6.0,4.0,7.0,9.0,3.0,2.0,6.0,6.0,2.0,3.0,2.0,4.0,4.0,8.0,3.0,3.0,3.8000000000000000,3.5000000000000000,3.0000000000000000,3.8000000000000000,4.2000000000000000,3.0000000000000000,3.7500000000000000,3.4000000000000000,3.8000000000000000,3.7500000000000000,Significance,Adaptability,Developer
EMP100779,Ari Dharma Utami,3.0000000000000000,79,V,D3,3,2,104.0,82,77,DI,ENFP,21.0,5,8.0,9.0,9.0,9.0,6.0,8.0,4.0,null,4.0,2.0,2.0,1.0,7.0,6.0,3.0,7.0,6.0,4.0,4.0,9.0,2.4000000000000000,2.7500000000000000,3.0000000000000000,2.2500000000000000,2.6000000000000000,2.6000000000000000,1.3333333333333333,2.8000000000000000,2.2500000000000000,2.6000000000000000,Responsibility,Belief,Arranger
EMP100780,Luthfi Pamungkas,3.3333333333333333,12,V,S1,3,5,118.0,99,50,null,INFP,31.0,2,null,null,6.0,4.0,8.0,9.0,null,3.0,null,8.0,8.0,3.0,1.0,3.0,8.0,3.0,6.0,8.0,5.0,9.0,3.0000000000000000,3.3333333333333333,3.0000000000000000,3.0000000000000000,4.0000000000000000,3.5000000000000000,3.0000000000000000,4.2500000000000000,3.0000000000000000,3.7500000000000000,Deliberative,Significance,Restorative
EMP100781,Bayu Yulianto,2.7500000000000000,76,IV,S2,2,2,131.0,53,44,IS,ESFJ,26.0,4,5.0,1.0,3.0,6.0,9.0,9.0,4.0,7.0,null,5.0,6.0,6.0,null,2.0,5.0,2.0,null,5.0,5.0,5.0,3.5000000000000000,3.0000000000000000,3.0000000000000000,3.4000000000000000,2.0000000000000000,2.8000000000000000,3.7500000000000000,3.0000000000000000,2.8000000000000000,4.0000000000000000,Achiever,Context,Includer
EMP100782,Adit Utama Siregar,3.0000000000000000,113,V,SMA,3,1,null,89,61,DS,ESTJ,null,1,3.0,3.0,6.0,null,4.0,9.0,5.0,8.0,5.0,7.0,2.0,7.0,2.0,7.0,9.0,8.0,null,3.0,9.0,4.0,3.2000000000000000,3.0000000000000000,3.6000000000000000,3.0000000000000000,3.2500000000000000,2.6000000000000000,3.4000000000000000,3.5000000000000000,3.0000000000000000,3.0000000000000000,Futuristic,Consistency,Adaptability
EMP100783,Kartika Wijaya Permadi,3.0000000000000000,86,V,S2,3,2,128.0,91,44,DC,ESFP,32.0,1,3.0,3.0,9.0,1.0,2.0,1.0,null,6.0,9.0,2.0,8.0,7.0,2.0,9.0,2.0,7.0,6.0,9.0,6.0,4.0,2.8000000000000000,3.0000000000000000,3.0000000000000000,3.0000000000000000,2.8000000000000000,3.6000000000000000,3.2000000000000000,3.2000000000000000,2.8000000000000000,3.2000000000000000,Belief,Consistency,Individualization
EMP100784,Rendra Yulianto,2.2000000000000000,37,V,SMA,3,3,101.0,73,33,DS,ENFP,31.0,4,7.0,8.0,4.0,4.0,7.0,2.0,2.0,9.0,4.0,7.0,2.0,4.0,9.0,4.0,4.0,3.0,5.0,8.0,3.0,6.0,2.0000000000000000,2.3333333333333333,2.0000000000000000,2.4000000000000000,2.5000000000000000,2.6000000000000000,2.7500000000000000,2.4000000000000000,2.4000000000000000,2.2000000000000000,,Significance,Ideation
EMP100785,Umar Fadillah Handayani,3.0000000000000000,63,IV,SMA,2,2,96.0,53,69,SC,ISTP,34.0,10,1.0,2.0,2.0,6.0,8.0,null,1.0,6.0,8.0,4.0,9.0,6.0,null,3.0,2.0,4.0,6.0,7.0,null,9.0,3.2000000000000000,2.7500000000000000,3.0000000000000000,3.7500000000000000,2.8000000000000000,3.0000000000000000,2.8000000000000000,2.6000000000000000,2.8000000000000000,3.4000000000000000,Achiever,Learner,Restorative
EMP100786,Nadia Baskara Halim,2.4000000000000000,62,V,S1,3,5,88.0,37,82,SD,inftj,22.0,6,2.0,6.0,9.0,2.0,3.0,3.0,5.0,1.0,5.0,7.0,1.0,6.0,null,1.0,null,4.0,6.0,8.0,null,6.0,2.8000000000000000,1.6000000000000000,3.0000000000000000,2.2000000000000000,2.0000000000000000,2.2000000000000000,2.2000000000000000,2.2000000000000000,2.2000000000000000,2.2000000000000000,Context,Relator,Competition
EMP100787,Iman Lestari Tamba,3.6000000000000000,107,III,D3,1,3,101.0,22,69,DI,ENTP,41.0,8,5.0,1.0,4.0,1.0,3.0,3.0,3.0,4.0,1.0,5.0,6.0,null,6.0,3.0,8.0,9.0,1.0,4.0,2.0,3.0,4.0000000000000000,3.3333333333333333,3.0000000000000000,3.2000000000000000,3.5000000000000000,2.7500000000000000,3.5000000000000000,3.2500000000000000,3.6666666666666667,4.0000000000000000,Adaptability,,Consistency
EMP100788,Bayu Kusuma Hidayat,2.2000000000000000,97,IV,SMA,2,1,139.0,82,71,IC,INFJ,31.0,2,4.0,2.0,7.0,9.0,6.0,8.0,8.0,9.0,4.0,9.0,9.0,9.0,7.0,9.0,8.0,7.0,5.0,7.0,2.0,1.0,1.7500000000000000,2.2500000000000000,1.5000000000000000,3.0000000000000000,2.2500000000000000,2.2500000000000000,3.0000000000000000,2.2000000000000000,2.0000000000000000,2.2500000000000000,Adaptability,Harmony,
EMP100789,Oka Halim Setiawan,2.8000000000000000,72,V,D3,3,4,125.0,70,44,null,ESFP,31.0,1,6.0,7.0,7.0,5.0,8.0,1.0,2.0,9.0,null,null,1.0,3.0,1.0,4.0,null,8.0,4.0,2.0,7.0,9.0,3.2000000000000000,2.8000000000000000,2.4000000000000000,3.2500000000000000,2.6666666666666667,2.5000000000000000,3.2500000000000000,2.7500000000000000,2.8000000000000000,3.0000000000000000,,Intellection,Harmony
EMP100790,Joko Tri Lestari,2.6000000000000000,78,V,SMA,3,1,126.0,35,62,SD,ENFP,26.0,10,5.0,9.0,3.0,8.0,7.0,1.0,2.0,4.0,9.0,2.0,5.0,4.0,2.0,9.0,5.0,7.0,3.0,null,8.0,4.0,2.8000000000000000,3.3333333333333333,2.8000000000000000,2.6000000000000000,2.8000000000000000,2.6000000000000000,3.0000000000000000,3.5000000000000000,2.7500000000000000,3.0000000000000000,,Positivity,Communication
EMP100791,Rizki Saputra,2.2000000000000000,55,III,SMA,1,2,126.0,40,38,SC,ISTP,19.0,8,3.0,5.0,9.0,4.0,1.0,null,1.0,9.0,4.0,null,4.0,5.0,2.0,null,6.0,7.0,4.0,1.0,6.0,9.0,2.5000000000000000,1.8000000000000000,2.6666666666666667,1.6666666666666667,3.0000000000000000,2.6000000000000000,3.0000000000000000,2.2000000000000000,2.4000000000000000,1.8000000000000000,Ideation,Relator,Connectedness
EMP100792,Budi Yudhistira Pratama,3.0000000000000000,15,III,SMA,1,4,117.0,64,79,IC,ENTJ,17.0,6,3.0,8.0,2.0,9.0,2.0,8.0,3.0,5.0,1.0,6.0,4.0,4.0,3.0,5.0,7.0,2.0,5.0,6.0,2.0,1.0,35.0000000000000000,3.0000000000000000,4.3333333333333333,4.2500000000000000,4.0000000000000000,3.3333333333333333,3.7500000000000000,3.0000000000000000,3.7500000000000000,4.5000000000000000,Achiever,Futuristic,Restorative
EMP100793,Zahra Rohman,3.4000000000000000,89,III,D3,1,4,133.0,63,32,IS,INTP,17.0,1,1.0,8.0,4.0,7.0,8.0,6.0,7.0,8.0,null,1.0,6.0,8.0,1.0,8.0,8.0,5.0,4.0,7.0,5.0,5.0,2.2500000000000000,3.0000000000000000,3.4000000000000000,3.2500000000000000,3.2000000000000000,3.2000000000000000,3.4000000000000000,3.2000000000000000,3.0000000000000000,4.0000000000000000,Maximizer,,Empathy
EMP100794,Wulan Kusuma Mahendra,3.7500000000000000,56,V,SMA,3,1,null,85,81,SI,ENFJ,20.0,7,9.0,7.0,null,1.0,2.0,1.0,1.0,null,4.0,3.0,4.0,8.0,8.0,1.0,6.0,3.0,null,6.0,1.0,4.0,3.8000000000000000,3.8000000000000000,4.0000000000000000,4.2000000000000000,3.5000000000000000,3.7500000000000000,3.8000000000000000,4.2000000000000000,3.6000000000000000,4.4000000000000000,Achiever,Adaptability,Arranger
EMP100795,Nugroho Nugroho,3.0000000000000000,37,IV,S2,2,3,126.0,31,60,null,ESTJ,27.0,3,4.0,6.0,9.0,7.0,9.0,8.0,7.0,3.0,1.0,7.0,6.0,9.0,5.0,1.0,8.0,6.0,8.0,7.0,2.0,2.0,2.6000000000000000,3.0000000000000000,3.2000000000000000,3.4000000000000000,3.0000000000000000,3.0000000000000000,3.0000000000000000,2.5000000000000000,2.8000000000000000,3.4000000000000000,Self-Assurance,Intellection,Focus
EMP100796,Adi Ridwan,2.8000000000000000,31,V,S2,3,6,95.0,66,77,CS,INTJ,31.0,7,3.0,2.0,5.0,6.0,5.0,9.0,7.0,7.0,4.0,8.0,null,4.0,7.0,5.0,4.0,2.0,null,3.0,null,2.0,3.0000000000000000,2.6000000000000000,3.2500000000000000,3.2000000000000000,2.6000000000000000,2.8000000000000000,2.6000000000000000,2.5000000000000000,2.8000000000000000,2.7500000000000000,Self-Assurance,Input,Achiever
EMP100797,Rani Maulida,2.6000000000000000,67,V,D3,3,5,122.0,22,91,SC,ESFJ,19.0,4,5.0,8.0,8.0,6.0,6.0,9.0,1.0,5.0,9.0,2.0,null,3.0,7.0,2.0,3.0,7.0,2.0,7.0,8.0,8.0,2.0000000000000000,2.7500000000000000,3.0000000000000000,2.5000000000000000,2.2500000000000000,2.4000000000000000,2.7500000000000000,2.6000000000000000,3.0000000000000000,3.0000000000000000,Harmony,Empathy,Communication
EMP100798,Valdo Rachman Wibowo,2.5000000000000000,55,IV,S2,2,6,132.0,86,81,ID,INFP,28.0,5,9.0,6.0,2.0,9.0,5.0,9.0,6.0,5.0,9.0,6.0,6.0,4.0,6.0,1.0,2.0,6.0,9.0,1.0,3.0,9.0,2.6000000000000000,2.7500000000000000,2.6666666666666667,2.2000000000000000,2.4000000000000000,3.0000000000000000,2.8000000000000000,2.8000000000000000,2.6000000000000000,2.6000000000000000,Input,,Adaptability
EMP100799,Fitri Ganesha Yulianto,1.6666666666666667,72,IV,SMA,2,5,128.0,49,58,IS,ISFJ,28.0,8,9.0,5.0,null,4.0,2.0,7.0,9.0,4.0,2.0,7.0,8.0,6.0,3.0,9.0,8.0,3.0,9.0,3.0,6.0,7.0,2.8000000000000000,3.0000000000000000,2.4000000000000000,2.4000000000000000,2.4000000000000000,2.5000000000000000,3.0000000000000000,3.0000000000000000,3.0000000000000000,2.8000000000000000,Significance,Activator,Adaptability
EMP100800,Intan Wibowo,2.7500000000000000,19,IV,S2,2,6,86.0,93,68,DI,ENTJ,30.0,9,7.0,2.0,3.0,3.0,3.0,1.0,1.0,null,3.0,6.0,3.0,9.0,3.0,7.0,9.0,1.0,7.0,6.0,8.0,3.0,3.0000000000000000,2.5000000000000000,3.2500000000000000,3.2500000000000000,2.7500000000000000,3.2500000000000000,2.7500000000000000,3.6666666666666667,2.6666666666666667,3.2500000000000000,Adaptability,Intellection,Analytical
EMP100801,Umar Ridwan,2.6666666666666667,41,V,S2,3,4,110.0,89,26,IC,INFP,28.0,7,4.0,1.0,5.0,5.0,5.0,6.0,1.0,null,2.0,6.0,7.0,6.0,8.0,6.0,8.0,2.0,3.0,4.0,2.0,4.0,3.6000000000000000,22.4000000000000000,3.2500000000000000,3.0000000000000000,2.7500000000000000,3.0000000000000000,3.7500000000000000,3.5000000000000000,3.6000000000000000,2.8000000000000000,Developer,,Learner
EMP100802,Dimas Kusuma Indrawan,3.6000000000000000,82,V,S2,3,1,112.0,80,58,SC,ISTP,27.0,4,null,9.0,null,7.0,1.0,9.0,9.0,1.0,1.0,7.0,8.0,3.0,3.0,2.0,5.0,5.0,8.0,7.0,8.0,4.0,3.5000000000000000,3.8000000000000000,23.0000000000000000,3.8000000000000000,3.0000000000000000,3.6000000000000000,3.7500000000000000,3.5000000000000000,3.6666666666666667,4.0000000000000000,Deliberative,Arranger,Individualization
EMP100803,Maya Kusuma Putra,3.6000000000000000,97,IV,SMA,2,5,136.0,100,25,SC,enfp,30.0,10,4.0,6.0,7.0,null,3.0,8.0,4.0,null,8.0,5.0,4.0,2.0,9.0,null,2.0,8.0,8.0,2.0,8.0,null,3.7500000000000000,3.0000000000000000,4.0000000000000000,3.8000000000000000,4.3333333333333333,3.4000000000000000,4.0000000000000000,3.4000000000000000,3.0000000000000000,3.4000000000000000,Individualization,Analytical,Achiever
EMP100804,Luthfi Hidayat,2.4000000000000000,40,V,D3,3,5,null,73,74,SI,INTJ,null,1,2.0,4.0,5.0,9.0,7.0,9.0,6.0,8.0,8.0,2.0,4.0,7.0,1.0,null,6.0,6.0,8.0,9.0,8.0,1.0,2.0000000000000000,1.8000000000000000,2.4000000000000000,3.0000000000000000,2.7500000000000000,2.2000000000000000,2.0000000000000000,2.7500000000000000,2.2500000000000000,2.4000000000000000,Activator,Adaptability,Positivity
EMP100805,Oktavia Pratama,2.8000000000000000,33,IV,D3,2,5,126.0,22,76,DS,ENFP,22.0,6,7.0,2.0,5.0,8.0,7.0,8.0,9.0,4.0,null,3.0,2.0,8.0,6.0,2.0,null,3.0,4.0,null,1.0,3.0,1.6000000000000000,2.2500000000000000,1.7500000000000000,1.8000000000000000,1.4000000000000000,1.6000000000000000,1.8000000000000000,1.8000000000000000,2.2500000000000000,1.6000000000000000,Consistency,Developer,Command
EMP100806,Dwi Kurniawan,3.0000000000000000,2,III,S2,1,5,83.0,68,47,IS,INFP,24.0,2,4.0,null,6.0,8.0,9.0,7.0,3.0,4.0,8.0,7.0,4.0,4.0,9.0,9.0,4.0,6.0,1.0,6.0,4.0,2.0,3.0000000000000000,3.2500000000000000,3.0000000000000000,3.0000000000000000,3.5000000000000000,3.5000000000000000,27.0000000000000000,2.6666666666666667,3.0000000000000000,27.2500000000000000,Significance,Includer,Individualization
EMP100807,Cahyo Pradana,3.4000000000000000,36,IV,D3,2,1,null,28,40,IC,ENTJ,null,9,9.0,8.0,6.0,7.0,7.0,1.0,4.0,5.0,6.0,2.0,9.0,6.0,1.0,7.0,9.0,7.0,9.0,2.0,null,9.0,4.0000000000000000,3.2000000000000000,3.5000000000000000,3.2000000000000000,3.6000000000000000,3.2000000000000000,3.0000000000000000,3.4000000000000000,3.2500000000000000,3.7500000000000000,Intellection,Input,
EMP100808,Mahendra Firmansyah,3.2500000000000000,114,IV,D3,2,4,107.0,78,43,DC,INTP,27.0,6,7.0,null,5.0,9.0,2.0,8.0,7.0,4.0,null,8.0,1.0,3.0,1.0,8.0,6.0,7.0,8.0,9.0,5.0,7.0,2.8000000000000000,2.5000000000000000,2.8000000000000000,4.0000000000000000,2.8000000000000000,3.4000000000000000,3.4000000000000000,2.6000000000000000,3.2000000000000000,2.8000000000000000,Competition,Individualization,Focus
EMP100809,Dian Nugroho,3.6000000000000000,69,IV,S2,2,5,95.0,44,46,SI,INTP,15.0,1,4.0,3.0,8.0,5.0,1.0,5.0,1.0,4.0,9.0,9.0,6.0,4.0,null,3.0,5.0,3.0,6.0,7.0,null,4.0,3.8000000000000000,3.6000000000000000,3.6000000000000000,3.4000000000000000,4.0000000000000000,3.4000000000000000,3.2000000000000000,3.6000000000000000,3.6000000000000000,3.6000000000000000,Futuristic,Responsibility,Learner
EMP100810,Mahendra Tri Permadi,3.2000000000000000,65,V,S1,3,4,null,81,99,ID,ESFJ,null,8,6.0,7.0,4.0,7.0,7.0,null,7.0,8.0,9.0,8.0,3.0,5.0,null,3.0,6.0,null,5.0,6.0,7.0,3.0,3.0000000000000000,3.0000000000000000,3.0000000000000000,3.2500000000000000,3.0000000000000000,3.2500000000000000,3.0000000000000000,3.0000000000000000,3.0000000000000000,2.8000000000000000,Restorative,Self-Assurance,Harmony
EMP100811,Tania Aji Ramadhan,3.0000000000000000,49,III,D3,1,2,113.0,50,70,IC,null,36.0,6,4.0,8.0,3.0,6.0,2.0,8.0,4.0,4.0,6.0,7.0,6.0,4.0,2.0,9.0,5.0,4.0,9.0,3.0,1.0,1.0,3.2000000000000000,3.0000000000000000,3.2000000000000000,3.0000000000000000,2.5000000000000000,3.0000000000000000,3.0000000000000000,3.2000000000000000,3.3333333333333333,2.5000000000000000,,Developer,Maximizer
EMP100812,Lestari Herlambang,2.8000000000000000,63,IV,S1,2,3,110.0,82,33,CS,INFP,26.0,3,9.0,9.0,6.0,7.0,2.0,2.0,7.0,7.0,5.0,8.0,9.0,2.0,3.0,4.0,7.0,2.0,5.0,null,7.0,5.0,3.2000000000000000,4.0000000000000000,3.8000000000000000,3.6000000000000000,3.2500000000000000,3.6000000000000000,3.2000000000000000,3.4000000000000000,3.0000000000000000,3.4000000000000000,Achiever,,Context
EMP100813,Vania Baskara Utami,2.8000000000000000,26,V,S2,3,3,80.0,66,80,SI,INFJ,25.0,3,7.0,4.0,2.0,5.0,2.0,5.0,9.0,null,1.0,1.0,4.0,6.0,4.0,6.0,8.0,8.0,8.0,8.0,2.0,6.0,2.8000000000000000,3.0000000000000000,3.0000000000000000,3.0000000000000000,2.6000000000000000,2.6000000000000000,2.6000000000000000,2.4000000000000000,3.2500000000000000,2.4000000000000000,Responsibility,Empathy,Analytical
EMP100814,Vania Setiawan,2.6000000000000000,75,III,S1,1,3,94.0,84,66,null,ENTP,38.0,5,2.0,5.0,9.0,3.0,7.0,3.0,8.0,8.0,null,2.0,6.0,1.0,3.0,7.0,4.0,4.0,9.0,5.0,3.0,3.0,2.0000000000000000,3.0000000000000000,2.6666666666666667,2.8000000000000000,2.0000000000000000,2.8000000000000000,3.0000000000000000,2.5000000000000000,2.4000000000000000,3.0000000000000000,Developer,Empathy,Learner
EMP100815,Andi Dharma Saputra,3.6000000000000000,77,IV,SMA,2,5,135.0,60,69,IS,ENTJ,26.0,9,null,null,5.0,2.0,null,2.0,4.0,1.0,5.0,5.0,4.0,null,5.0,2.0,7.0,null,5.0,4.0,7.0,7.0,3.4000000000000000,4.0000000000000000,2.8000000000000000,4.2500000000000000,3.6000000000000000,3.4000000000000000,3.2000000000000000,3.6000000000000000,3.4000000000000000,3.4000000000000000,Developer,Connectedness,Strategic
EMP100816,Bella Aji Ginting,2.8000000000000000,89,IV,SMA,2,1,null,56,64,CI,ISTJ,null,5,8.0,5.0,3.0,3.0,4.0,9.0,5.0,8.0,6.0,null,9.0,1.0,4.0,5.0,6.0,3.0,4.0,4.0,9.0,3.0,2.2500000000000000,2.7500000000000000,2.7500000000000000,3.0000000000000000,2.5000000000000000,3.0000000000000000,2.2500000000000000,2.2000000000000000,2.6000000000000000,2.6000000000000000,Input,Connectedness,Individualization
EMP100817,Oka Handayani,2.6000000000000000,37,III,SMA,1,6,140.0,85,21,SI,ISFJ,19.0,6,7.0,null,null,7.0,2.0,5.0,8.0,8.0,1.0,9.0,2.0,8.0,7.0,1.0,8.0,4.0,4.0,8.0,3.0,5.0,3.3333333333333333,2.6000000000000000,2.6000000000000000,2.8000000000000000,2.6000000000000000,2.8000000000000000,2.6000000000000000,2.8000000000000000,2.6000000000000000,2.6000000000000000,Discipline,Significance,Strategic
EMP100818,Fajar Qolbi Rahmawati,3.4000000000000000,85,III,S1,1,5,124.0,83,61,CS,INTP,29.0,1,null,7.0,4.0,3.0,null,6.0,5.0,2.0,3.0,8.0,7.0,5.0,2.0,4.0,2.0,1.0,5.0,2.0,8.0,4.0,3.8000000000000000,3.5000000000000000,3.2000000000000000,3.8000000000000000,3.4000000000000000,3.6000000000000000,2.8000000000000000,3.2000000000000000,3.0000000000000000,4.0000000000000000,Input,Consistency,Activator
EMP100819,Prasetyo Kusuma Putra,3.2000000000000000,54,IV,D3,2,6,103.0,29,87,IC,null,25.0,10,4.0,1.0,9.0,9.0,1.0,7.0,9.0,5.0,7.0,7.0,8.0,2.0,5.0,9.0,5.0,5.0,3.0,9.0,4.0,6.0,3.0000000000000000,3.5000000000000000,3.4000000000000000,3.8000000000000000,3.2000000000000000,3.2500000000000000,3.2000000000000000,3.6000000000000000,3.4000000000000000,3.4000000000000000,Focus,Empathy,Maximizer
EMP100820,Rizky Pratama,4.3333333333333333,17,IV,D3,2,6,98.0,83,63,SI,ENFP,14.0,7,6.0,null,2.0,7.0,9.0,3.0,4.0,7.0,2.0,3.0,5.0,4.0,3.0,9.0,5.0,2.0,4.0,null,4.0,null,4.0000000000000000,3.2500000000000000,3.0000000000000000,3.0000000000000000,3.7500000000000000,3.7500000000000000,3.5000000000000000,3.5000000000000000,3.0000000000000000,3.5000000000000000,Deliberative,Positivity,Developer
EMP100821,Kartika Saputra,3.6000000000000000,35,V,SMA,3,1,132.0,69,59,ID,INFJ,36.0,2,5.0,9.0,4.0,3.0,9.0,4.0,7.0,7.0,3.0,4.0,2.0,null,3.0,5.0,3.0,5.0,8.0,5.0,3.0,3.0,3.6000000000000000,3.8000000000000000,4.0000000000000000,3.4000000000000000,3.6666666666666667,3.6000000000000000,4.0000000000000000,3.6000000000000000,4.0000000000000000,3.5000000000000000,Deliberative,Belief,Discipline
EMP100822,Maya Lukman,2.7500000000000000,42,V,S1,3,6,95.0,50,46,SD,ESTP,28.0,6,3.0,2.0,6.0,6.0,6.0,7.0,6.0,9.0,3.0,3.0,1.0,null,2.0,9.0,8.0,3.0,8.0,1.0,8.0,4.0,2.6666666666666667,2.6000000000000000,2.6000000000000000,3.2500000000000000,3.0000000000000000,2.6000000000000000,3.2000000000000000,2.6666666666666667,3.0000000000000000,2.2000000000000000,Focus,,Command
EMP100823,Hana Aji Hidayat,4.0000000000000000,10,V,SMA,3,6,123.0,43,97,DI,ESTP,23.0,1,1.0,5.0,8.0,2.0,null,4.0,1.0,1.0,5.0,4.0,9.0,9.0,7.0,2.0,7.0,7.0,2.0,null,3.0,5.0,4.0000000000000000,3.5000000000000000,3.7500000000000000,4.7500000000000000,4.5000000000000000,3.6666666666666667,4.0000000000000000,3.2500000000000000,4.3333333333333333,5.0000000000000000,Relator,Context,Discipline
EMP100824,Intan Suharto,2.8000000000000000,54,V,S2,3,6,127.0,27,31,DI,ESFP,30.0,8,6.0,2.0,1.0,1.0,4.0,9.0,3.0,6.0,2.0,5.0,4.0,3.0,1.0,4.0,8.0,1.0,3.0,9.0,8.0,4.0,2.8000000000000000,3.0000000000000000,3.0000000000000000,2.6000000000000000,3.0000000000000000,3.2000000000000000,2.6000000000000000,2.8000000000000000,3.2000000000000000,3.0000000000000000,Maximizer,Responsibility,Self-Assurance
EMP100825,Yuni Handayani,2.7500000000000000,58,III,SMA,1,6,135.0,69,99,CI,INTJ,34.0,8,5.0,5.0,3.0,9.0,8.0,4.0,9.0,3.0,3.0,7.0,9.0,5.0,5.0,null,5.0,8.0,1.0,3.0,null,8.0,3.0000000000000000,3.0000000000000000,26.7500000000000000,4.2500000000000000,3.7500000000000000,3.0000000000000000,2.7500000000000000,3.6000000000000000,3.2000000000000000,3.6000000000000000,Command,Woo,Analytical
EMP100826,Ayu Rachman Subekti,3.2000000000000000,99,V,D3,3,5,125.0,93,67,ID,INTP,25.0,1,7.0,8.0,5.0,8.0,6.0,7.0,4.0,5.0,4.0,8.0,1.0,3.0,1.0,5.0,3.0,6.0,6.0,7.0,null,6.0,3.2500000000000000,3.4000000000000000,3.8000000000000000,3.0000000000000000,3.4000000000000000,3.2000000000000000,2.6000000000000000,3.0000000000000000,3.2000000000000000,3.7500000000000000,Context,Focus,Harmony
EMP100827,Oktavia Candra Kurniawan,3.6666666666666667,55,IV,S2,2,2,118.0,35,79,DC,ESFP,13.0,4,6.0,5.0,9.0,1.0,4.0,1.0,4.0,9.0,2.0,4.0,1.0,7.0,7.0,5.0,3.0,6.0,null,5.0,8.0,5.0,4.0000000000000000,3.5000000000000000,3.6000000000000000,3.7500000000000000,3.7500000000000000,3.8000000000000000,3.8000000000000000,4.0000000000000000,4.6666666666666667,3.6000000000000000,Relator,Context,Achiever
EMP100828,Umar Hidayat,3.0000000000000000,15,IV,D3,2,5,92.0,55,37,IS,INFJ,37.0,3,8.0,8.0,4.0,7.0,8.0,1.0,5.0,3.0,7.0,8.0,7.0,4.0,8.0,7.0,7.0,null,9.0,5.0,5.0,6.0,2.7500000000000000,3.2500000000000000,2.5000000000000000,3.0000000000000000,3.3333333333333333,3.0000000000000000,3.2500000000000000,2.7500000000000000,3.2500000000000000,3.0000000000000000,Individualization,Belief,Connectedness
EMP100829,Bayu Wibowo,3.6000000000000000,50,IV,SMA,2,2,109.0,93,41,DS,INTP,31.0,2,3.0,7.0,8.0,7.0,5.0,9.0,4.0,2.0,1.0,4.0,1.0,7.0,7.0,1.0,7.0,7.0,7.0,6.0,5.0,6.0,3.2000000000000000,3.6666666666666667,3.8000000000000000,3.2000000000000000,3.6000000000000000,3.4000000000000000,3.6000000000000000,3.2000000000000000,3.6000000000000000,4.0000000000000000,Focus,Significance,Harmony
EMP100830,Hana Herlambang,3.7500000000000000,13,V,SMA,3,1,132.0,36,87,DI,ISFJ,20.0,8,9.0,3.0,3.0,6.0,5.0,1.0,null,3.0,2.0,9.0,1.0,9.0,7.0,9.0,1.0,9.0,3.0,9.0,7.0,null,3.5000000000000000,3.5000000000000000,3.3333333333333333,3.0000000000000000,3.7500000000000000,3.7500000000000000,3.6666666666666667,4.0000000000000000,4.2500000000000000,3.7500000000000000,,Discipline,Maximizer
EMP100831,Dwi Iqbal Halim,3.5000000000000000,29,V,D3,3,1,96.0,66,46,CS,INFJ,35.0,8,3.0,9.0,8.0,5.0,3.0,null,9.0,5.0,7.0,4.0,7.0,3.0,2.0,5.0,7.0,4.0,9.0,5.0,8.0,3.0,3.0000000000000000,3.6000000000000000,4.0000000000000000,3.6000000000000000,3.7500000000000000,3.2000000000000000,3.8000000000000000,4.2500000000000000,3.4000000000000000,3.2000000000000000,Command,Futuristic,Harmony
EMP100832,Eko Suharto,3.2000000000000000,58,III,SMA,1,3,null,83,59,CI,ESTP,null,3,4.0,9.0,3.0,6.0,3.0,4.0,1.0,4.0,2.0,2.0,3.0,3.0,4.0,9.0,9.0,5.0,null,7.0,5.0,5.0,3.0000000000000000,3.2000000000000000,2.6666666666666667,3.4000000000000000,3.2500000000000000,3.0000000000000000,3.2500000000000000,2.3333333333333333,3.8000000000000000,3.4000000000000000,Woo,Significance,Communication
EMP100833,Andi Wijaya,3.5000000000000000,18,III,SMA,1,2,104.0,52,52,CS,ENTJ,27.0,9,8.0,5.0,8.0,6.0,4.0,6.0,9.0,4.0,5.0,3.0,4.0,7.0,7.0,4.0,null,2.0,2.0,8.0,1.0,1.0,27.7500000000000000,3.5000000000000000,3.7500000000000000,3.0000000000000000,3.2500000000000000,3.2500000000000000,3.3333333333333333,4.0000000000000000,3.2500000000000000,4.0000000000000000,Achiever,Consistency,Discipline
EMP100834,Nadia Rachman Pratomo,3.2500000000000000,16,V,S2,3,6,107.0,84,63,SD,ESTJ,31.0,10,8.0,null,null,1.0,7.0,4.0,5.0,null,7.0,1.0,8.0,6.0,8.0,8.0,1.0,1.0,7.0,6.0,null,5.0,3.0000000000000000,3.2500000000000000,3.2500000000000000,4.0000000000000000,3.2500000000000000,3.2500000000000000,3.5000000000000000,3.0000000000000000,3.3333333333333333,3.7500000000000000,Positivity,Includer,Individualization
EMP100835,Nurlita Purnama,4.2000000000000000,52,IV,SMA,2,1,null,89,45,null,ISTJ,27.0,6,6.0,5.0,7.0,1.0,null,9.0,7.0,1.0,1.0,1.0,null,9.0,2.0,2.0,5.0,3.0,3.0,6.0,8.0,6.0,4.0000000000000000,4.2000000000000000,4.0000000000000000,23.0000000000000000,4.2000000000000000,4.0000000000000000,4.2000000000000000,4.4000000000000000,3.8000000000000000,3.7500000000000000,Intellection,Positivity,Focus
EMP100836,Luthfi Simanjuntak,3.4000000000000000,57,V,SMA,3,1,105.0,60,96,SC,ENFJ,15.0,10,2.0,5.0,7.0,9.0,8.0,1.0,1.0,6.0,9.0,7.0,7.0,9.0,4.0,2.0,9.0,6.0,2.0,null,6.0,9.0,3.4000000000000000,3.4000000000000000,3.6000000000000000,3.0000000000000000,3.6000000000000000,4.0000000000000000,3.6000000000000000,3.2000000000000000,3.7500000000000000,4.0000000000000000,Responsibility,Futuristic,Communication
EMP100837,Nadia Ananda,3.6666666666666667,7,V,D3,3,1,126.0,47,45,null,ISFP,28.0,8,6.0,1.0,9.0,1.0,1.0,1.0,2.0,1.0,9.0,3.0,8.0,3.0,8.0,1.0,7.0,3.0,3.0,6.0,6.0,3.0,4.0000000000000000,3.7500000000000000,4.2500000000000000,2.6000000000000000,3.5000000000000000,3.7500000000000000,3.3333333333333333,3.7500000000000000,4.0000000000000000,3.6666666666666667,,Relator,Competition
EMP100838,Nurlita Permadi,3.0000000000000000,36,IV,SMA,2,1,135.0,73,87,SD,ESFJ,35.0,8,8.0,4.0,4.0,9.0,4.0,3.0,5.0,9.0,4.0,2.0,5.0,4.0,7.0,4.0,9.0,2.0,5.0,5.0,3.0,7.0,3.7500000000000000,3.8000000000000000,3.0000000000000000,3.4000000000000000,3.6000000000000000,3.6000000000000000,3.2000000000000000,3.4000000000000000,3.0000000000000000,2.8000000000000000,,Responsibility,Intellection
EMP100839,Yuni Rohman,2.7500000000000000,85,V,S1,3,2,125.0,63,21,CS,ESFP,35.0,7,6.0,1.0,6.0,3.0,2.0,8.0,9.0,9.0,6.0,2.0,7.0,9.0,1.0,6.0,9.0,6.0,3.0,6.0,7.0,7.0,2.4000000000000000,2.4000000000000000,3.0000000000000000,2.5000000000000000,2.7500000000000000,2.8000000000000000,2.6000000000000000,2.0000000000000000,2.2000000000000000,2.2000000000000000,Consistency,Positivity,Discipline
EMP100840,Sari Halim Ramadhan,2.4000000000000000,77,III,D3,1,5,null,20,69,ID,ENTP,null,6,8.0,9.0,2.0,9.0,null,8.0,3.0,6.0,2.0,1.0,3.0,1.0,9.0,7.0,4.0,2.0,2.0,8.0,3.0,6.0,1.6666666666666667,2.2000000000000000,2.2000000000000000,2.2000000000000000,2.4000000000000000,3.0000000000000000,2.2000000000000000,2.7500000000000000,2.4000000000000000,2.4000000000000000,Belief,Futuristic,Deliberative
EMP100841,Zaki Syahputra,2.7500000000000000,58,V,S2,3,6,96.0,73,92,DI,ISFP,25.0,4,2.0,null,1.0,4.0,1.0,7.0,6.0,1.0,3.0,8.0,9.0,null,1.0,3.0,9.0,8.0,3.0,9.0,2.0,5.0,3.0000000000000000,3.0000000000000000,2.8000000000000000,3.2500000000000000,3.0000000000000000,3.0000000000000000,3.0000000000000000,3.0000000000000000,3.0000000000000000,3.0000000000000000,Individualization,Strategic,Restorative
EMP100842,Umar Candra Siregar,3.5000000000000000,90,V,D3,3,1,136.0,56,89,SC,ENTJ,26.0,10,1.0,1.0,2.0,6.0,7.0,6.0,8.0,9.0,5.0,4.0,9.0,4.0,6.0,9.0,6.0,5.0,2.0,4.0,9.0,1.0,3.2000000000000000,3.0000000000000000,2.8000000000000000,3.5000000000000000,3.4000000000000000,3.8000000000000000,3.0000000000000000,3.0000000000000000,3.0000000000000000,3.4000000000000000,Communication,Connectedness,Relator
EMP100843,Dinda Kurniawan,3.0000000000000000,63,III,S2,1,2,122.0,65,30,null,ESTJ,31.0,3,4.0,4.0,4.0,9.0,4.0,4.0,2.0,4.0,8.0,5.0,2.0,8.0,6.0,1.0,6.0,3.0,3.0,9.0,6.0,3.0,2.8000000000000000,3.0000000000000000,2.8000000000000000,3.6000000000000000,3.2000000000000000,3.2000000000000000,3.0000000000000000,3.6000000000000000,2.8000000000000000,3.2000000000000000,Restorative,Responsibility,Relator
EMP100844,Rizka Gunawan,3.7500000000000000,81,V,S2,3,3,94.0,89,27,CS,ENFP,31.0,8,3.0,8.0,3.0,9.0,6.0,2.0,null,6.0,2.0,7.0,6.0,4.0,4.0,5.0,null,5.0,8.0,7.0,3.0,null,3.2500000000000000,3.4000000000000000,3.8000000000000000,3.6000000000000000,3.6000000000000000,3.6666666666666667,4.0000000000000000,4.0000000000000000,3.8000000000000000,3.5000000000000000,Input,Harmony,Strategic
EMP100845,Rama Qolbi Maulana,3.3333333333333333,29,V,SMA,3,3,null,39,58,SC,INFP,null,10,9.0,3.0,4.0,7.0,2.0,6.0,7.0,8.0,5.0,5.0,6.0,8.0,4.0,9.0,1.0,6.0,9.0,8.0,5.0,8.0,2.3333333333333333,3.2000000000000000,3.2000000000000000,3.2000000000000000,3.2500000000000000,2.8000000000000000,3.4000000000000000,3.4000000000000000,2.8000000000000000,3.0000000000000000,Learner,Harmony,Context
EMP100846,Zaki Rahmawati,2.0000000000000000,61,III,D3,1,6,108.0,87,29,CS,ISTJ,41.0,3,5.0,8.0,8.0,null,8.0,4.0,2.0,2.0,4.0,3.0,8.0,6.0,4.0,6.0,5.0,3.0,null,5.0,6.0,5.0,2.2000000000000000,2.2000000000000000,2.2000000000000000,2.0000000000000000,2.4000000000000000,1.7500000000000000,2.0000000000000000,2.5000000000000000,2.2500000000000000,2.2000000000000000,Achiever,Self-Assurance,Belief
EMP100847,Oka Saputra Sinaga,3.5000000000000000,54,IV,SMA,2,4,106.0,77,77,SI,ENFJ,21.0,7,4.0,null,2.0,5.0,1.0,7.0,3.0,6.0,null,3.0,4.0,8.0,9.0,5.0,2.0,1.0,5.0,5.0,7.0,2.0,3.5000000000000000,3.4000000000000000,3.2000000000000000,3.8000000000000000,3.0000000000000000,2.5000000000000000,3.2500000000000000,3.5000000000000000,3.4000000000000000,3.2000000000000000,Input,Relator,Includer
EMP100848,Rifqi Hartanto,2.6000000000000000,41,V,D3,3,1,108.0,33,20,SC,INTP,14.0,6,2.0,8.0,6.0,7.0,6.0,null,9.0,3.0,8.0,3.0,null,4.0,7.0,6.0,6.0,1.0,9.0,5.0,9.0,1.0,2.8000000000000000,3.0000000000000000,2.6000000000000000,2.4000000000000000,2.6000000000000000,2.8000000000000000,3.0000000000000000,2.7500000000000000,2.8000000000000000,2.7500000000000000,Communication,Connectedness,
EMP100849,Yuni Purnama,3.2500000000000000,49,III,S1,1,3,98.0,35,69,DS,ESFP,23.0,10,5.0,null,6.0,7.0,5.0,9.0,6.0,1.0,null,7.0,4.0,1.0,2.0,7.0,2.0,4.0,2.0,5.0,5.0,null,2.7500000000000000,2.6000000000000000,4.0000000000000000,2.2500000000000000,3.2500000000000000,3.2000000000000000,3.0000000000000000,3.5000000000000000,3.0000000000000000,3.0000000000000000,Belief,Relator,Significance
EMP100850,Eko Mahardika Suharto,3.4000000000000000,57,III,S1,1,2,null,34,57,SC,ISFP,null,1,8.0,9.0,9.0,null,6.0,8.0,7.0,1.0,1.0,null,7.0,1.0,8.0,7.0,7.0,null,8.0,5.0,2.0,1.0,3.6000000000000000,22.4000000000000000,3.8000000000000000,4.2500000000000000,3.2000000000000000,3.6000000000000000,3.6000000000000000,3.0000000000000000,3.2000000000000000,4.0000000000000000,,Competition,Arranger
EMP100851,Ari Pratama,3.4000000000000000,57,IV,S1,2,2,137.0,95,45,ID,ESTP,21.0,1,6.0,1.0,8.0,4.0,6.0,4.0,2.0,1.0,8.0,3.0,6.0,1.0,2.0,1.0,4.0,1.0,5.0,9.0,1.0,6.0,2.3333333333333333,3.6000000000000000,3.4000000000000000,3.2000000000000000,3.4000000000000000,3.0000000000000000,3.2000000000000000,3.2000000000000000,3.2000000000000000,3.4000000000000000,Futuristic,Relator,Self-Assurance
EMP100852,Anisa Siregar,2.6000000000000000,33,III,SMA,1,2,115.0,83,25,CD,ISTP,35.0,8,9.0,2.0,5.0,4.0,7.0,2.0,1.0,8.0,6.0,1.0,null,5.0,null,8.0,2.0,4.0,7.0,2.0,7.0,7.0,2.8000000000000000,2.7500000000000000,3.0000000000000000,2.4000000000000000,2.2500000000000000,2.7500000000000000,2.2000000000000000,3.2000000000000000,3.2500000000000000,2.2000000000000000,Learner,Empathy,Developer
EMP100853,Umar Zulfikar,2.8000000000000000,67,V,D3,3,2,89.0,79,59,SI,ISTP,29.0,7,1.0,5.0,5.0,7.0,null,4.0,5.0,8.0,6.0,5.0,6.0,4.0,1.0,3.0,3.0,4.0,7.0,2.0,null,9.0,2.2000000000000000,3.0000000000000000,3.0000000000000000,2.0000000000000000,2.2500000000000000,2.8000000000000000,3.0000000000000000,2.8000000000000000,3.0000000000000000,2.6000000000000000,Achiever,Deliberative,Analytical
EMP100854,Rama Putra,3.4000000000000000,87,IV,SMA,2,4,126.0,23,46,SC,ESFP,21.0,2,7.0,null,6.0,1.0,6.0,8.0,9.0,9.0,5.0,2.0,8.0,9.0,5.0,8.0,null,8.0,null,null,6.0,1.0,3.6000000000000000,3.2000000000000000,3.0000000000000000,3.4000000000000000,3.2000000000000000,3.2500000000000000,3.6000000000000000,3.5000000000000000,2.7500000000000000,3.6000000000000000,Consistency,Relator,Ideation
EMP100855,Satya Tamba,3.2500000000000000,13,V,SMA,3,5,128.0,45,28,DI,ISFP,16.0,1,null,2.0,null,1.0,9.0,3.0,7.0,3.0,null,1.0,5.0,2.0,null,8.0,6.0,null,null,3.0,5.0,2.0,3.5000000000000000,3.0000000000000000,3.0000000000000000,3.2500000000000000,3.2500000000000000,2.7500000000000000,2.7500000000000000,3.0000000000000000,2.7500000000000000,3.6666666666666667,Empathy,Arranger,Developer
EMP100856,Ahmad Pratama,3.2000000000000000,77,IV,SMA,2,6,94.0,58,55,null,ISFP,23.0,3,5.0,1.0,1.0,3.0,4.0,4.0,6.0,5.0,2.0,8.0,6.0,4.0,2.0,null,4.0,2.0,null,4.0,1.0,null,3.6000000000000000,2.5000000000000000,3.2000000000000000,3.4000000000000000,3.7500000000000000,3.2500000000000000,3.6000000000000000,3.4000000000000000,3.4000000000000000,3.2000000000000000,Context,Positivity,
EMP100857,Ayu Aji Maulida,3.0000000000000000,27,III,D3,1,4,136.0,73,44,SC,INTJ,46.0,4,9.0,2.0,4.0,4.0,1.0,4.0,2.0,7.0,null,1.0,7.0,null,4.0,6.0,2.0,6.0,4.0,6.0,9.0,8.0,1.5000000000000000,1.6000000000000000,1.6000000000000000,1.8000000000000000,1.3333333333333333,1.6000000000000000,1.6000000000000000,1.5000000000000000,2.0000000000000000,1.7500000000000000,Responsibility,Strategic,Intellection
EMP100858,Maya Fadillah Utami,3.7500000000000000,63,V,D3,3,5,135.0,77,49,ID,ENFP,32.0,9,8.0,8.0,8.0,2.0,null,6.0,9.0,3.0,9.0,8.0,1.0,1.0,4.0,1.0,2.0,9.0,6.0,7.0,5.0,2.0,3.2500000000000000,3.7500000000000000,4.0000000000000000,3.4000000000000000,3.6000000000000000,3.5000000000000000,3.3333333333333333,3.6666666666666667,2.8000000000000000,4.2500000000000000,Adaptability,Intellection,Learner
EMP100859,Vania Indrawan,3.5000000000000000,81,V,SMA,3,1,null,65,98,ID,ESTP,null,1,9.0,3.0,1.0,2.0,6.0,null,2.0,8.0,8.0,1.0,3.0,7.0,5.0,2.0,9.0,null,2.0,9.0,6.0,1.0,3.2000000000000000,3.0000000000000000,3.6000000000000000,3.6000000000000000,3.3333333333333333,3.0000000000000000,3.2500000000000000,3.6000000000000000,4.0000000000000000,3.4000000000000000,Discipline,Maximizer,Woo
EMP100860,Bella Anugrah Rohman,3.4000000000000000,67,IV,S2,2,1,135.0,56,25,DI,ENFJ,25.0,6,3.0,4.0,6.0,5.0,9.0,2.0,5.0,3.0,9.0,null,3.0,5.0,4.0,2.0,3.0,1.0,6.0,2.0,4.0,5.0,3.4000000000000000,3.6000000000000000,3.6000000000000000,3.4000000000000000,3.4000000000000000,2.6000000000000000,3.2000000000000000,3.6000000000000000,3.4000000000000000,3.2500000000000000,Learner,Individualization,Achiever
EMP100861,Yoga Putra,2.2000000000000000,44,IV,S1,2,3,92.0,32,26,SD,ISFJ,27.0,10,9.0,1.0,6.0,3.0,6.0,6.0,5.0,4.0,6.0,5.0,3.0,2.0,8.0,9.0,5.0,8.0,7.0,4.0,1.0,7.0,2.2000000000000000,2.2000000000000000,2.2000000000000000,2.4000000000000000,2.2000000000000000,2.2000000000000000,2.2000000000000000,2.4000000000000000,2.2000000000000000,2.2000000000000000,Responsibility,Communication,Developer
EMP100862,Ayu Saputra,3.0000000000000000,85,IV,SMA,2,2,106.0,21,36,SI,ISFP,35.0,2,8.0,7.0,5.0,null,2.0,1.0,6.0,null,2.0,null,1.0,9.0,8.0,1.0,2.0,7.0,3.0,4.0,5.0,9.0,3.0000000000000000,3.5000000000000000,3.2500000000000000,2.8000000000000000,3.2000000000000000,2.6666666666666667,2.8000000000000000,3.2000000000000000,3.2500000000000000,2.7500000000000000,Intellection,Positivity,Harmony
EMP100863,Zaki Lestari Rohman,3.5000000000000000,21,III,S2,1,2,89.0,22,48,IC,ISTJ,18.0,6,4.0,null,7.0,7.0,1.0,9.0,3.0,2.0,5.0,3.0,7.0,3.0,4.0,2.0,null,1.0,1.0,8.0,4.0,1.0,3.6666666666666667,3.2500000000000000,3.0000000000000000,3.5000000000000000,3.7500000000000000,3.5000000000000000,3.2500000000000000,27.0000000000000000,3.2500000000000000,3.5000000000000000,Self-Assurance,Restorative,Activator
EMP100864,Ayu Rohman,22.4000000000000000,53,III,S1,1,4,133.0,54,81,CD,ISTJ,22.0,9,1.0,6.0,8.0,9.0,5.0,8.0,5.0,3.0,7.0,1.0,1.0,8.0,1.0,4.0,2.0,8.0,9.0,2.0,7.0,null,3.2000000000000000,3.5000000000000000,3.8000000000000000,4.0000000000000000,4.0000000000000000,3.0000000000000000,3.3333333333333333,3.0000000000000000,3.0000000000000000,3.2000000000000000,Empathy,Individualization,Strategic
EMP100865,Anisa Pramudita Pamungkas,4.3333333333333333,15,III,SMA,1,6,122.0,79,66,DS,ESFJ,25.0,8,5.0,6.0,3.0,9.0,7.0,5.0,5.0,6.0,6.0,6.0,null,7.0,1.0,4.0,6.0,6.0,3.0,3.0,null,null,4.2500000000000000,4.3333333333333333,3.7500000000000000,4.2500000000000000,4.0000000000000000,4.2500000000000000,3.7500000000000000,3.6666666666666667,4.0000000000000000,3.6666666666666667,Intellection,Communication,
EMP100866,Ayunda Rachman Utami,3.0000000000000000,34,III,S2,1,4,132.0,34,90,SC,ISTP,26.0,7,9.0,8.0,9.0,2.0,3.0,4.0,2.0,5.0,4.0,8.0,9.0,8.0,null,3.0,7.0,6.0,7.0,3.0,9.0,4.0,3.2000000000000000,2.8000000000000000,3.4000000000000000,2.6666666666666667,3.0000000000000000,3.2000000000000000,2.7500000000000000,2.7500000000000000,3.2000000000000000,2.7500000000000000,Belief,Input,Focus
EMP100867,Umar Suharto,2.0000000000000000,74,V,SMA,3,3,84.0,72,70,CI,INTP,28.0,10,9.0,5.0,4.0,null,5.0,2.0,4.0,1.0,1.0,3.0,1.0,2.0,1.0,1.0,2.0,3.0,null,4.0,7.0,8.0,2.4000000000000000,2.5000000000000000,2.8000000000000000,2.2500000000000000,2.5000000000000000,2.8000000000000000,2.6000000000000000,2.8000000000000000,1.3333333333333333,2.6666666666666667,Positivity,Activator,
EMP100868,Ayunda Iqbal Situmorang,2.4000000000000000,56,III,SMA,1,2,117.0,92,88,SD,ESTP,20.0,10,2.0,2.0,2.0,3.0,3.0,8.0,2.0,1.0,2.0,3.0,4.0,3.0,4.0,5.0,6.0,8.0,null,6.0,6.0,8.0,2.0000000000000000,2.4000000000000000,2.6000000000000000,2.0000000000000000,2.4000000000000000,2.7500000000000000,2.0000000000000000,2.8000000000000000,2.0000000000000000,1.7500000000000000,Restorative,Competition,Learner
EMP100869,Budi Wibowo,3.0000000000000000,64,III,D3,1,3,130.0,93,51,SC,ESFJ,28.0,7,4.0,5.0,3.0,9.0,9.0,1.0,3.0,2.0,null,5.0,5.0,9.0,4.0,3.0,2.0,9.0,8.0,6.0,3.0,9.0,3.4000000000000000,2.8000000000000000,3.2000000000000000,3.2000000000000000,3.0000000000000000,3.2500000000000000,3.7500000000000000,3.0000000000000000,3.4000000000000000,3.7500000000000000,Connectedness,,Analytical
EMP100870,Dwi Halim Subekti,2.8000000000000000,43,IV,SMA,2,4,97.0,28,35,CD,ISTJ,25.0,2,9.0,2.0,4.0,2.0,1.0,9.0,null,1.0,3.0,8.0,null,1.0,8.0,7.0,2.0,4.0,6.0,null,null,3.0,2.4000000000000000,3.0000000000000000,2.5000000000000000,2.8000000000000000,2.4000000000000000,2.2500000000000000,3.0000000000000000,2.4000000000000000,3.0000000000000000,2.5000000000000000,Developer,Analytical,Achiever
EMP100871,Rizka Anggara,3.2500000000000000,23,III,S1,1,2,116.0,85,89,SC,ESFJ,20.0,7,9.0,1.0,2.0,1.0,6.0,6.0,7.0,8.0,null,1.0,7.0,2.0,null,6.0,9.0,4.0,1.0,4.0,1.0,3.0,2.6666666666666667,3.0000000000000000,3.5000000000000000,3.2500000000000000,3.2500000000000000,3.5000000000000000,3.0000000000000000,3.7500000000000000,3.5000000000000000,3.0000000000000000,Deliberative,Ideation,Communication
EMP100872,Citra Maulana,1.00000000000000000000,38,III,S1,1,1,101.0,42,24,ID,ENFP,32.0,8,null,9.0,3.0,null,7.0,null,4.0,4.0,3.0,7.0,8.0,1.0,null,4.0,3.0,5.0,8.0,2.0,8.0,5.0,1.8000000000000000,2.4000000000000000,2.2000000000000000,2.5000000000000000,1.00000000000000000000,2.0000000000000000,2.0000000000000000,2.2000000000000000,2.0000000000000000,2.0000000000000000,Discipline,,Focus
EMP100873,Teguh Wijaya,3.2500000000000000,14,V,SMA,3,6,null,38,26,null,ISFP,null,7,6.0,2.0,6.0,1.0,5.0,5.0,5.0,9.0,1.0,5.0,4.0,6.0,null,5.0,4.0,6.0,4.0,4.0,1.0,2.0,3.6666666666666667,3.5000000000000000,3.5000000000000000,3.0000000000000000,3.2500000000000000,4.0000000000000000,3.0000000000000000,3.2500000000000000,3.2500000000000000,3.0000000000000000,Ideation,Empathy,Achiever
EMP100874,Putri Fadillah Sinaga,2.6000000000000000,59,IV,SMA,2,6,null,54,53,CS,INFP,null,2,5.0,4.0,2.0,3.0,2.0,1.0,5.0,null,4.0,9.0,5.0,8.0,null,9.0,8.0,5.0,2.0,4.0,9.0,2.0,2.8000000000000000,3.0000000000000000,2.7500000000000000,2.5000000000000000,2.5000000000000000,3.0000000000000000,3.3333333333333333,2.6000000000000000,2.7500000000000000,2.6000000000000000,Significance,Achiever,Communication
EMP100875,Teguh Zulfikar Rahmawati,3.4000000000000000,61,III,S1,1,1,125.0,37,96,CD,ENTP,35.0,10,4.0,1.0,6.0,4.0,6.0,1.0,7.0,1.0,5.0,2.0,9.0,7.0,3.0,2.0,null,5.0,1.0,4.0,8.0,7.0,3.4000000000000000,3.4000000000000000,3.4000000000000000,3.2000000000000000,3.6000000000000000,4.0000000000000000,3.2500000000000000,2.6666666666666667,3.2500000000000000,3.4000000000000000,Woo,Harmony,Individualization
EMP100876,Nugroho Lestari,2.5000000000000000,73,V,SMA,3,5,90.0,75,27,IS,ISFP,21.0,4,3.0,2.0,null,6.0,4.0,3.0,8.0,6.0,8.0,null,4.0,9.0,6.0,6.0,2.0,6.0,1.0,4.0,3.0,2.0,2.8000000000000000,2.6000000000000000,4.3333333333333333,2.6000000000000000,2.8000000000000000,2.5000000000000000,2.8000000000000000,26.5000000000000000,2.4000000000000000,2.8000000000000000,Focus,Self-Assurance,Analytical
EMP100877,Bella Herlambang,3.5000000000000000,31,IV,D3,2,4,null,61,28,CI,INFJ,null,4,4.0,7.0,1.0,8.0,7.0,null,6.0,5.0,3.0,2.0,2.0,8.0,1.0,5.0,8.0,3.0,9.0,7.0,7.0,8.0,3.2000000000000000,3.7500000000000000,3.2000000000000000,3.2500000000000000,3.4000000000000000,3.4000000000000000,4.3333333333333333,4.0000000000000000,3.6000000000000000,3.7500000000000000,Discipline,Woo,Context
EMP100878,Citra Purnama,3.8000000000000000,26,V,SMA,3,4,83.0,60,92,CS,null,25.0,6,9.0,6.0,4.0,5.0,8.0,2.0,8.0,5.0,6.0,3.0,4.0,2.0,3.0,7.0,4.0,null,2.0,3.0,8.0,2.0,4.0000000000000000,4.2000000000000000,4.4000000000000000,3.6000000000000000,3.6000000000000000,4.3333333333333333,3.0000000000000000,3.6000000000000000,4.3333333333333333,3.0000000000000000,Deliberative,Woo,Adaptability
EMP100879,Evi Mahendra,1.7500000000000000,18,IV,SMA,2,1,116.0,38,56,SC,ENTP,17.0,9,null,8.0,8.0,6.0,5.0,7.0,4.0,2.0,5.0,4.0,2.0,1.0,1.0,2.0,2.0,4.0,8.0,5.0,1.0,9.0,1.7500000000000000,1.7500000000000000,1.7500000000000000,2.0000000000000000,1.7500000000000000,2.0000000000000000,1.00000000000000000000,2.6666666666666667,1.5000000000000000,1.7500000000000000,Individualization,Woo,
EMP100880,Zahra Siregar,3.4000000000000000,64,IV,S2,2,2,92.0,55,67,SI,null,36.0,5,6.0,6.0,5.0,3.0,2.0,9.0,1.0,2.0,4.0,5.0,6.0,5.0,2.0,3.0,7.0,8.0,7.0,2.0,5.0,8.0,3.5000000000000000,2.6666666666666667,3.2000000000000000,3.5000000000000000,3.8000000000000000,3.7500000000000000,3.8000000000000000,2.8000000000000000,2.7500000000000000,3.4000000000000000,Connectedness,Context,Developer
EMP100881,Kartika Purnama,3.5000000000000000,20,V,S1,3,5,89.0,79,71,DC,ISTP,30.0,8,8.0,8.0,1.0,1.0,null,5.0,2.0,5.0,6.0,2.0,3.0,6.0,null,6.0,3.0,3.0,4.0,8.0,2.0,3.0,3.0000000000000000,3.5000000000000000,3.7500000000000000,3.2500000000000000,3.5000000000000000,4.0000000000000000,3.6666666666666667,3.0000000000000000,3.2500000000000000,3.2500000000000000,Belief,Activator,Developer
EMP100882,Dinda Wijaya,3.2500000000000000,19,IV,S1,2,6,null,83,39,ID,ISTJ,29.0,4,6.0,6.0,7.0,7.0,5.0,4.0,4.0,6.0,8.0,5.0,3.0,7.0,9.0,2.0,3.0,6.0,4.0,null,8.0,1.0,2.7500000000000000,3.2500000000000000,3.0000000000000000,3.2500000000000000,3.5000000000000000,3.6666666666666667,3.3333333333333333,3.5000000000000000,3.2500000000000000,3.6666666666666667,Empathy,,Input
EMP100883,Dian Lestari,3.0000000000000000,83,V,S1,3,3,null,35,24,CS,ESFJ,null,9,6.0,4.0,6.0,9.0,null,9.0,1.0,9.0,2.0,null,4.0,3.0,8.0,6.0,5.0,8.0,6.0,6.0,4.0,8.0,2.4000000000000000,3.0000000000000000,3.0000000000000000,2.5000000000000000,3.5000000000000000,3.2000000000000000,3.0000000000000000,2.6000000000000000,3.2500000000000000,2.8000000000000000,Significance,Analytical,Achiever
EMP100884,Rizki Utama Kurniawan,3.7500000000000000,64,III,D3,1,4,124.0,48,76,DC,ISTJ,30.0,10,8.0,4.0,5.0,4.0,8.0,4.0,5.0,9.0,null,2.0,3.0,5.0,4.0,4.0,3.0,4.0,7.0,3.0,1.0,7.0,3.8000000000000000,4.0000000000000000,4.0000000000000000,3.0000000000000000,3.8000000000000000,4.5000000000000000,4.5000000000000000,4.2000000000000000,4.0000000000000000,3.6000000000000000,Competition,,Achiever
EMP100885,Gita Yudhistira Mahendra,3.2000000000000000,59,V,D3,3,6,100.0,100,42,CD,ENTJ,40.0,9,7.0,8.0,null,9.0,9.0,2.0,7.0,null,2.0,null,4.0,1.0,7.0,null,3.0,5.0,7.0,9.0,1.0,6.0,3.5000000000000000,2.5000000000000000,3.7500000000000000,3.6000000000000000,3.2000000000000000,4.0000000000000000,3.2000000000000000,3.4000000000000000,3.2000000000000000,3.2000000000000000,Consistency,Learner,Connectedness
EMP100886,Galih Utami,3.2000000000000000,32,V,D3,3,1,112.0,74,44,CD,INFJ,24.0,1,8.0,5.0,8.0,9.0,3.0,3.0,null,null,2.0,3.0,7.0,9.0,1.0,8.0,5.0,3.0,5.0,null,7.0,4.0,3.2000000000000000,3.7500000000000000,3.2000000000000000,3.0000000000000000,3.3333333333333333,3.2000000000000000,2.7500000000000000,3.0000000000000000,3.0000000000000000,2.5000000000000000,,,Adaptability
EMP100887,Fitri Halim Firmansyah,2.5000000000000000,61,IV,S1,2,5,null,95,78,CI,INFJ,null,5,9.0,6.0,6.0,5.0,8.0,9.0,3.0,2.0,4.0,7.0,3.0,7.0,2.0,5.0,2.0,6.0,7.0,2.0,1.0,8.0,2.6000000000000000,2.6000000000000000,2.0000000000000000,2.7500000000000000,2.6000000000000000,2.6000000000000000,2.5000000000000000,2.2500000000000000,2.2500000000000000,2.2500000000000000,Analytical,Consistency,Competition
EMP100888,Anisa Wijaya Ginting,3.2500000000000000,65,V,S2,3,5,112.0,34,62,SI,ENTJ,40.0,2,9.0,2.0,6.0,9.0,7.0,6.0,7.0,6.0,3.0,6.0,8.0,2.0,1.0,4.0,8.0,4.0,6.0,5.0,1.0,8.0,3.2000000000000000,3.2000000000000000,2.6000000000000000,2.8000000000000000,3.4000000000000000,3.6000000000000000,3.0000000000000000,3.2000000000000000,3.2000000000000000,3.6000000000000000,Ideation,Deliberative,Includer
EMP100889,Dwi Baskara Rohman,3.2500000000000000,74,III,S2,1,4,102.0,64,30,SC,ENFP,19.0,8,3.0,2.0,7.0,5.0,2.0,7.0,9.0,4.0,7.0,4.0,9.0,4.0,7.0,2.0,3.0,9.0,9.0,5.0,2.0,null,3.2000000000000000,2.7500000000000000,27.7500000000000000,3.0000000000000000,2.7500000000000000,2.8000000000000000,2.8000000000000000,3.4000000000000000,3.0000000000000000,3.5000000000000000,Empathy,Maximizer,Individualization
EMP100890,Valdo Anggara,3.2500000000000000,0,IV,S2,2,2,126.0,31,24,DI,ISFJ,25.0,2,6.0,6.0,6.0,3.0,2.0,2.0,7.0,null,8.0,3.0,9.0,9.0,6.0,1.0,1.0,9.0,1.0,3.0,1.0,5.0,3.5000000000000000,3.0000000000000000,2.6666666666666667,3.3333333333333333,3.2500000000000000,3.0000000000000000,3.0000000000000000,3.7500000000000000,3.0000000000000000,3.5000000000000000,Achiever,Includer,Restorative
EMP100891,Rendra Maulida,3.5000000000000000,80,IV,D3,2,1,94.0,77,34,CI,ESTP,29.0,1,null,5.0,9.0,1.0,2.0,7.0,null,2.0,7.0,9.0,3.0,4.0,null,7.0,9.0,9.0,9.0,4.0,5.0,1.0,3.0000000000000000,3.4000000000000000,3.5000000000000000,3.6000000000000000,3.2500000000000000,3.4000000000000000,3.8000000000000000,3.8000000000000000,2.4000000000000000,3.7500000000000000,Significance,Input,Achiever
EMP100892,Joko Jatmiko Maulida,3.2500000000000000,18,V,D3,3,5,113.0,98,68,CS,ENTJ,26.0,5,7.0,8.0,3.0,3.0,5.0,5.0,9.0,6.0,4.0,2.0,9.0,9.0,9.0,5.0,3.0,6.0,3.0,5.0,2.0,9.0,3.5000000000000000,3.0000000000000000,3.0000000000000000,2.5000000000000000,2.6666666666666667,3.2500000000000000,4.0000000000000000,3.0000000000000000,3.7500000000000000,3.7500000000000000,Harmony,Input,Learner
EMP100893,Nabila Maulida,3.0000000000000000,63,III,S1,1,4,null,91,79,IS,ESFP,27.0,4,7.0,6.0,2.0,9.0,7.0,null,null,2.0,6.0,8.0,9.0,3.0,7.0,8.0,null,6.0,2.0,9.0,2.0,9.0,3.0000000000000000,3.6000000000000000,3.2000000000000000,3.2000000000000000,3.0000000000000000,3.4000000000000000,2.8000000000000000,2.7500000000000000,3.0000000000000000,2.6000000000000000,Intellection,Includer,Maximizer
EMP100894,Arif Aji Utami,3.2500000000000000,3,IV,SMA,2,2,137.0,44,37,CS,ENTP,22.0,7,4.0,6.0,2.0,8.0,6.0,8.0,6.0,6.0,8.0,7.0,3.0,3.0,9.0,null,7.0,2.0,6.0,8.0,4.0,9.0,3.0000000000000000,3.0000000000000000,2.6666666666666667,3.2500000000000000,3.2500000000000000,3.0000000000000000,3.2500000000000000,3.6666666666666667,3.2500000000000000,3.0000000000000000,Intellection,Belief,Deliberative
EMP100895,Wahyu Tri Subekti,3.2000000000000000,43,IV,S2,2,4,84.0,62,76,DC,INFP,29.0,3,1.0,4.0,5.0,4.0,5.0,7.0,8.0,1.0,7.0,2.0,9.0,null,null,8.0,1.0,6.0,8.0,3.0,8.0,3.0,2.6000000000000000,3.2000000000000000,3.4000000000000000,3.0000000000000000,3.2000000000000000,3.0000000000000000,3.6000000000000000,2.7500000000000000,2.8000000000000000,3.0000000000000000,Consistency,Communication,Empathy
EMP100896,Rizka Setiawan,2.5000000000000000,51,V,S1,3,2,82.0,38,79,CD,ENTP,24.0,8,9.0,1.0,5.0,6.0,3.0,8.0,4.0,null,4.0,6.0,5.0,5.0,8.0,4.0,7.0,8.0,5.0,3.0,6.0,9.0,3.2500000000000000,2.7500000000000000,3.6000000000000000,2.5000000000000000,2.7500000000000000,2.7500000000000000,3.0000000000000000,2.6000000000000000,2.7500000000000000,2.2500000000000000,Self-Assurance,,Connectedness
EMP100897,Galih Saputra Siregar,2.6000000000000000,38,V,S2,3,5,98.0,20,76,CS,null,26.0,3,6.0,3.0,6.0,9.0,1.0,7.0,4.0,7.0,4.0,4.0,9.0,4.0,8.0,4.0,7.0,8.0,9.0,4.0,2.0,3.0,2.6000000000000000,4.0000000000000000,3.2500000000000000,3.0000000000000000,2.7500000000000000,2.4000000000000000,2.6000000000000000,2.6000000000000000,2.2500000000000000,2.6666666666666667,Positivity,Achiever,Belief
EMP100898,Dewi Permadi,2.7500000000000000,66,V,SMA,3,1,103.0,100,57,DC,ENFJ,31.0,3,8.0,1.0,6.0,6.0,8.0,8.0,null,5.0,2.0,9.0,null,3.0,2.0,1.0,2.0,9.0,2.0,2.0,6.0,1.0,3.0000000000000000,3.0000000000000000,2.6000000000000000,2.6666666666666667,2.8000000000000000,2.6000000000000000,3.0000000000000000,2.8000000000000000,2.6000000000000000,2.8000000000000000,Arranger,Relator,Futuristic
EMP100899,Vania Handayani,3.4000000000000000,56,IV,D3,2,4,112.0,90,27,DC,ISTP,35.0,4,2.0,1.0,2.0,null,6.0,4.0,2.0,null,5.0,4.0,2.0,null,8.0,9.0,6.0,3.0,8.0,6.0,8.0,4.0,3.6000000000000000,3.4000000000000000,3.6000000000000000,3.4000000000000000,3.2000000000000000,3.4000000000000000,3.0000000000000000,3.2000000000000000,3.0000000000000000,3.6000000000000000,Arranger,Learner,Positivity
EMP100900,Prasetyo Hartanto,3.0000000000000000,31,IV,SMA,2,5,91.0,84,48,CS,ISFP,30.0,6,6.0,2.0,9.0,3.0,5.0,2.0,9.0,8.0,5.0,4.0,null,1.0,3.0,9.0,3.0,2.0,9.0,7.0,7.0,9.0,3.6000000000000000,3.0000000000000000,3.4000000000000000,3.0000000000000000,2.8000000000000000,2.7500000000000000,3.6000000000000000,3.2000000000000000,3.0000000000000000,3.0000000000000000,Restorative,Relator,Deliberative
EMP100901,Valdo Siregar,3.5000000000000000,50,V,S1,3,3,83.0,50,85,ID,ENTJ,26.0,4,8.0,6.0,7.0,6.0,6.0,null,3.0,3.0,6.0,1.0,7.0,5.0,8.0,9.0,2.0,null,3.0,2.0,null,7.0,3.4000000000000000,3.6000000000000000,3.0000000000000000,2.5000000000000000,3.2000000000000000,3.8000000000000000,3.4000000000000000,3.4000000000000000,3.8000000000000000,3.2000000000000000,,Communication,Woo
EMP100902,Eko Iqbal Mahendra,2.8000000000000000,29,V,SMA,3,6,129.0,34,61,IC,ENTP,25.0,10,6.0,5.0,4.0,5.0,1.0,7.0,8.0,7.0,6.0,7.0,8.0,9.0,3.0,5.0,5.0,null,7.0,5.0,null,1.0,2.6000000000000000,2.8000000000000000,2.7500000000000000,2.5000000000000000,3.0000000000000000,3.0000000000000000,3.0000000000000000,2.4000000000000000,3.0000000000000000,2.6000000000000000,Belief,Harmony,Futuristic
EMP100903,Budi Ridwan,2.2500000000000000,56,III,SMA,1,1,115.0,91,88,DC,INTP,32.0,5,7.0,8.0,null,3.0,2.0,9.0,8.0,5.0,7.0,null,6.0,9.0,8.0,6.0,3.0,null,8.0,6.0,5.0,1.0,2.5000000000000000,3.0000000000000000,2.4000000000000000,3.0000000000000000,3.0000000000000000,2.8000000000000000,2.8000000000000000,2.8000000000000000,2.4000000000000000,2.6000000000000000,Consistency,Maximizer,
EMP100904,Julia Zulfikar,2.0000000000000000,19,V,S1,3,3,126.0,75,28,IS,INFP,30.0,6,3.0,2.0,4.0,6.0,4.0,3.0,1.0,6.0,8.0,1.0,5.0,1.0,1.0,9.0,2.0,6.0,4.0,4.0,2.0,2.0,1.6666666666666667,2.3333333333333333,2.0000000000000000,2.3333333333333333,2.2500000000000000,1.7500000000000000,2.2500000000000000,2.7500000000000000,2.5000000000000000,1.5000000000000000,Responsibility,Empathy,Includer
EMP100905,Hadi Yudhistira Subekti,3.6000000000000000,49,IV,D3,2,2,125.0,43,32,SD,ISTP,40.0,5,7.0,null,8.0,8.0,9.0,8.0,4.0,1.0,2.0,3.0,null,8.0,2.0,7.0,5.0,5.0,1.0,7.0,7.0,5.0,3.8000000000000000,3.2000000000000000,3.5000000000000000,3.8000000000000000,3.8000000000000000,3.4000000000000000,3.2000000000000000,3.6000000000000000,3.6000000000000000,2.3333333333333333,Significance,Activator,Individualization
EMP100906,Oka Salsabila,3.3333333333333333,43,V,SMA,3,2,null,89,91,ID,ESFP,null,4,2.0,4.0,null,8.0,5.0,5.0,null,1.0,6.0,7.0,5.0,8.0,4.0,9.0,6.0,1.0,4.0,5.0,null,3.0,2.8000000000000000,3.0000000000000000,3.4000000000000000,3.2500000000000000,3.0000000000000000,2.5000000000000000,3.4000000000000000,3.0000000000000000,3.2000000000000000,3.2000000000000000,,Restorative,
EMP100907,Yuni Aji Wijaya,3.4000000000000000,26,III,S1,1,6,null,64,69,DC,ESFJ,null,2,5.0,3.0,9.0,1.0,4.0,5.0,2.0,3.0,8.0,4.0,5.0,7.0,9.0,8.0,9.0,7.0,1.0,7.0,4.0,1.0,3.4000000000000000,3.2500000000000000,3.0000000000000000,3.2500000000000000,3.4000000000000000,3.6000000000000000,3.7500000000000000,3.6000000000000000,3.4000000000000000,4.0000000000000000,Consistency,,Self-Assurance
EMP100908,Ahmad Utama Mahendra,3.0000000000000000,42,III,D3,1,2,null,54,45,null,ESTJ,null,6,6.0,8.0,7.0,4.0,4.0,2.0,9.0,8.0,8.0,9.0,2.0,6.0,2.0,1.0,7.0,4.0,1.0,6.0,7.0,6.0,2.5000000000000000,3.2500000000000000,2.7500000000000000,3.2000000000000000,3.4000000000000000,3.0000000000000000,2.7500000000000000,3.0000000000000000,3.2500000000000000,2.7500000000000000,Maximizer,Woo,Ideation
EMP100909,Valdo Wijaya Syahputra,3.0000000000000000,54,V,S1,3,4,null,35,55,CD,null,null,6,8.0,4.0,5.0,6.0,8.0,3.0,null,1.0,1.0,6.0,7.0,7.0,7.0,1.0,4.0,2.0,2.0,9.0,7.0,8.0,3.8000000000000000,3.2000000000000000,3.2000000000000000,3.4000000000000000,3.0000000000000000,4.0000000000000000,3.2000000000000000,3.6000000000000000,3.0000000000000000,3.4000000000000000,Analytical,,Self-Assurance
EMP100910,Hadi Iqbal Pratama,3.4000000000000000,66,V,S2,3,4,111.0,45,84,CI,INTP,39.0,3,null,9.0,7.0,9.0,8.0,1.0,1.0,7.0,6.0,2.0,3.0,5.0,3.0,7.0,3.0,2.0,9.0,3.0,6.0,9.0,3.2000000000000000,3.4000000000000000,4.0000000000000000,3.2000000000000000,3.4000000000000000,3.4000000000000000,3.4000000000000000,3.4000000000000000,3.4000000000000000,2.6666666666666667,Context,Learner,Responsibility
EMP100911,Prasetyo Halim Syahputra,2.7500000000000000,11,IV,SMA,2,3,87.0,67,40,CI,ENTJ,28.0,5,8.0,6.0,5.0,8.0,8.0,4.0,4.0,5.0,1.0,1.0,2.0,2.0,6.0,2.0,2.0,5.0,4.0,9.0,8.0,7.0,2.7500000000000000,2.0000000000000000,2.7500000000000000,3.0000000000000000,2.7500000000000000,3.2500000000000000,2.5000000000000000,3.0000000000000000,3.0000000000000000,2.5000000000000000,Activator,Individualization,Empathy
EMP100912,Mahendra Tamba,3.4000000000000000,37,IV,D3,2,2,101.0,96,62,CS,null,23.0,4,1.0,1.0,7.0,3.0,8.0,2.0,9.0,1.0,6.0,6.0,null,6.0,9.0,4.0,1.0,6.0,5.0,1.0,8.0,2.0,3.8000000000000000,3.4000000000000000,3.5000000000000000,27.5000000000000000,4.0000000000000000,3.2500000000000000,3.4000000000000000,3.5000000000000000,3.6000000000000000,3.6000000000000000,Empathy,Individualization,
EMP100913,Wahyu Ginting,3.0000000000000000,28,III,SMA,1,4,null,63,68,ID,null,29.0,1,2.0,1.0,6.0,1.0,8.0,3.0,9.0,9.0,3.0,7.0,7.0,1.0,null,2.0,4.0,7.0,2.0,4.0,9.0,3.0,2.8000000000000000,3.0000000000000000,3.0000000000000000,3.2000000000000000,22.4000000000000000,3.0000000000000000,2.7500000000000000,2.8000000000000000,3.3333333333333333,3.0000000000000000,Positivity,Individualization,
EMP100914,Fitri Firmansyah,2.7500000000000000,47,V,S1,3,4,115.0,95,38,CI,ESFJ,30.0,1,7.0,4.0,2.0,4.0,9.0,7.0,7.0,3.0,null,1.0,2.0,1.0,7.0,1.0,7.0,null,8.0,3.0,5.0,9.0,2.8000000000000000,2.8000000000000000,2.8000000000000000,3.5000000000000000,3.0000000000000000,2.6666666666666667,3.0000000000000000,2.8000000000000000,2.4000000000000000,2.5000000000000000,Woo,Competition,Developer
EMP100915,Fajar Setiawan,2.8000000000000000,46,V,D3,3,4,null,53,92,DC,ESFP,26.0,5,7.0,4.0,2.0,1.0,null,4.0,7.0,4.0,3.0,2.0,3.0,null,3.0,6.0,2.0,5.0,4.0,7.0,1.0,7.0,3.0000000000000000,2.7500000000000000,3.0000000000000000,3.0000000000000000,3.2500000000000000,2.8000000000000000,3.8000000000000000,2.5000000000000000,2.6000000000000000,2.6000000000000000,Deliberative,,Developer
EMP100916,Utami Ginting,2.6000000000000000,56,V,D3,3,4,95.0,70,65,DI,INFJ,29.0,6,1.0,1.0,9.0,2.0,3.0,7.0,5.0,3.0,3.0,6.0,4.0,6.0,3.0,5.0,3.0,9.0,9.0,4.0,6.0,5.0,2.2000000000000000,2.2000000000000000,2.8000000000000000,2.6000000000000000,2.2500000000000000,2.6000000000000000,2.5000000000000000,2.6000000000000000,2.5000000000000000,2.8000000000000000,Developer,Includer,Maximizer
EMP100917,Arif Santoso,2.6000000000000000,49,IV,D3,2,2,85.0,72,27,DS,ESTJ,25.0,3,9.0,2.0,4.0,6.0,6.0,9.0,3.0,2.0,4.0,null,6.0,7.0,9.0,3.0,7.0,2.0,3.0,2.0,7.0,2.0,2.6000000000000000,2.2500000000000000,2.6000000000000000,2.3333333333333333,3.0000000000000000,2.5000000000000000,2.6000000000000000,2.0000000000000000,2.2000000000000000,2.8000000000000000,Developer,Woo,Arranger
EMP100918,Yuni Lestari,3.7500000000000000,72,V,S2,3,4,137.0,94,53,IS,ESTJ,28.0,5,1.0,2.0,4.0,4.0,5.0,2.0,6.0,2.0,4.0,5.0,7.0,6.0,6.0,6.0,7.0,7.0,null,2.0,2.0,4.0,4.2500000000000000,4.0000000000000000,4.0000000000000000,3.6000000000000000,4.0000000000000000,3.2000000000000000,3.5000000000000000,3.6000000000000000,4.0000000000000000,3.8000000000000000,Analytical,Focus,Activator
EMP100919,Vania Kusuma,3.0000000000000000,65,V,S2,3,1,140.0,69,89,ID,ENFJ,26.0,5,2.0,null,3.0,4.0,6.0,7.0,1.0,8.0,6.0,8.0,3.0,3.0,5.0,8.0,4.0,9.0,null,6.0,3.0,5.0,2.8000000000000000,3.5000000000000000,2.8000000000000000,2.6666666666666667,3.5000000000000000,3.2000000000000000,3.7500000000000000,2.8000000000000000,2.8000000000000000,2.6000000000000000,Context,Belief,Deliberative
EMP100920,Rifqi Tamba,3.0000000000000000,2,V,S2,3,2,135.0,21,70,DS,ENTJ,26.0,8,8.0,5.0,6.0,4.0,4.0,1.0,2.0,6.0,3.0,5.0,8.0,7.0,3.0,3.0,8.0,4.0,4.0,9.0,1.0,7.0,3.2500000000000000,3.0000000000000000,2.7500000000000000,2.7500000000000000,2.0000000000000000,3.5000000000000000,2.6666666666666667,3.0000000000000000,2.6666666666666667,3.5000000000000000,Futuristic,Belief,Connectedness
EMP100921,Lestari Mahendra,3.0000000000000000,15,V,S1,3,2,null,85,26,null,ISFP,null,7,1.0,6.0,8.0,6.0,9.0,9.0,3.0,8.0,3.0,1.0,3.0,7.0,6.0,null,8.0,6.0,4.0,6.0,9.0,4.0,3.0000000000000000,2.7500000000000000,2.5000000000000000,2.5000000000000000,2.7500000000000000,3.0000000000000000,3.0000000000000000,3.0000000000000000,2.2500000000000000,3.0000000000000000,Harmony,,Context
EMP100922,Hana Hasibuan,3.0000000000000000,66,IV,D3,2,5,121.0,65,66,SC,ISFP,31.0,9,3.0,1.0,1.0,5.0,4.0,7.0,6.0,7.0,7.0,null,6.0,6.0,3.0,5.0,9.0,5.0,null,6.0,6.0,4.0,3.0000000000000000,3.0000000000000000,2.7500000000000000,3.0000000000000000,2.8000000000000000,2.8000000000000000,2.6666666666666667,3.0000000000000000,3.0000000000000000,3.0000000000000000,Belief,Strategic,Futuristic
EMP100923,Arif Qolbi Fauziah,2.2500000000000000,18,III,D3,1,4,132.0,30,82,CD,ENFJ,18.0,10,5.0,3.0,4.0,7.0,8.0,1.0,2.0,8.0,6.0,8.0,4.0,4.0,1.0,8.0,7.0,4.0,4.0,3.0,8.0,8.0,3.2000000000000000,2.6666666666666667,2.2500000000000000,2.7500000000000000,2.5000000000000000,2.5000000000000000,3.0000000000000000,3.0000000000000000,3.0000000000000000,3.0000000000000000,Belief,Harmony,Discipline
EMP100924,Julia Yudhistira Lukman,3.4000000000000000,52,V,S2,3,5,101.0,66,69,CD,ENFJ,36.0,6,2.0,5.0,1.0,9.0,7.0,6.0,9.0,8.0,1.0,3.0,8.0,9.0,5.0,9.0,1.0,2.0,2.0,8.0,2.0,7.0,3.2000000000000000,3.2000000000000000,3.2000000000000000,3.4000000000000000,4.0000000000000000,4.0000000000000000,3.0000000000000000,3.2000000000000000,3.4000000000000000,3.6000000000000000,Analytical,Individualization,Communication
EMP100925,Yuni Putra,3.2500000000000000,39,V,S2,3,3,134.0,20,72,SD,ESTP,30.0,8,7.0,8.0,2.0,3.0,8.0,3.0,4.0,null,2.0,3.0,6.0,4.0,1.0,3.0,1.0,3.0,6.0,null,8.0,1.0,3.5000000000000000,3.0000000000000000,2.7500000000000000,2.8000000000000000,3.0000000000000000,3.0000000000000000,3.4000000000000000,3.0000000000000000,3.4000000000000000,3.2000000000000000,Strategic,Competition,Positivity
EMP100926,Intan Candra Rahmawati,3.6000000000000000,78,V,S2,3,5,122.0,32,73,DS,ISFP,19.0,6,9.0,6.0,7.0,2.0,1.0,9.0,8.0,7.0,3.0,1.0,8.0,2.0,1.0,5.0,5.0,7.0,2.0,3.0,1.0,1.0,3.5000000000000000,3.8000000000000000,3.8000000000000000,3.2500000000000000,3.4000000000000000,3.8000000000000000,4.0000000000000000,3.8000000000000000,3.2000000000000000,3.8000000000000000,Adaptability,Learner,
EMP100927,Maya Kusuma,3.5000000000000000,65,V,S1,3,4,139.0,86,70,null,ENFJ,38.0,9,6.0,3.0,5.0,9.0,5.0,3.0,2.0,6.0,7.0,7.0,8.0,8.0,6.0,6.0,1.0,2.0,null,2.0,3.0,2.0,4.2500000000000000,4.0000000000000000,3.4000000000000000,4.0000000000000000,3.4000000000000000,4.0000000000000000,4.0000000000000000,3.6000000000000000,4.2500000000000000,3.4000000000000000,,,
EMP100928,Zaki Yudhistira Rohman,3.0000000000000000,34,IV,D3,2,4,88.0,34,33,null,ENFP,30.0,6,4.0,8.0,9.0,8.0,9.0,1.0,6.0,4.0,8.0,5.0,2.0,5.0,5.0,1.0,9.0,3.0,2.0,null,9.0,7.0,3.0000000000000000,2.0000000000000000,3.0000000000000000,3.2000000000000000,3.0000000000000000,3.2000000000000000,3.0000000000000000,3.0000000000000000,3.0000000000000000,3.0000000000000000,Harmony,Positivity,Discipline
EMP100929,Anisa Mahardika Utami,2.8000000000000000,71,V,S2,3,2,135.0,71,71,IC,ISTJ,23.0,6,7.0,7.0,5.0,5.0,1.0,7.0,2.0,5.0,8.0,2.0,6.0,2.0,1.0,8.0,1.0,2.0,3.0,9.0,1.0,1.0,3.0000000000000000,3.0000000000000000,2.4000000000000000,3.0000000000000000,2.5000000000000000,2.6000000000000000,2.8000000000000000,2.8000000000000000,2.2000000000000000,2.6000000000000000,Analytical,Context,
EMP100930,Intan Aji Hartanto,3.2500000000000000,114,IV,D3,2,3,null,66,22,SI,ESFJ,null,2,2.0,3.0,8.0,2.0,3.0,4.0,1.0,3.0,1.0,5.0,8.0,4.0,9.0,2.0,4.0,2.0,5.0,5.0,7.0,7.0,3.0000000000000000,4.0000000000000000,4.0000000000000000,3.2000000000000000,3.0000000000000000,3.6000000000000000,3.7500000000000000,3.4000000000000000,3.8000000000000000,3.4000000000000000,,Harmony,Restorative
EMP100931,Rani Wijaya,3.0000000000000000,39,V,D3,3,2,null,33,29,SC,ISFJ,null,7,7.0,4.0,3.0,7.0,null,8.0,5.0,9.0,5.0,4.0,9.0,7.0,8.0,4.0,7.0,6.0,5.0,6.0,2.0,9.0,3.2500000000000000,3.2000000000000000,3.0000000000000000,3.2500000000000000,2.3333333333333333,3.0000000000000000,3.4000000000000000,3.0000000000000000,3.4000000000000000,2.6000000000000000,Developer,Includer,Positivity
EMP100932,Ahmad Kurniawan,3.6000000000000000,95,IV,SMA,2,3,null,41,72,CD,INFP,19.0,3,1.0,1.0,6.0,3.0,8.0,5.0,null,8.0,9.0,6.0,8.0,2.0,5.0,2.0,6.0,9.0,9.0,3.0,6.0,8.0,4.2000000000000000,3.4000000000000000,3.4000000000000000,3.8000000000000000,3.6000000000000000,4.2000000000000000,3.6000000000000000,3.4000000000000000,3.2000000000000000,3.4000000000000000,Command,Developer,Consistency
EMP100933,Ahmad Anggara,2.7500000000000000,22,V,S2,3,3,101.0,100,22,CI,ESTP,28.0,3,null,5.0,5.0,3.0,7.0,1.0,7.0,7.0,6.0,5.0,3.0,8.0,3.0,3.0,2.0,6.0,1.0,1.0,7.0,null,2.2500000000000000,2.5000000000000000,2.2500000000000000,3.0000000000000000,2.0000000000000000,2.7500000000000000,2.2500000000000000,2.5000000000000000,2.5000000000000000,3.0000000000000000,Developer,Discipline,Connectedness
EMP100934,Rifqi Salsabila,3.2000000000000000,68,IV,D3,2,4,null,33,39,SI,ISFJ,null,10,9.0,9.0,4.0,6.0,5.0,6.0,1.0,2.0,1.0,9.0,3.0,1.0,3.0,1.0,4.0,4.0,4.0,7.0,1.0,7.0,3.2000000000000000,2.7500000000000000,3.0000000000000000,3.2000000000000000,3.0000000000000000,3.5000000000000000,3.2000000000000000,3.0000000000000000,4.0000000000000000,3.0000000000000000,,Analytical,Empathy
EMP100935,Evi Erlangga Herlambang,3.4000000000000000,43,III,SMA,1,5,140.0,62,94,CD,null,31.0,8,5.0,8.0,8.0,8.0,4.0,3.0,7.0,7.0,8.0,6.0,2.0,1.0,1.0,1.0,9.0,6.0,7.0,null,7.0,null,3.0000000000000000,4.2500000000000000,3.8000000000000000,3.4000000000000000,2.8000000000000000,3.2000000000000000,3.0000000000000000,3.0000000000000000,3.2000000000000000,3.5000000000000000,Discipline,Communication,Maximizer
EMP100936,Sari Wijaya,2.2500000000000000,16,V,S2,3,6,null,92,55,DI,ENFJ,null,2,8.0,3.0,1.0,6.0,1.0,2.0,null,3.0,5.0,8.0,null,8.0,9.0,5.0,6.0,9.0,6.0,2.0,2.0,null,3.0000000000000000,2.0000000000000000,2.3333333333333333,2.7500000000000000,2.0000000000000000,2.5000000000000000,2.5000000000000000,2.2500000000000000,2.2500000000000000,2.0000000000000000,Responsibility,Includer,Developer
EMP100937,Joko Mahardika Ananda,2.7500000000000000,54,V,S2,3,6,null,77,87,SI,ENFJ,null,2,8.0,3.0,5.0,7.0,5.0,2.0,8.0,null,5.0,4.0,1.0,7.0,5.0,7.0,3.0,1.0,2.0,9.0,9.0,4.0,3.2500000000000000,2.8000000000000000,2.3333333333333333,3.0000000000000000,2.8000000000000000,3.2500000000000000,3.0000000000000000,3.2000000000000000,3.2500000000000000,2.8000000000000000,Responsibility,Context,
EMP100938,Anisa Hasibuan,3.2500000000000000,36,V,S2,3,3,null,62,64,CI,ENFJ,27.0,7,4.0,1.0,8.0,7.0,5.0,4.0,2.0,1.0,4.0,1.0,9.0,2.0,2.0,9.0,5.0,6.0,3.0,6.0,3.0,null,3.2500000000000000,3.2500000000000000,3.5000000000000000,3.7500000000000000,4.2000000000000000,3.0000000000000000,3.4000000000000000,3.0000000000000000,2.8000000000000000,3.2000000000000000,Empathy,Maximizer,Restorative
EMP100939,Rizka Lukman,2.6000000000000000,48,V,D3,3,4,94.0,57,31,IS,ENFP,30.0,1,2.0,4.0,7.0,6.0,1.0,6.0,5.0,1.0,null,2.0,6.0,4.0,6.0,6.0,2.0,1.0,2.0,3.0,8.0,5.0,2.2500000000000000,2.4000000000000000,2.6666666666666667,2.6000000000000000,2.6000000000000000,2.6000000000000000,2.4000000000000000,2.4000000000000000,3.4000000000000000,21.8000000000000000,Context,Positivity,Empathy
EMP100940,Intan Mahendra,3.0000000000000000,12,V,D3,3,3,82.0,45,49,DS,ESTJ,27.0,5,6.0,9.0,9.0,5.0,null,2.0,2.0,3.0,3.0,null,9.0,null,6.0,1.0,3.0,6.0,9.0,3.0,8.0,2.0,2.7500000000000000,3.5000000000000000,3.0000000000000000,2.7500000000000000,3.0000000000000000,3.2500000000000000,3.6666666666666667,3.3333333333333333,2.6666666666666667,2.7500000000000000,Connectedness,Consistency,
EMP100941,Joko Firmansyah,3.4000000000000000,61,V,S1,3,2,null,96,47,IC,ENTJ,null,6,3.0,5.0,6.0,8.0,5.0,3.0,null,1.0,1.0,6.0,2.0,5.0,6.0,9.0,8.0,9.0,2.0,4.0,7.0,7.0,3.6000000000000000,3.8000000000000000,3.0000000000000000,3.4000000000000000,3.6000000000000000,3.2500000000000000,3.0000000000000000,3.8000000000000000,2.2500000000000000,3.8000000000000000,Arranger,Discipline,Ideation
EMP100942,Citra Wijaya Sinaga,2.8000000000000000,34,III,D3,1,6,99.0,30,97,SC,ISFP,25.0,7,9.0,null,5.0,7.0,4.0,6.0,6.0,9.0,null,1.0,8.0,7.0,2.0,null,8.0,1.0,1.0,5.0,1.0,null,2.2000000000000000,2.4000000000000000,3.0000000000000000,2.4000000000000000,3.0000000000000000,2.0000000000000000,2.8000000000000000,2.8000000000000000,2.4000000000000000,3.0000000000000000,Ideation,Developer,Relator
EMP100943,Rama Aji Purnama,3.8000000000000000,34,V,S2,3,5,107.0,38,73,SI,ESTP,42.0,2,5.0,4.0,1.0,1.0,6.0,7.0,null,8.0,9.0,3.0,9.0,6.0,5.0,1.0,5.0,1.0,3.0,4.0,4.0,3.0,3.6000000000000000,3.7500000000000000,4.2500000000000000,3.8000000000000000,3.6000000000000000,3.8000000000000000,23.0000000000000000,3.6000000000000000,3.5000000000000000,3.2500000000000000,Responsibility,,Belief
EMP100944,Adit Utama Wijaya,3.2000000000000000,86,V,D3,3,6,126.0,86,91,CS,null,26.0,2,7.0,7.0,1.0,9.0,4.0,5.0,7.0,6.0,6.0,9.0,2.0,5.0,9.0,2.0,1.0,7.0,9.0,2.0,9.0,4.0,2.6000000000000000,3.4000000000000000,2.5000000000000000,3.4000000000000000,2.8000000000000000,3.4000000000000000,4.3333333333333333,4.0000000000000000,3.4000000000000000,3.2000000000000000,Harmony,Communication,Adaptability
EMP100945,Tania Dharma Siregar,3.2000000000000000,60,III,S2,1,4,111.0,75,23,ID,null,30.0,10,6.0,null,4.0,5.0,1.0,4.0,1.0,4.0,2.0,8.0,4.0,9.0,null,4.0,6.0,null,8.0,3.0,1.0,1.0,3.0000000000000000,3.6000000000000000,3.4000000000000000,2.8000000000000000,2.8000000000000000,3.4000000000000000,3.2000000000000000,2.3333333333333333,3.2500000000000000,3.5000000000000000,Competition,Restorative,Futuristic
EMP100946,Andi Tamba,2.4000000000000000,32,III,S1,1,4,null,64,57,IC,ISTP,null,3,4.0,9.0,1.0,9.0,3.0,5.0,8.0,9.0,null,null,9.0,2.0,5.0,6.0,null,5.0,null,3.0,4.0,null,2.8000000000000000,35.0000000000000000,2.8000000000000000,2.6000000000000000,2.4000000000000000,2.5000000000000000,2.6000000000000000,2.4000000000000000,2.0000000000000000,2.2000000000000000,Maximizer,Discipline,Futuristic
EMP100947,Maya Herlambang,3.7500000000000000,49,V,D3,3,2,89.0,67,82,DS,ENTP,33.0,9,1.0,9.0,8.0,4.0,2.0,8.0,7.0,9.0,1.0,3.0,3.0,7.0,4.0,9.0,4.0,9.0,8.0,6.0,8.0,7.0,2.5000000000000000,3.6666666666666667,3.2000000000000000,3.2500000000000000,2.7500000000000000,3.2500000000000000,3.2000000000000000,2.7500000000000000,3.0000000000000000,2.0000000000000000,Maximizer,Input,Ideation
EMP100948,Iman Permadi,3.2000000000000000,56,V,S1,3,2,null,86,39,DI,ENTJ,null,7,9.0,1.0,5.0,6.0,6.0,4.0,4.0,null,6.0,8.0,2.0,7.0,2.0,9.0,5.0,8.0,8.0,1.0,7.0,1.0,3.2000000000000000,3.6666666666666667,3.6000000000000000,3.0000000000000000,3.2000000000000000,3.6000000000000000,22.0000000000000000,3.6000000000000000,3.2000000000000000,4.0000000000000000,Restorative,Belief,
EMP100949,Joko Saputra Ramadhan,3.2500000000000000,14,III,S2,1,1,139.0,44,65,DS,ISTP,37.0,4,3.0,4.0,5.0,5.0,6.0,9.0,5.0,4.0,6.0,7.0,8.0,3.0,8.0,1.0,4.0,null,4.0,5.0,null,2.0,3.0000000000000000,3.0000000000000000,3.3333333333333333,3.2500000000000000,2.3333333333333333,3.2500000000000000,3.6666666666666667,3.0000000000000000,3.0000000000000000,3.0000000000000000,Analytical,Harmony,Significance
EMP100950,Budi Rohman,2.5000000000000000,70,IV,D3,2,4,108.0,46,57,DS,ENFP,40.0,5,4.0,9.0,4.0,null,4.0,2.0,8.0,3.0,3.0,2.0,4.0,4.0,5.0,5.0,3.0,7.0,8.0,7.0,1.0,6.0,2.2000000000000000,2.2000000000000000,2.7500000000000000,2.4000000000000000,2.2000000000000000,2.4000000000000000,1.8000000000000000,1.5000000000000000,2.4000000000000000,3.0000000000000000,Arranger,Includer,Context
EMP100951,Rama Rachman Wijaya,3.5000000000000000,20,IV,D3,2,2,140.0,87,73,IS,ISFP,26.0,8,8.0,7.0,7.0,5.0,null,4.0,2.0,6.0,7.0,8.0,6.0,4.0,1.0,7.0,4.0,8.0,8.0,2.0,5.0,6.0,3.2500000000000000,3.0000000000000000,4.0000000000000000,3.7500000000000000,3.7500000000000000,3.5000000000000000,3.0000000000000000,4.3333333333333333,3.7500000000000000,4.5000000000000000,Command,Individualization,Context
EMP100952,Yuni Lukman,3.5000000000000000,20,III,SMA,1,3,80.0,41,63,CI,ESTP,26.0,1,3.0,3.0,4.0,2.0,5.0,5.0,null,6.0,4.0,7.0,1.0,4.0,6.0,8.0,3.0,3.0,7.0,1.0,3.0,6.0,3.5000000000000000,4.2500000000000000,3.0000000000000000,4.0000000000000000,3.2500000000000000,3.3333333333333333,4.0000000000000000,4.3333333333333333,3.0000000000000000,3.6666666666666667,Focus,,Positivity
EMP100953,Hadi Anugrah Yulianto,3.5000000000000000,51,IV,D3,2,4,null,95,95,CD,INFP,43.0,3,2.0,3.0,4.0,3.0,5.0,4.0,8.0,4.0,2.0,6.0,7.0,null,8.0,8.0,5.0,1.0,8.0,9.0,8.0,6.0,3.7500000000000000,3.4000000000000000,3.0000000000000000,3.8000000000000000,3.2000000000000000,4.0000000000000000,3.6000000000000000,3.4000000000000000,3.6000000000000000,3.3333333333333333,Connectedness,Significance,Restorative
EMP100954,Ayu Yudhistira Ridwan,3.5000000000000000,3,IV,S1,2,5,90.0,45,41,SD,ESTJ,17.0,10,null,9.0,5.0,6.0,2.0,3.0,4.0,7.0,7.0,2.0,4.0,9.0,1.0,6.0,2.0,3.0,7.0,8.0,8.0,3.0,4.0000000000000000,3.5000000000000000,3.6666666666666667,3.5000000000000000,3.2500000000000000,3.5000000000000000,3.3333333333333333,3.5000000000000000,3.7500000000000000,3.0000000000000000,Maximizer,Harmony,Empathy
EMP100955,Evi Lestari Wibowo,3.0000000000000000,48,IV,S1,2,4,118.0,89,47,DS,ISFP,32.0,8,1.0,3.0,3.0,3.0,2.0,5.0,8.0,null,8.0,4.0,5.0,3.0,null,5.0,null,4.0,null,8.0,6.0,4.0,3.6000000000000000,3.6000000000000000,2.8000000000000000,3.0000000000000000,2.6000000000000000,2.2500000000000000,2.7500000000000000,2.6000000000000000,2.6000000000000000,3.0000000000000000,Relator,,Strategic
EMP100956,Anisa Suharto,3.6000000000000000,39,V,S2,3,2,120.0,22,80,IC,ISFJ,16.0,6,6.0,null,4.0,9.0,9.0,4.0,9.0,9.0,7.0,2.0,8.0,3.0,3.0,null,9.0,6.0,1.0,2.0,3.0,1.0,3.4000000000000000,3.6000000000000000,3.7500000000000000,3.6000000000000000,3.4000000000000000,3.6000000000000000,3.4000000000000000,3.5000000000000000,3.6000000000000000,3.5000000000000000,Deliberative,Individualization,Focus
EMP100957,Julia Zulfikar Saputra,3.8000000000000000,43,III,SMA,1,2,90.0,89,47,SI,INFJ,32.0,7,9.0,2.0,4.0,6.0,null,2.0,1.0,8.0,2.0,1.0,8.0,7.0,8.0,6.0,6.0,5.0,3.0,2.0,4.0,7.0,3.4000000000000000,4.2000000000000000,3.8000000000000000,3.7500000000000000,3.8000000000000000,4.4000000000000000,3.6000000000000000,3.8000000000000000,3.8000000000000000,3.6000000000000000,Futuristic,Consistency,Maximizer
EMP100958,Arif Wijaya Pamungkas,2.8000000000000000,79,IV,S1,2,1,null,55,54,CD,ISFP,null,8,null,4.0,6.0,6.0,5.0,1.0,9.0,1.0,3.0,null,9.0,3.0,1.0,4.0,7.0,null,3.0,3.0,5.0,8.0,2.8000000000000000,2.4000000000000000,2.8000000000000000,3.2000000000000000,3.0000000000000000,2.8000000000000000,3.0000000000000000,2.5000000000000000,3.0000000000000000,2.8000000000000000,Learner,Maximizer,Ideation
EMP100959,Mahendra Fadillah Ananda,3.5000000000000000,35,IV,D3,2,5,117.0,29,31,ID,ENTP,26.0,1,null,5.0,1.0,2.0,5.0,null,null,8.0,4.0,1.0,7.0,1.0,6.0,9.0,4.0,9.0,1.0,7.0,null,7.0,3.5000000000000000,3.6000000000000000,3.4000000000000000,2.7500000000000000,3.5000000000000000,3.8000000000000000,3.0000000000000000,2.7500000000000000,3.4000000000000000,22.6000000000000000,Adaptability,,
EMP100960,Bayu Nabila Maulida,4.0000000000000000,29,III,S1,1,4,107.0,23,30,IC,ISFJ,42.0,2,null,9.0,8.0,6.0,2.0,2.0,9.0,4.0,4.0,4.0,5.0,7.0,5.0,2.0,3.0,7.0,5.0,1.0,5.0,null,3.0000000000000000,3.4000000000000000,3.7500000000000000,4.0000000000000000,2.7500000000000000,3.0000000000000000,3.2000000000000000,3.0000000000000000,2.8000000000000000,3.2000000000000000,Connectedness,Deliberative,Command
EMP100961,Dinda Siregar,3.6000000000000000,29,V,D3,3,3,92.0,48,90,CS,ISTP,30.0,3,8.0,3.0,5.0,2.0,2.0,6.0,9.0,3.0,9.0,2.0,6.0,4.0,5.0,4.0,5.0,2.0,9.0,5.0,null,1.0,3.2500000000000000,3.7500000000000000,3.6000000000000000,3.4000000000000000,3.5000000000000000,3.4000000000000000,3.6000000000000000,3.5000000000000000,3.4000000000000000,3.5000000000000000,Self-Assurance,Arranger,Futuristic
EMP100962,Kartika Wibowo,3.8000000000000000,40,V,D3,3,5,135.0,79,61,null,INFJ,31.0,9,6.0,5.0,2.0,4.0,9.0,5.0,6.0,8.0,5.0,1.0,2.0,1.0,null,9.0,2.0,6.0,9.0,6.0,3.0,4.0,3.5000000000000000,3.8000000000000000,3.6000000000000000,4.0000000000000000,3.0000000000000000,4.0000000000000000,3.7500000000000000,3.5000000000000000,4.0000000000000000,3.6000000000000000,Competition,Positivity,Intellection
EMP100963,Ahmad Permadi,4.6000000000000000,56,V,S2,3,4,null,66,43,DI,ISFP,null,4,1.0,5.0,2.0,8.0,5.0,6.0,9.0,5.0,8.0,5.0,null,9.0,null,8.0,8.0,3.0,4.0,4.0,null,9.0,3.0000000000000000,3.6000000000000000,3.7500000000000000,3.2000000000000000,3.0000000000000000,3.7500000000000000,3.7500000000000000,3.4000000000000000,3.5000000000000000,3.2500000000000000,Consistency,Discipline,Relator
EMP100964,Cahyo Ginting,4.0000000000000000,62,IV,D3,2,4,null,37,68,null,INTJ,null,4,null,2.0,1.0,6.0,2.0,6.0,6.0,6.0,5.0,7.0,4.0,7.0,3.0,null,6.0,8.0,2.0,6.0,7.0,4.0,4.0000000000000000,4.2000000000000000,4.2000000000000000,3.7500000000000000,3.8000000000000000,3.0000000000000000,3.8000000000000000,4.2500000000000000,4.0000000000000000,3.7500000000000000,Harmony,Input,Intellection
EMP100965,Intan Dharma Suharto,3.0000000000000000,37,III,SMA,1,3,126.0,51,74,CS,INFP,28.0,1,3.0,5.0,3.0,3.0,1.0,6.0,8.0,2.0,4.0,8.0,2.0,8.0,null,6.0,8.0,8.0,5.0,null,1.0,2.0,2.7500000000000000,3.0000000000000000,2.6000000000000000,3.0000000000000000,3.4000000000000000,2.8000000000000000,3.0000000000000000,3.5000000000000000,2.8000000000000000,3.0000000000000000,Context,Significance,Harmony
EMP100966,Ayu Wijaya Hasibuan,3.2000000000000000,59,III,S1,1,4,140.0,21,36,ID,INFP,41.0,2,3.0,9.0,8.0,9.0,null,1.0,2.0,3.0,8.0,4.0,7.0,null,7.0,1.0,null,7.0,null,7.0,8.0,5.0,3.0000000000000000,3.4000000000000000,3.0000000000000000,3.2000000000000000,2.6666666666666667,2.5000000000000000,3.2000000000000000,3.0000000000000000,3.0000000000000000,34.3333333333333333,Responsibility,Adaptability,Includer
EMP100967,Joko Lestari,3.8000000000000000,42,III,D3,1,5,99.0,40,81,DC,INTP,38.0,5,4.0,8.0,1.0,2.0,7.0,8.0,7.0,1.0,6.0,3.0,2.0,1.0,null,8.0,5.0,8.0,7.0,1.0,4.0,9.0,3.4000000000000000,3.5000000000000000,3.2500000000000000,3.8000000000000000,3.4000000000000000,3.6000000000000000,3.6000000000000000,4.2000000000000000,4.0000000000000000,3.6666666666666667,Activator,Developer,Learner
EMP100968,Vania Yudhistira Wibowo,2.5000000000000000,30,IV,S2,2,1,124.0,60,58,IS,ENTP,32.0,2,1.0,3.0,9.0,8.0,8.0,8.0,9.0,4.0,4.0,9.0,6.0,2.0,1.0,1.0,1.0,5.0,1.0,6.0,7.0,2.0,2.3333333333333333,2.2000000000000000,2.8000000000000000,2.6000000000000000,2.2500000000000000,2.4000000000000000,2.2000000000000000,2.2000000000000000,2.0000000000000000,2.8000000000000000,Competition,Individualization,Relator
EMP100969,Nugroho Lukman,3.4000000000000000,53,IV,S1,2,5,117.0,45,41,IC,ISFJ,37.0,7,4.0,3.0,null,7.0,9.0,7.0,8.0,8.0,2.0,5.0,5.0,5.0,7.0,9.0,9.0,4.0,null,9.0,4.0,6.0,3.7500000000000000,3.0000000000000000,3.4000000000000000,3.5000000000000000,3.5000000000000000,3.2500000000000000,3.6666666666666667,3.6000000000000000,3.2000000000000000,3.0000000000000000,Deliberative,Significance,Activator
EMP100970,Zaki Candra Ramadhan,3.0000000000000000,26,IV,SMA,2,3,108.0,22,43,DC,INTJ,32.0,5,9.0,6.0,7.0,3.0,8.0,2.0,5.0,1.0,2.0,3.0,3.0,1.0,6.0,6.0,2.0,8.0,9.0,1.0,null,8.0,2.7500000000000000,3.4000000000000000,3.0000000000000000,3.0000000000000000,2.2500000000000000,3.5000000000000000,3.4000000000000000,3.2500000000000000,3.0000000000000000,3.6000000000000000,Communication,Individualization,Positivity
EMP100971,Lestari Ananda,3.2500000000000000,22,V,SMA,3,4,102.0,91,89,CI,ENFJ,38.0,2,4.0,8.0,7.0,5.0,6.0,null,5.0,4.0,1.0,1.0,1.0,4.0,4.0,5.0,3.0,null,3.0,8.0,null,9.0,3.7500000000000000,3.0000000000000000,3.2500000000000000,2.6666666666666667,2.7500000000000000,3.0000000000000000,3.2500000000000000,3.2500000000000000,4.0000000000000000,2.7500000000000000,Discipline,Restorative,Deliberative
EMP100972,Dian Lukman,4.4000000000000000,72,IV,S2,2,2,null,37,66,CS,ESFJ,null,7,4.0,3.0,4.0,1.0,5.0,3.0,6.0,6.0,4.0,7.0,null,7.0,6.0,8.0,6.0,8.0,9.0,1.0,8.0,7.0,3.0000000000000000,3.0000000000000000,3.3333333333333333,3.8000000000000000,3.2000000000000000,3.6000000000000000,3.0000000000000000,3.0000000000000000,3.8000000000000000,3.4000000000000000,Relator,,Harmony
EMP100973,Anisa Wijaya,3.4000000000000000,45,IV,D3,2,1,114.0,58,76,SD,ENTJ,28.0,9,null,2.0,null,6.0,1.0,9.0,5.0,8.0,5.0,3.0,3.0,2.0,6.0,4.0,5.0,1.0,7.0,null,1.0,null,3.2500000000000000,3.6000000000000000,3.5000000000000000,3.2000000000000000,3.6000000000000000,3.4000000000000000,3.8000000000000000,3.2000000000000000,4.0000000000000000,3.0000000000000000,Input,Relator,Harmony
EMP100974,Luthfi Lestari,3.2000000000000000,43,III,D3,1,2,null,35,22,IS,INFJ,null,6,4.0,4.0,null,8.0,6.0,5.0,3.0,8.0,null,7.0,5.0,8.0,4.0,5.0,8.0,9.0,6.0,2.0,6.0,null,3.2000000000000000,2.8000000000000000,3.2500000000000000,2.8000000000000000,3.0000000000000000,2.6000000000000000,3.6000000000000000,3.4000000000000000,2.6000000000000000,3.2000000000000000,Achiever,Command,Discipline
EMP100975,Dwi Maulida,4.2500000000000000,75,V,SMA,3,1,null,36,70,DI,ISFJ,38.0,7,9.0,6.0,6.0,6.0,3.0,3.0,8.0,null,2.0,2.0,8.0,7.0,7.0,5.0,4.0,null,3.0,4.0,8.0,4.0,3.6000000000000000,4.3333333333333333,3.8000000000000000,3.6000000000000000,4.2000000000000000,3.6000000000000000,3.4000000000000000,4.6666666666666667,3.8000000000000000,3.8000000000000000,Futuristic,Competition,Connectedness
EMP100976,Budi Suharto,3.0000000000000000,72,IV,SMA,2,3,92.0,50,99,null,ENTP,20.0,9,2.0,5.0,null,5.0,7.0,7.0,7.0,6.0,1.0,7.0,1.0,2.0,7.0,2.0,2.0,null,5.0,8.0,1.0,1.0,2.8000000000000000,2.6000000000000000,3.2500000000000000,2.5000000000000000,3.4000000000000000,2.7500000000000000,3.3333333333333333,2.6000000000000000,22.8000000000000000,3.6000000000000000,Positivity,Restorative,Analytical
EMP100977,Rifqi Syahputra,2.5000000000000000,49,V,D3,3,3,null,28,73,IC,ISTJ,null,3,4.0,3.0,2.0,2.0,1.0,7.0,9.0,7.0,6.0,6.0,4.0,5.0,null,7.0,5.0,3.0,2.0,1.0,6.0,4.0,2.4000000000000000,3.2500000000000000,3.0000000000000000,2.6000000000000000,26.5000000000000000,2.6000000000000000,2.7500000000000000,3.0000000000000000,2.8000000000000000,2.8000000000000000,Connectedness,Positivity,Input
EMP100978,Ari Aji Pratama,2.5000000000000000,8,V,S1,3,3,134.0,35,84,ID,INTJ,27.0,10,6.0,8.0,9.0,2.0,1.0,9.0,5.0,1.0,7.0,5.0,8.0,1.0,3.0,1.0,6.0,7.0,3.0,9.0,2.0,6.0,2.6666666666666667,2.5000000000000000,2.0000000000000000,2.0000000000000000,2.5000000000000000,2.5000000000000000,2.2500000000000000,2.5000000000000000,2.3333333333333333,2.5000000000000000,Consistency,Activator,Input
EMP100979,Anisa Mahardika Pradana,2.8000000000000000,87,V,SMA,3,3,111.0,27,24,SC,ENTP,25.0,8,null,4.0,9.0,8.0,5.0,2.0,9.0,4.0,1.0,4.0,2.0,2.0,3.0,6.0,7.0,6.0,6.0,3.0,8.0,9.0,2.8000000000000000,2.8000000000000000,3.0000000000000000,3.2500000000000000,2.6000000000000000,2.8000000000000000,3.2500000000000000,2.6000000000000000,2.8000000000000000,3.0000000000000000,Deliberative,Self-Assurance,Achiever
EMP100980,Evi Nabila Siregar,2.8000000000000000,39,IV,D3,2,6,124.0,65,22,SC,ENTP,30.0,2,1.0,4.0,null,8.0,7.0,null,9.0,8.0,8.0,5.0,6.0,1.0,5.0,9.0,9.0,3.0,null,3.0,null,2.0,2.2500000000000000,3.3333333333333333,2.2500000000000000,3.0000000000000000,2.8000000000000000,3.2500000000000000,2.8000000000000000,2.8000000000000000,3.2000000000000000,3.0000000000000000,Activator,Command,Empathy
EMP100981,Bayu Anugrah Sinaga,3.8000000000000000,66,III,S1,1,3,138.0,67,56,IC,ISFP,28.0,6,5.0,7.0,4.0,3.0,6.0,7.0,6.0,5.0,2.0,5.0,5.0,5.0,9.0,4.0,7.0,4.0,2.0,8.0,7.0,3.0,4.0000000000000000,3.8000000000000000,3.8000000000000000,3.5000000000000000,4.0000000000000000,3.8000000000000000,4.0000000000000000,3.5000000000000000,3.6000000000000000,3.6000000000000000,Connectedness,Input,Maximizer
EMP100982,Hana Wijaya,3.7500000000000000,15,V,D3,3,5,94.0,62,21,DC,ISTP,35.0,1,7.0,8.0,2.0,null,7.0,4.0,9.0,3.0,7.0,9.0,7.0,6.0,2.0,1.0,9.0,2.0,5.0,6.0,3.0,2.0,3.7500000000000000,4.0000000000000000,3.0000000000000000,3.7500000000000000,3.7500000000000000,3.5000000000000000,4.0000000000000000,3.6666666666666667,4.0000000000000000,3.3333333333333333,Ideation,Context,Belief
EMP100983,Iman Mahardika Utami,3.0000000000000000,67,V,D3,3,3,120.0,48,94,CD,INTP,26.0,3,9.0,8.0,5.0,8.0,6.0,7.0,null,2.0,5.0,9.0,3.0,5.0,null,8.0,6.0,4.0,5.0,6.0,9.0,3.0,2.7500000000000000,3.2000000000000000,3.4000000000000000,3.0000000000000000,3.0000000000000000,3.6000000000000000,3.0000000000000000,2.3333333333333333,3.0000000000000000,3.2000000000000000,,Includer,Arranger
EMP100984,Wulan Zulfikar Lestari,2.6000000000000000,33,III,S2,1,2,118.0,44,64,SC,ESTJ,24.0,6,2.0,8.0,6.0,3.0,5.0,9.0,6.0,7.0,4.0,9.0,7.0,2.0,7.0,1.0,9.0,null,9.0,5.0,1.0,7.0,3.4000000000000000,3.0000000000000000,2.8000000000000000,2.8000000000000000,2.8000000000000000,3.0000000000000000,3.2500000000000000,2.6000000000000000,2.7500000000000000,2.5000000000000000,Focus,Consistency,Developer
EMP100985,Sari Halim Fauziah,2.8000000000000000,27,III,SMA,1,3,89.0,36,81,SI,ISFJ,29.0,6,6.0,7.0,8.0,1.0,7.0,3.0,1.0,null,5.0,6.0,null,5.0,8.0,6.0,6.0,8.0,7.0,1.0,1.0,5.0,2.4000000000000000,2.8000000000000000,2.0000000000000000,2.8000000000000000,3.0000000000000000,2.5000000000000000,2.8000000000000000,2.8000000000000000,3.0000000000000000,2.8000000000000000,Belief,Consistency,Activator
EMP100986,Novi Tamba,3.8000000000000000,65,V,S2,3,3,101.0,59,70,DI,ESTJ,16.0,9,null,6.0,4.0,2.0,5.0,7.0,5.0,7.0,9.0,6.0,7.0,3.0,2.0,9.0,8.0,9.0,1.0,9.0,7.0,null,3.0000000000000000,3.0000000000000000,2.8000000000000000,2.2500000000000000,3.2000000000000000,2.2500000000000000,2.5000000000000000,21.4000000000000000,2.6000000000000000,2.6000000000000000,Adaptability,Developer,Harmony
EMP100987,Prasetyo Purnama,3.6000000000000000,44,V,S1,3,1,null,39,26,ID,ENFJ,null,2,null,7.0,1.0,1.0,null,null,2.0,1.0,6.0,8.0,7.0,6.0,5.0,3.0,3.0,9.0,7.0,null,6.0,3.0,3.0000000000000000,3.7500000000000000,3.8000000000000000,3.5000000000000000,3.4000000000000000,4.2000000000000000,3.4000000000000000,3.4000000000000000,3.4000000000000000,3.8000000000000000,,Maximizer,Woo
EMP100988,Prasetyo Zulfikar,3.2000000000000000,40,IV,S2,2,2,116.0,47,23,DS,ESTP,18.0,6,7.0,5.0,1.0,5.0,3.0,9.0,8.0,2.0,1.0,4.0,2.0,2.0,3.0,7.0,6.0,null,9.0,2.0,2.0,4.0,3.2000000000000000,2.2500000000000000,2.8000000000000000,3.4000000000000000,2.8000000000000000,3.0000000000000000,2.5000000000000000,3.4000000000000000,3.0000000000000000,4.0000000000000000,Achiever,Competition,Deliberative
EMP100989,Hadi Yudhistira Siregar,3.0000000000000000,38,III,S2,1,5,109.0,92,35,CS,INFP,22.0,5,7.0,7.0,9.0,1.0,null,1.0,1.0,null,5.0,8.0,7.0,6.0,7.0,5.0,2.0,6.0,1.0,5.0,null,6.0,3.6000000000000000,3.5000000000000000,3.4000000000000000,2.7500000000000000,3.5000000000000000,3.5000000000000000,3.0000000000000000,3.6000000000000000,3.4000000000000000,3.0000000000000000,Belief,,Futuristic
EMP100990,Oka Ananda,3.6000000000000000,59,III,D3,1,6,null,40,32,DI,ESTJ,null,3,1.0,2.0,6.0,6.0,1.0,7.0,1.0,3.0,3.0,4.0,9.0,4.0,2.0,3.0,9.0,7.0,9.0,2.0,4.0,4.0,2.7500000000000000,2.4000000000000000,2.6000000000000000,2.0000000000000000,3.0000000000000000,3.0000000000000000,2.6000000000000000,2.4000000000000000,2.4000000000000000,2.4000000000000000,Futuristic,Achiever,Strategic
EMP100991,Lestari Lukman,3.4000000000000000,35,III,D3,1,6,null,64,41,CI,INFJ,null,9,3.0,null,8.0,null,8.0,4.0,6.0,5.0,3.0,3.0,4.0,8.0,null,null,4.0,3.0,1.0,2.0,null,8.0,3.4000000000000000,3.6666666666666667,3.0000000000000000,3.0000000000000000,3.0000000000000000,3.2000000000000000,3.2000000000000000,3.6000000000000000,3.6000000000000000,3.6000000000000000,Includer,Responsibility,Context
EMP100992,Kurnia Tamba,3.0000000000000000,50,III,D3,1,2,null,22,29,null,ISTJ,31.0,10,6.0,1.0,7.0,null,8.0,9.0,5.0,5.0,5.0,4.0,7.0,2.0,2.0,8.0,6.0,6.0,1.0,9.0,3.0,5.0,3.2000000000000000,3.2000000000000000,2.7500000000000000,3.7500000000000000,3.2000000000000000,2.7500000000000000,2.6000000000000000,2.0000000000000000,3.2500000000000000,3.6000000000000000,Self-Assurance,Belief,Communication
EMP100993,Wulan Purnama,3.3333333333333333,36,V,S2,3,2,127.0,40,97,DI,INFJ,26.0,2,1.0,5.0,9.0,null,9.0,2.0,2.0,4.0,3.0,8.0,3.0,5.0,9.0,2.0,9.0,6.0,3.0,5.0,7.0,3.0,22.8000000000000000,4.0000000000000000,3.6000000000000000,4.0000000000000000,4.0000000000000000,3.4000000000000000,3.6000000000000000,3.8000000000000000,3.8000000000000000,3.0000000000000000,Significance,Competition,Includer
EMP100994,Rizka Kusuma Rahmawati,3.8000000000000000,80,IV,S2,2,4,136.0,62,75,SC,INTJ,34.0,8,5.0,4.0,6.0,5.0,9.0,8.0,2.0,4.0,8.0,6.0,5.0,7.0,9.0,5.0,9.0,4.0,6.0,7.0,9.0,null,3.4000000000000000,3.2000000000000000,3.4000000000000000,3.4000000000000000,4.0000000000000000,3.8000000000000000,3.8000000000000000,4.2000000000000000,4.0000000000000000,3.5000000000000000,,Discipline,Context
EMP100995,Anisa Ramadhan,3.5000000000000000,90,V,S2,3,2,117.0,35,52,SD,ESTJ,30.0,7,7.0,1.0,3.0,7.0,8.0,1.0,5.0,7.0,7.0,null,4.0,8.0,6.0,1.0,3.0,8.0,5.0,null,3.0,3.0,3.6000000000000000,3.4000000000000000,3.0000000000000000,3.2000000000000000,3.6000000000000000,3.7500000000000000,3.4000000000000000,3.4000000000000000,3.6000000000000000,3.7500000000000000,Achiever,Empathy,
EMP100996,Anisa Saputra,2.8000000000000000,56,IV,D3,2,1,106.0,98,84,SD,ESTJ,43.0,8,7.0,2.0,5.0,1.0,5.0,8.0,8.0,9.0,9.0,2.0,9.0,4.0,5.0,1.0,2.0,2.0,5.0,7.0,2.0,6.0,3.2000000000000000,2.8000000000000000,2.8000000000000000,2.6000000000000000,3.4000000000000000,3.0000000000000000,3.2000000000000000,3.6000000000000000,2.8000000000000000,3.0000000000000000,Intellection,Analytical,Command
EMP100997,Dwi Setiawan,3.2000000000000000,88,III,D3,1,6,105.0,85,28,IC,ISTP,27.0,8,7.0,5.0,6.0,7.0,6.0,7.0,8.0,1.0,9.0,7.0,2.0,9.0,8.0,2.0,6.0,2.0,5.0,5.0,5.0,7.0,3.0000000000000000,3.5000000000000000,3.0000000000000000,3.5000000000000000,2.8000000000000000,3.4000000000000000,3.6000000000000000,3.7500000000000000,3.0000000000000000,1.3333333333333333,Intellection,Restorative,Communication
EMP100998,Citra Pratama,3.2000000000000000,60,IV,SMA,2,1,102.0,43,73,null,ISFJ,31.0,5,5.0,8.0,8.0,8.0,6.0,7.0,5.0,null,null,4.0,2.0,5.0,5.0,2.0,7.0,6.0,9.0,8.0,null,3.0,3.4000000000000000,3.2000000000000000,3.0000000000000000,3.0000000000000000,3.6000000000000000,3.0000000000000000,3.0000000000000000,2.8000000000000000,4.0000000000000000,2.8000000000000000,Activator,Communication,Analytical
EMP100999,Rani Pratama,3.2500000000000000,7,III,S2,1,5,136.0,45,35,CS,null,23.0,2,2.0,2.0,null,3.0,4.0,6.0,5.0,4.0,7.0,9.0,6.0,4.0,7.0,2.0,null,6.0,4.0,4.0,3.0,2.0,3.0000000000000000,3.0000000000000000,3.5000000000000000,3.5000000000000000,3.0000000000000000,27.5000000000000000,2.6666666666666667,3.5000000000000000,3.7500000000000000,3.2500000000000000,Empathy,Consistency,Activator
EMP101000,Eko Maulida,3.7500000000000000,27,IV,S1,2,3,116.0,80,59,ID,ESFP,34.0,9,null,3.0,7.0,1.0,4.0,5.0,7.0,null,7.0,3.0,9.0,9.0,5.0,null,7.0,8.0,null,1.0,null,5.0,3.6000000000000000,3.5000000000000000,3.5000000000000000,3.5000000000000000,3.7500000000000000,3.6000000000000000,3.8000000000000000,3.6000000000000000,3.4000000000000000,3.8000000000000000,Achiever,Competition,Woo
EMP101001,Maya Siregar,2.8000000000000000,42,IV,SMA,2,2,119.0,54,49,SC,INFJ,17.0,10,8.0,2.0,2.0,9.0,2.0,9.0,1.0,9.0,5.0,7.0,8.0,7.0,4.0,4.0,2.0,6.0,2.0,5.0,1.0,6.0,2.2500000000000000,2.2500000000000000,2.8000000000000000,3.5000000000000000,2.5000000000000000,3.2500000000000000,1.7500000000000000,2.6000000000000000,2.8000000000000000,3.0000000000000000,Self-Assurance,Restorative,Activator
EMP101002,Hadi Pratama,2.6000000000000000,72,III,SMA,1,2,85.0,26,74,CS,null,24.0,9,9.0,7.0,7.0,5.0,8.0,9.0,6.0,4.0,2.0,1.0,2.0,8.0,2.0,null,8.0,5.0,5.0,3.0,3.0,5.0,3.2000000000000000,3.0000000000000000,2.7500000000000000,2.5000000000000000,2.3333333333333333,2.4000000000000000,3.2500000000000000,2.0000000000000000,2.4000000000000000,3.0000000000000000,Context,Input,Discipline
EMP101003,Bella Utama Zulfikar,3.6000000000000000,55,III,S1,1,5,100.0,90,74,null,ISFP,29.0,6,2.0,6.0,5.0,7.0,7.0,3.0,3.0,4.0,3.0,1.0,4.0,9.0,2.0,5.0,8.0,9.0,null,8.0,6.0,7.0,3.8000000000000000,3.4000000000000000,4.0000000000000000,3.6666666666666667,3.2000000000000000,4.0000000000000000,3.6000000000000000,3.2500000000000000,3.4000000000000000,3.4000000000000000,Consistency,Intellection,Futuristic
EMP101004,Kurnia Ananda,3.4000000000000000,76,IV,SMA,2,4,83.0,34,28,SC,ISFP,32.0,9,9.0,9.0,1.0,4.0,9.0,1.0,9.0,1.0,4.0,1.0,7.0,3.0,1.0,9.0,3.0,6.0,1.0,4.0,7.0,3.0,3.6000000000000000,3.4000000000000000,3.7500000000000000,3.0000000000000000,4.0000000000000000,3.6000000000000000,2.7500000000000000,3.6000000000000000,3.0000000000000000,3.0000000000000000,Arranger,Activator,Analytical
EMP101005,Eko Ganesha Kurniawan,2.6000000000000000,25,III,S2,1,5,115.0,23,75,ID,null,17.0,4,6.0,7.0,2.0,3.0,6.0,6.0,3.0,7.0,2.0,null,9.0,7.0,7.0,5.0,null,7.0,7.0,4.0,7.0,3.0,2.6000000000000000,3.0000000000000000,2.6000000000000000,2.8000000000000000,2.6000000000000000,2.6000000000000000,3.0000000000000000,2.8000000000000000,2.6000000000000000,2.0000000000000000,Analytical,Command,Activator
EMP101006,Yuni Pratama,4.5000000000000000,68,III,SMA,1,5,132.0,71,40,SI,ENFP,24.0,4,2.0,1.0,null,2.0,8.0,2.0,6.0,4.0,9.0,1.0,7.0,1.0,6.0,6.0,7.0,null,null,9.0,4.0,7.0,3.8000000000000000,4.2000000000000000,4.0000000000000000,3.6000000000000000,3.0000000000000000,3.4000000000000000,3.0000000000000000,3.6000000000000000,3.6000000000000000,3.8000000000000000,Individualization,Restorative,Belief
EMP101007,Prasetyo Subekti,3.4000000000000000,55,V,SMA,3,2,85.0,82,45,SI,ISTJ,33.0,3,8.0,8.0,null,7.0,null,8.0,3.0,8.0,2.0,7.0,1.0,9.0,null,3.0,8.0,8.0,6.0,3.0,4.0,null,3.2500000000000000,3.2000000000000000,3.2000000000000000,3.7500000000000000,3.4000000000000000,3.6000000000000000,3.6000000000000000,3.6000000000000000,3.4000000000000000,4.0000000000000000,Achiever,Relator,Arranger
EMP101008,Oka Putra,2.7500000000000000,98,III,SMA,1,1,138.0,63,62,SC,ISFJ,17.0,7,1.0,null,5.0,4.0,1.0,8.0,5.0,2.0,8.0,8.0,5.0,4.0,9.0,1.0,7.0,1.0,5.0,9.0,4.0,4.0,3.7500000000000000,3.2000000000000000,2.5000000000000000,4.0000000000000000,2.4000000000000000,3.0000000000000000,3.0000000000000000,2.2500000000000000,3.0000000000000000,2.4000000000000000,Maximizer,,Adaptability
EMP101009,Lestari Dharma Herlambang,3.7500000000000000,46,III,SMA,1,3,88.0,50,42,SD,INTJ,15.0,9,8.0,6.0,1.0,5.0,7.0,8.0,2.0,6.0,4.0,7.0,1.0,6.0,6.0,7.0,3.0,9.0,1.0,4.0,7.0,6.0,3.6000000000000000,3.2000000000000000,4.0000000000000000,5.0000000000000000,3.8000000000000000,3.7500000000000000,3.8000000000000000,3.6000000000000000,3.4000000000000000,3.7500000000000000,Restorative,,Activator
EMP101010,Nabila Santoso,3.0000000000000000,97,V,SMA,3,1,125.0,63,30,CD,INTP,35.0,9,3.0,4.0,7.0,6.0,4.0,4.0,2.0,5.0,3.0,3.0,9.0,null,1.0,1.0,8.0,3.0,8.0,1.0,6.0,9.0,3.4000000000000000,3.2000000000000000,3.0000000000000000,2.5000000000000000,3.8000000000000000,2.7500000000000000,3.2000000000000000,3.0000000000000000,3.0000000000000000,2.8000000000000000,Harmony,Restorative,Futuristic
EMP101011,Wahyu Jatmiko Siregar,4.0000000000000000,42,V,SMA,3,1,134.0,72,48,CD,ESFJ,28.0,5,1.0,7.0,1.0,1.0,1.0,6.0,9.0,4.0,9.0,2.0,8.0,4.0,4.0,6.0,1.0,7.0,1.0,9.0,3.0,3.0,3.2000000000000000,3.5000000000000000,3.2500000000000000,3.8000000000000000,3.8000000000000000,3.7500000000000000,3.8000000000000000,3.4000000000000000,4.0000000000000000,3.6000000000000000,Belief,,Deliberative
EMP101012,Prasetyo Ginting,3.0000000000000000,56,IV,D3,2,4,null,29,85,DC,ISTP,null,9,5.0,5.0,9.0,8.0,null,1.0,7.0,2.0,5.0,8.0,1.0,6.0,7.0,4.0,8.0,6.0,2.0,3.0,8.0,3.0,2.8000000000000000,3.0000000000000000,2.8000000000000000,2.5000000000000000,3.0000000000000000,3.2000000000000000,2.8000000000000000,1.5000000000000000,3.0000000000000000,3.7500000000000000,Intellection,Self-Assurance,Activator
EMP101013,Putri Pratomo,2.8000000000000000,69,IV,D3,2,4,89.0,32,86,CS,ENTP,32.0,4,5.0,8.0,7.0,9.0,9.0,6.0,8.0,6.0,4.0,8.0,5.0,6.0,7.0,null,5.0,null,2.0,1.0,5.0,4.0,2.6000000000000000,3.0000000000000000,2.6000000000000000,2.7500000000000000,2.4000000000000000,3.0000000000000000,3.0000000000000000,3.2000000000000000,3.6000000000000000,2.8000000000000000,Intellection,Adaptability,Significance
EMP101014,Nurlita Salsabila,4.2500000000000000,35,III,S1,1,1,130.0,70,28,DC,ESTP,39.0,10,7.0,null,1.0,2.0,4.0,3.0,5.0,4.0,7.0,8.0,4.0,5.0,4.0,3.0,1.0,null,8.0,9.0,3.0,1.0,4.0000000000000000,4.2500000000000000,4.2500000000000000,3.6000000000000000,4.0000000000000000,3.4000000000000000,3.8000000000000000,4.2500000000000000,4.6666666666666667,4.0000000000000000,Competition,Consistency,Developer
EMP101015,Umar Wijaya,3.7500000000000000,28,III,SMA,1,4,118.0,56,98,null,ENFP,28.0,5,null,7.0,2.0,3.0,3.0,3.0,4.0,9.0,4.0,7.0,3.0,6.0,6.0,4.0,8.0,3.0,4.0,8.0,null,1.0,3.0000000000000000,3.4000000000000000,4.0000000000000000,3.6000000000000000,3.6000000000000000,3.7500000000000000,3.4000000000000000,3.2500000000000000,4.0000000000000000,3.7500000000000000,Significance,Belief,Empathy
EMP101016,Vania Pratomo,3.0000000000000000,80,III,SMA,1,3,117.0,85,79,CI,INTP,20.0,5,7.0,9.0,6.0,8.0,5.0,6.0,7.0,3.0,4.0,3.0,1.0,6.0,9.0,8.0,1.0,null,8.0,2.0,8.0,4.0,3.3333333333333333,3.2000000000000000,3.0000000000000000,2.4000000000000000,3.0000000000000000,3.4000000000000000,3.2000000000000000,3.2000000000000000,3.2500000000000000,3.2500000000000000,Focus,Harmony,Strategic
EMP101017,Nugroho Lestari Gunawan,3.2500000000000000,0,V,S1,3,3,140.0,68,93,null,ISFP,17.0,8,3.0,5.0,7.0,5.0,9.0,null,1.0,5.0,3.0,8.0,5.0,5.0,6.0,2.0,4.0,8.0,6.0,2.0,4.0,1.0,3.0000000000000000,3.0000000000000000,3.0000000000000000,3.5000000000000000,3.3333333333333333,3.0000000000000000,3.0000000000000000,3.6666666666666667,2.7500000000000000,3.0000000000000000,Discipline,Focus,Restorative
EMP101018,Rani Kusuma,2.8000000000000000,41,III,S1,1,6,120.0,56,65,SC,ESFJ,27.0,9,5.0,7.0,1.0,null,8.0,6.0,5.0,6.0,3.0,7.0,1.0,3.0,4.0,null,3.0,1.0,2.0,2.0,8.0,5.0,3.0000000000000000,2.8000000000000000,2.5000000000000000,2.8000000000000000,2.8000000000000000,2.4000000000000000,2.6000000000000000,2.8000000000000000,2.7500000000000000,2.6000000000000000,Focus,Strategic,Arranger
EMP101019,Hadi Mahardika Ridwan,3.0000000000000000,39,III,S2,1,1,107.0,44,68,DI,ENTP,27.0,9,1.0,7.0,null,5.0,4.0,2.0,null,2.0,6.0,8.0,null,3.0,4.0,4.0,6.0,6.0,6.0,4.0,1.0,6.0,3.0000000000000000,3.2500000000000000,3.6000000000000000,3.7500000000000000,3.6000000000000000,3.2000000000000000,3.0000000000000000,4.0000000000000000,3.2000000000000000,3.4000000000000000,Developer,Empathy,Competition
EMP101020,Wahyu Hidayat,3.6000000000000000,68,V,D3,3,4,93.0,82,85,IS,ESTJ,31.0,8,7.0,1.0,6.0,null,null,null,6.0,7.0,9.0,null,9.0,9.0,4.0,null,null,8.0,2.0,7.0,8.0,9.0,3.5000000000000000,3.4000000000000000,3.3333333333333333,3.4000000000000000,3.7500000000000000,3.8000000000000000,3.2500000000000000,4.2500000000000000,3.5000000000000000,3.8000000000000000,Strategic,Maximizer,
EMP101021,Rani Fadillah Maulana,2.7500000000000000,8,V,SMA,3,5,135.0,48,60,SC,null,28.0,10,3.0,5.0,5.0,9.0,6.0,6.0,4.0,3.0,3.0,null,1.0,null,2.0,2.0,4.0,9.0,4.0,3.0,8.0,1.0,2.6666666666666667,3.0000000000000000,2.7500000000000000,3.0000000000000000,3.0000000000000000,3.0000000000000000,3.0000000000000000,2.3333333333333333,2.7500000000000000,3.0000000000000000,Intellection,Harmony,Futuristic
EMP101022,Hadi Siregar,3.8000000000000000,65,V,S2,3,6,null,42,97,DC,INTJ,null,10,7.0,2.0,9.0,4.0,5.0,1.0,7.0,4.0,null,5.0,7.0,8.0,2.0,4.0,8.0,2.0,null,null,5.0,null,3.8000000000000000,4.0000000000000000,3.7500000000000000,3.2000000000000000,3.8000000000000000,4.0000000000000000,3.4000000000000000,4.0000000000000000,4.0000000000000000,3.8000000000000000,Empathy,Focus,Input
EMP101023,Yuni Ginting,3.2500000000000000,33,IV,D3,2,3,137.0,76,45,null,null,24.0,5,9.0,9.0,9.0,9.0,null,4.0,1.0,1.0,4.0,4.0,9.0,6.0,4.0,8.0,2.0,4.0,3.0,null,7.0,8.0,3.2000000000000000,3.0000000000000000,3.2000000000000000,3.2000000000000000,2.8000000000000000,3.0000000000000000,2.6000000000000000,2.8000000000000000,4.0000000000000000,3.6000000000000000,Consistency,,Self-Assurance
EMP101024,Citra Situmorang,3.2000000000000000,30,IV,D3,2,6,98.0,52,38,ID,ISFJ,23.0,2,6.0,7.0,9.0,1.0,null,8.0,2.0,5.0,2.0,1.0,6.0,9.0,5.0,6.0,1.0,null,3.0,8.0,9.0,1.0,3.5000000000000000,2.5000000000000000,3.6666666666666667,3.2000000000000000,2.7500000000000000,3.2000000000000000,3.3333333333333333,3.6000000000000000,2.8000000000000000,3.8000000000000000,Intellection,Focus,Activator
EMP101025,Tania Lestari Indrawan,3.2500000000000000,29,IV,SMA,2,5,122.0,42,83,CS,ISTP,24.0,6,6.0,5.0,null,7.0,4.0,2.0,3.0,5.0,4.0,7.0,4.0,1.0,1.0,5.0,4.0,6.0,6.0,2.0,1.0,6.0,2.6000000000000000,3.2000000000000000,3.4000000000000000,3.4000000000000000,3.2000000000000000,3.0000000000000000,3.5000000000000000,3.0000000000000000,3.4000000000000000,3.2500000000000000,Arranger,Intellection,Includer
EMP101026,Eko Santoso,3.8000000000000000,83,V,SMA,3,6,null,86,91,SC,ISTJ,null,2,7.0,4.0,2.0,2.0,6.0,null,5.0,8.0,6.0,2.0,8.0,9.0,7.0,9.0,4.0,null,9.0,6.0,7.0,1.0,2.6000000000000000,2.2000000000000000,2.5000000000000000,3.0000000000000000,3.2000000000000000,2.6000000000000000,2.6000000000000000,2.8000000000000000,2.6000000000000000,2.8000000000000000,Strategic,Achiever,Learner
EMP101027,Kartika Anugrah Halim,2.4000000000000000,47,III,D3,1,4,140.0,89,37,IC,ISFJ,30.0,7,7.0,6.0,3.0,9.0,6.0,4.0,5.0,8.0,5.0,6.0,2.0,2.0,9.0,5.0,8.0,3.0,7.0,6.0,null,1.0,2.6000000000000000,2.2500000000000000,2.4000000000000000,1.7500000000000000,2.2000000000000000,2.0000000000000000,2.2000000000000000,2.6000000000000000,2.2000000000000000,2.0000000000000000,Competition,Belief,Deliberative
EMP101028,Dwi Sinaga,3.0000000000000000,45,IV,D3,2,4,130.0,65,78,null,INFP,32.0,2,4.0,3.0,5.0,7.0,6.0,2.0,null,8.0,3.0,4.0,8.0,7.0,3.0,8.0,null,8.0,9.0,8.0,4.0,9.0,2.8000000000000000,2.7500000000000000,3.2500000000000000,3.0000000000000000,3.4000000000000000,3.7500000000000000,4.2500000000000000,2.8000000000000000,3.4000000000000000,3.5000000000000000,Learner,Competition,Restorative
EMP101029,Ayunda Situmorang,3.0000000000000000,31,V,S1,3,5,103.0,22,84,DC,ISTJ,30.0,1,1.0,8.0,6.0,1.0,3.0,3.0,5.0,8.0,5.0,3.0,6.0,3.0,6.0,2.0,3.0,9.0,7.0,1.0,2.0,5.0,3.2000000000000000,2.8000000000000000,3.6000000000000000,2.4000000000000000,3.2000000000000000,3.4000000000000000,3.3333333333333333,3.0000000000000000,3.2000000000000000,3.2000000000000000,Communication,Self-Assurance,Developer
EMP101030,Dimas Ananda,3.0000000000000000,56,III,D3,1,3,null,86,64,CD,ESFJ,null,10,8.0,6.0,1.0,7.0,3.0,2.0,1.0,1.0,3.0,1.0,9.0,2.0,1.0,4.0,null,4.0,3.0,9.0,4.0,9.0,2.6000000000000000,3.2500000000000000,3.2000000000000000,2.8000000000000000,3.0000000000000000,3.6000000000000000,2.7500000000000000,3.0000000000000000,3.0000000000000000,2.8000000000000000,Activator,Learner,Self-Assurance
EMP101031,Putri Wijaya,3.8000000000000000,36,V,S2,3,5,87.0,69,50,IC,INTP,32.0,3,4.0,1.0,9.0,9.0,null,null,6.0,1.0,1.0,4.0,9.0,6.0,3.0,6.0,5.0,9.0,null,null,7.0,9.0,3.7500000000000000,3.6000000000000000,3.2500000000000000,4.2000000000000000,3.8000000000000000,4.5000000000000000,3.5000000000000000,3.8000000000000000,4.0000000000000000,3.3333333333333333,Responsibility,Harmony,Input
EMP101032,Zaki Utama Pratomo,3.0000000000000000,41,IV,S1,2,2,96.0,72,92,IS,ENTJ,29.0,4,6.0,2.0,null,6.0,null,3.0,7.0,null,2.0,6.0,1.0,1.0,1.0,9.0,7.0,7.0,5.0,7.0,7.0,6.0,2.4000000000000000,3.0000000000000000,3.0000000000000000,3.4000000000000000,3.2000000000000000,3.2500000000000000,3.0000000000000000,3.8000000000000000,2.7500000000000000,2.6000000000000000,Positivity,Futuristic,Arranger
EMP101033,Citra Saputra,3.2000000000000000,27,IV,S2,2,6,140.0,92,74,ID,ENTJ,32.0,7,6.0,6.0,null,5.0,8.0,2.0,9.0,7.0,2.0,null,6.0,7.0,3.0,3.0,8.0,2.0,4.0,9.0,2.0,1.0,3.2000000000000000,3.0000000000000000,3.2000000000000000,3.7500000000000000,3.0000000000000000,3.6000000000000000,3.2000000000000000,3.2000000000000000,3.6666666666666667,3.6000000000000000,Maximizer,Activator,Competition
EMP101034,Citra Rohman,3.0000000000000000,34,V,SMA,3,3,117.0,69,23,null,null,27.0,10,2.0,4.0,1.0,null,4.0,5.0,9.0,9.0,3.0,8.0,1.0,1.0,7.0,null,3.0,null,1.0,3.0,null,4.0,2.8000000000000000,3.0000000000000000,3.0000000000000000,3.6000000000000000,3.2000000000000000,3.0000000000000000,2.6666666666666667,3.0000000000000000,3.2000000000000000,2.6666666666666667,Consistency,Competition,Intellection
EMP101035,Luthfi Zulfikar,3.0000000000000000,48,III,D3,1,3,119.0,96,95,ID,ENFJ,25.0,10,null,null,6.0,5.0,3.0,4.0,5.0,8.0,2.0,6.0,7.0,4.0,1.0,2.0,null,9.0,7.0,null,null,7.0,3.2000000000000000,3.7500000000000000,3.2000000000000000,3.2000000000000000,3.6000000000000000,3.4000000000000000,3.8000000000000000,4.0000000000000000,3.2000000000000000,3.2500000000000000,Significance,Competition,
EMP101036,Mahendra Santoso,3.2000000000000000,37,V,D3,3,3,131.0,100,99,SC,ENFP,22.0,9,8.0,1.0,8.0,5.0,null,2.0,3.0,5.0,6.0,4.0,4.0,5.0,9.0,5.0,1.0,4.0,null,1.0,2.0,null,3.6000000000000000,3.2000000000000000,3.6000000000000000,3.4000000000000000,3.5000000000000000,3.2500000000000000,3.2000000000000000,2.8000000000000000,3.0000000000000000,3.0000000000000000,Empathy,Self-Assurance,Focus
EMP101037,Rani Utama Gunawan,2.5000000000000000,2,V,S1,3,5,138.0,28,58,SC,ENFP,22.0,5,5.0,1.0,3.0,4.0,7.0,3.0,6.0,7.0,null,3.0,6.0,1.0,3.0,8.0,1.0,2.0,9.0,6.0,2.0,6.0,2.5000000000000000,2.5000000000000000,2.0000000000000000,2.5000000000000000,2.2500000000000000,2.5000000000000000,2.2500000000000000,2.0000000000000000,2.5000000000000000,2.2500000000000000,Context,Consistency,
EMP101038,Ayunda Lestari Sinaga,3.0000000000000000,43,III,D3,1,5,124.0,82,100,CS,null,32.0,8,9.0,3.0,1.0,5.0,7.0,4.0,6.0,7.0,5.0,5.0,7.0,4.0,9.0,3.0,7.0,9.0,1.0,4.0,5.0,2.0,3.2000000000000000,2.8000000000000000,2.8000000000000000,2.2500000000000000,3.0000000000000000,2.4000000000000000,2.8000000000000000,3.0000000000000000,3.7500000000000000,3.2000000000000000,Restorative,Woo,Individualization
EMP101039,Fajar Pamungkas,2.8000000000000000,31,IV,SMA,2,6,111.0,72,78,ID,ISTJ,29.0,2,6.0,6.0,3.0,2.0,null,8.0,9.0,6.0,2.0,6.0,5.0,7.0,3.0,7.0,1.0,2.0,6.0,1.0,3.0,9.0,3.0000000000000000,3.3333333333333333,3.2500000000000000,2.6000000000000000,2.8000000000000000,2.6000000000000000,2.6000000000000000,3.2000000000000000,3.0000000000000000,2.6000000000000000,Discipline,Individualization,Belief
EMP101040,Ayunda Hidayat,3.3333333333333333,73,V,S2,3,3,null,99,56,IC,ISFP,null,1,3.0,9.0,3.0,1.0,7.0,9.0,1.0,3.0,9.0,9.0,7.0,7.0,1.0,3.0,8.0,2.0,3.0,9.0,8.0,9.0,3.0000000000000000,2.6000000000000000,3.5000000000000000,3.6000000000000000,3.5000000000000000,3.6000000000000000,4.7500000000000000,2.6000000000000000,3.2000000000000000,3.2500000000000000,Positivity,Restorative,
EMP101041,Hana Dharma Hidayat,3.5000000000000000,50,V,S2,3,1,null,77,57,CS,INTP,35.0,1,3.0,2.0,6.0,6.0,8.0,4.0,9.0,2.0,7.0,4.0,7.0,8.0,1.0,1.0,null,null,9.0,6.0,9.0,7.0,3.8000000000000000,3.6000000000000000,4.0000000000000000,4.0000000000000000,3.5000000000000000,3.2000000000000000,3.6000000000000000,3.2000000000000000,4.0000000000000000,3.6000000000000000,Context,Arranger,Discipline
EMP101042,Lestari Utami,3.2500000000000000,5,III,S1,1,4,null,62,77,IS,INFJ,null,2,1.0,4.0,2.0,8.0,2.0,8.0,4.0,1.0,7.0,null,5.0,7.0,9.0,2.0,4.0,9.0,7.0,7.0,3.0,8.0,3.5000000000000000,3.3333333333333333,2.2500000000000000,3.2500000000000000,2.6666666666666667,3.0000000000000000,3.0000000000000000,3.6666666666666667,2.6666666666666667,3.0000000000000000,,Woo,Discipline
EMP101043,Joko Rachman Setiawan,3.2000000000000000,37,V,SMA,3,4,null,50,50,SD,ENFJ,null,9,1.0,9.0,4.0,5.0,2.0,2.0,1.0,2.0,7.0,5.0,null,2.0,5.0,6.0,4.0,4.0,1.0,3.0,2.0,4.0,3.0000000000000000,3.4000000000000000,3.4000000000000000,2.8000000000000000,3.6000000000000000,3.2000000000000000,3.4000000000000000,3.0000000000000000,3.4000000000000000,3.2000000000000000,Restorative,Developer,
EMP101044,Nabila Lestari Sinaga,3.2000000000000000,58,IV,S2,2,4,94.0,98,22,CI,ISTJ,41.0,2,8.0,3.0,2.0,1.0,4.0,3.0,8.0,8.0,5.0,5.0,8.0,3.0,6.0,6.0,9.0,6.0,1.0,3.0,1.0,1.0,2.8000000000000000,3.0000000000000000,3.4000000000000000,3.3333333333333333,3.2000000000000000,3.2000000000000000,4.5000000000000000,3.4000000000000000,3.0000000000000000,3.4000000000000000,Individualization,Achiever,Positivity
EMP101045,Putri Mahendra,2.7500000000000000,59,V,S2,3,1,139.0,44,62,DC,INFP,21.0,9,9.0,2.0,6.0,1.0,2.0,7.0,9.0,null,8.0,9.0,9.0,8.0,1.0,8.0,1.0,4.0,8.0,7.0,3.0,1.0,3.0000000000000000,2.6666666666666667,2.7500000000000000,2.8000000000000000,3.2000000000000000,2.8000000000000000,3.0000000000000000,2.5000000000000000,3.0000000000000000,3.0000000000000000,Restorative,Input,Deliberative
EMP101046,Rama Wibowo,2.5000000000000000,56,IV,S1,2,6,119.0,60,91,IS,ISTP,35.0,7,8.0,2.0,6.0,null,6.0,2.0,7.0,9.0,7.0,8.0,8.0,5.0,6.0,null,7.0,5.0,6.0,5.0,6.0,8.0,2.8000000000000000,3.2000000000000000,3.0000000000000000,2.8000000000000000,3.0000000000000000,2.8000000000000000,2.7500000000000000,2.0000000000000000,2.6000000000000000,2.8000000000000000,Self-Assurance,Woo,Command
EMP101047,Lestari Ganesha Fauziah,3.4000000000000000,55,V,S2,3,4,89.0,82,80,SI,ESFJ,23.0,7,7.0,7.0,5.0,2.0,5.0,1.0,2.0,null,1.0,8.0,4.0,3.0,4.0,1.0,6.0,7.0,2.0,2.0,6.0,1.0,3.4000000000000000,3.0000000000000000,3.6000000000000000,3.8000000000000000,22.8000000000000000,3.6000000000000000,2.6000000000000000,3.8000000000000000,3.2000000000000000,3.4000000000000000,Consistency,Relator,Intellection
EMP101048,Rama Nabila Hasibuan,4.0000000000000000,51,IV,S2,2,6,81.0,33,45,ID,INTP,30.0,5,8.0,3.0,5.0,2.0,8.0,2.0,6.0,6.0,null,4.0,2.0,5.0,2.0,1.0,7.0,3.0,3.0,3.0,null,4.0,3.6000000000000000,4.4000000000000000,3.7500000000000000,3.0000000000000000,3.7500000000000000,3.8000000000000000,4.4000000000000000,3.6000000000000000,3.5000000000000000,3.5000000000000000,Significance,Positivity,Learner
EMP101049,Teguh Subekti,2.8000000000000000,25,V,S2,3,5,null,67,70,DI,ENFP,null,6,6.0,3.0,9.0,1.0,1.0,7.0,2.0,1.0,null,6.0,1.0,5.0,1.0,4.0,3.0,8.0,4.0,null,4.0,5.0,3.0000000000000000,2.6000000000000000,3.2500000000000000,3.0000000000000000,2.7500000000000000,3.0000000000000000,2.8000000000000000,2.0000000000000000,2.5000000000000000,2.7500000000000000,Individualization,Arranger,Deliberative
EMP101050,Dimas Saputra Herlambang,3.2500000000000000,23,V,D3,3,4,91.0,47,52,IC,ENFJ,17.0,10,7.0,1.0,7.0,8.0,9.0,1.0,9.0,8.0,null,1.0,5.0,6.0,7.0,7.0,7.0,3.0,3.0,null,7.0,1.0,3.0000000000000000,3.0000000000000000,3.3333333333333333,3.2500000000000000,3.0000000000000000,3.7500000000000000,3.2500000000000000,3.0000000000000000,3.2500000000000000,3.7500000000000000,Learner,Individualization,
EMP101051,Bella Permadi,3.6666666666666667,74,V,D3,3,6,111.0,52,41,IS,ESTP,21.0,6,2.0,8.0,4.0,3.0,3.0,2.0,8.0,null,5.0,9.0,2.0,9.0,9.0,6.0,5.0,2.0,9.0,9.0,9.0,8.0,3.2000000000000000,3.5000000000000000,3.6000000000000000,3.4000000000000000,3.6000000000000000,4.2500000000000000,3.8000000000000000,3.8000000000000000,3.8000000000000000,4.4000000000000000,Restorative,Responsibility,Deliberative
EMP101052,Nadia Zulfikar Sinaga,2.6000000000000000,102,IV,SMA,2,6,null,95,53,DI,ISFJ,33.0,5,8.0,6.0,2.0,9.0,5.0,null,9.0,7.0,null,null,3.0,4.0,6.0,2.0,4.0,4.0,5.0,8.0,2.0,1.0,2.5000000000000000,2.8000000000000000,2.6000000000000000,2.7500000000000000,2.5000000000000000,3.0000000000000000,2.4000000000000000,2.8000000000000000,2.4000000000000000,3.0000000000000000,Competition,Activator,
EMP101053,Evi Hartanto,2.5000000000000000,28,IV,S1,2,6,133.0,74,67,CI,ISFJ,33.0,9,null,5.0,5.0,4.0,3.0,8.0,2.0,null,5.0,1.0,1.0,6.0,1.0,1.0,null,3.0,9.0,1.0,null,null,2.8000000000000000,2.5000000000000000,2.7500000000000000,2.5000000000000000,3.2000000000000000,2.6000000000000000,2.0000000000000000,2.8000000000000000,3.0000000000000000,2.8000000000000000,Arranger,Positivity,Input
EMP101054,Yuni Erlangga Subekti,2.6666666666666667,12,V,D3,3,5,118.0,88,38,CD,null,28.0,5,9.0,null,3.0,5.0,6.0,2.0,2.0,2.0,2.0,9.0,9.0,3.0,null,3.0,7.0,null,7.0,4.0,3.0,8.0,2.2500000000000000,2.7500000000000000,2.2500000000000000,2.0000000000000000,2.2500000000000000,2.5000000000000000,2.3333333333333333,2.0000000000000000,2.2500000000000000,2.5000000000000000,Responsibility,Significance,Arranger
EMP101055,Yoga Candra Hartanto,3.2500000000000000,38,IV,S2,2,5,118.0,63,69,ID,ESFJ,25.0,1,9.0,3.0,5.0,4.0,9.0,3.0,9.0,8.0,2.0,null,5.0,5.0,4.0,9.0,3.0,5.0,6.0,3.0,8.0,2.0,3.3333333333333333,3.5000000000000000,3.6000000000000000,3.6000000000000000,3.4000000000000000,3.2000000000000000,3.2000000000000000,3.4000000000000000,3.5000000000000000,3.7500000000000000,Context,,Competition
EMP101056,Umar Hartanto,2.8000000000000000,33,V,S1,3,3,null,76,52,DI,null,null,2,6.0,null,5.0,2.0,4.0,3.0,7.0,8.0,6.0,8.0,3.0,null,9.0,3.0,5.0,8.0,4.0,8.0,7.0,5.0,2.5000000000000000,2.8000000000000000,2.7500000000000000,2.4000000000000000,2.0000000000000000,2.4000000000000000,3.2500000000000000,3.0000000000000000,2.7500000000000000,2.4000000000000000,Belief,Communication,Command
EMP101057,Dinda Anggara,2.7500000000000000,44,III,SMA,1,4,119.0,20,99,null,ENTP,28.0,3,null,9.0,5.0,3.0,5.0,8.0,7.0,6.0,4.0,8.0,5.0,4.0,5.0,6.0,4.0,null,1.0,6.0,null,7.0,3.4000000000000000,3.0000000000000000,3.4000000000000000,3.0000000000000000,3.2000000000000000,3.2500000000000000,2.2500000000000000,3.4000000000000000,3.8000000000000000,3.2000000000000000,Communication,Restorative,Achiever
EMP101058,Umar Yulianto,1.8000000000000000,31,III,S1,1,2,110.0,70,21,ID,ENTJ,18.0,3,3.0,7.0,7.0,1.0,6.0,null,5.0,null,1.0,1.0,7.0,5.0,3.0,9.0,2.0,6.0,null,8.0,2.0,1.0,1.8000000000000000,2.2000000000000000,2.0000000000000000,2.0000000000000000,2.0000000000000000,2.2500000000000000,2.0000000000000000,2.0000000000000000,1.6666666666666667,1.4000000000000000,Positivity,,Strategic
EMP101059,Tania Fadillah Firmansyah,2.8000000000000000,78,V,D3,3,1,134.0,24,64,IC,ISTP,28.0,1,3.0,1.0,5.0,6.0,3.0,4.0,8.0,2.0,9.0,null,5.0,null,null,1.0,9.0,null,8.0,7.0,9.0,null,2.0000000000000000,2.6000000000000000,2.3333333333333333,2.8000000000000000,3.0000000000000000,2.6000000000000000,2.8000000000000000,2.8000000000000000,3.0000000000000000,2.5000000000000000,Connectedness,Developer,Relator
EMP101060,Galih Fauziah,3.6000000000000000,52,V,S2,3,3,84.0,42,69,CI,ISFJ,30.0,7,null,6.0,4.0,5.0,6.0,6.0,4.0,7.0,4.0,null,6.0,6.0,6.0,3.0,6.0,2.0,3.0,1.0,8.0,8.0,3.6666666666666667,3.5000000000000000,3.0000000000000000,3.5000000000000000,3.7500000000000000,3.4000000000000000,3.6666666666666667,3.2000000000000000,3.2000000000000000,3.2000000000000000,Analytical,Arranger,Belief
EMP101061,Ayu Handayani,2.5000000000000000,53,V,S2,3,6,null,91,33,IS,ENFP,null,2,6.0,1.0,6.0,6.0,8.0,3.0,9.0,2.0,9.0,1.0,9.0,6.0,9.0,2.0,null,1.0,8.0,8.0,2.0,5.0,3.5000000000000000,2.2000000000000000,2.6000000000000000,3.0000000000000000,2.8000000000000000,2.8000000000000000,3.4000000000000000,2.0000000000000000,2.8000000000000000,2.6000000000000000,Competition,,Self-Assurance
EMP101062,Rifqi Jatmiko Wijaya,3.5000000000000000,4,III,SMA,1,4,null,91,68,CS,ENTP,null,5,2.0,9.0,8.0,5.0,2.0,9.0,2.0,3.0,8.0,2.0,6.0,6.0,7.0,1.0,7.0,6.0,8.0,2.0,6.0,3.0,3.7500000000000000,4.2500000000000000,3.5000000000000000,3.2500000000000000,3.0000000000000000,3.2500000000000000,4.0000000000000000,3.5000000000000000,3.6666666666666667,3.7500000000000000,Discipline,Belief,Restorative
EMP101063,Rendra Kusuma Siregar,3.0000000000000000,35,III,D3,1,2,86.0,54,95,CS,ESFJ,31.0,2,7.0,3.0,5.0,8.0,4.0,5.0,3.0,8.0,2.0,2.0,9.0,2.0,9.0,5.0,5.0,7.0,4.0,null,5.0,5.0,3.2500000000000000,2.8000000000000000,2.6000000000000000,3.0000000000000000,2.2500000000000000,3.0000000000000000,2.8000000000000000,3.0000000000000000,2.7500000000000000,3.2500000000000000,,Connectedness,Adaptability
EMP101064,Oktavia Mahendra,3.2000000000000000,78,III,S1,1,1,122.0,82,61,null,INFJ,25.0,3,4.0,8.0,5.0,4.0,1.0,8.0,3.0,2.0,2.0,4.0,8.0,4.0,1.0,8.0,5.0,6.0,7.0,4.0,3.0,3.0,4.0000000000000000,3.4000000000000000,3.8000000000000000,3.2500000000000000,3.0000000000000000,3.2000000000000000,3.2500000000000000,3.2000000000000000,4.0000000000000000,3.6000000000000000,Developer,Empathy,Intellection
EMP101065,Nabila Kusuma Gunawan,3.0000000000000000,13,V,S1,3,6,140.0,92,98,SI,INFP,37.0,5,2.0,3.0,1.0,7.0,2.0,1.0,null,8.0,1.0,1.0,4.0,6.0,6.0,2.0,4.0,8.0,3.0,5.0,5.0,7.0,3.2500000000000000,2.5000000000000000,3.0000000000000000,3.2500000000000000,3.6666666666666667,3.3333333333333333,2.7500000000000000,3.2500000000000000,2.3333333333333333,2.5000000000000000,Intellection,,Context
EMP101066,Novi Hartanto,3.2500000000000000,27,III,S2,1,6,85.0,96,58,SD,null,35.0,6,3.0,8.0,3.0,3.0,4.0,1.0,3.0,4.0,6.0,1.0,3.0,null,1.0,null,null,5.0,6.0,9.0,2.0,9.0,3.6000000000000000,3.0000000000000000,3.2500000000000000,3.4000000000000000,3.0000000000000000,3.6000000000000000,3.0000000000000000,3.5000000000000000,3.2500000000000000,3.4000000000000000,Achiever,Restorative,Self-Assurance
EMP101067,Galih Kusuma Ramadhan,3.6666666666666667,1,IV,SMA,2,1,113.0,34,100,IC,INFJ,17.0,9,5.0,3.0,8.0,4.0,1.0,7.0,7.0,4.0,7.0,6.0,8.0,8.0,8.0,1.0,5.0,1.0,6.0,null,4.0,3.0,4.0000000000000000,3.0000000000000000,3.6666666666666667,3.3333333333333333,3.6666666666666667,3.5000000000000000,3.6666666666666667,3.5000000000000000,4.0000000000000000,3.5000000000000000,Command,Arranger,Restorative
EMP101068,Kurnia Erlangga Maulana,3.6000000000000000,52,III,S2,1,1,null,49,23,DI,ESFP,null,2,9.0,6.0,7.0,8.0,2.0,6.0,2.0,4.0,4.0,null,4.0,4.0,8.0,1.0,null,9.0,9.0,5.0,8.0,2.0,3.7500000000000000,3.2000000000000000,4.0000000000000000,3.8000000000000000,3.4000000000000000,3.6000000000000000,3.8000000000000000,3.7500000000000000,3.8000000000000000,3.0000000000000000,Woo,Discipline,Connectedness
EMP101069,Ayu Erlangga Kurniawan,3.0000000000000000,52,IV,D3,2,2,123.0,95,42,SD,INTP,20.0,7,6.0,2.0,3.0,9.0,3.0,4.0,2.0,1.0,3.0,5.0,null,9.0,6.0,6.0,6.0,3.0,3.0,5.0,5.0,9.0,2.7500000000000000,3.2000000000000000,3.5000000000000000,3.0000000000000000,2.8000000000000000,3.0000000000000000,3.6000000000000000,2.5000000000000000,3.0000000000000000,3.3333333333333333,Arranger,,Developer
EMP101070,Nugroho Hasibuan,3.2000000000000000,52,V,S2,3,2,94.0,50,51,CD,ESTJ,35.0,7,1.0,3.0,1.0,7.0,8.0,3.0,7.0,5.0,7.0,5.0,6.0,1.0,6.0,1.0,3.0,7.0,5.0,2.0,3.0,4.0,3.4000000000000000,4.0000000000000000,2.8000000000000000,3.7500000000000000,2.6666666666666667,2.8000000000000000,3.4000000000000000,3.5000000000000000,3.2000000000000000,3.4000000000000000,Positivity,Self-Assurance,Strategic
EMP101071,Wulan Pratama,3.0000000000000000,29,V,D3,3,6,122.0,58,47,IS,ENTJ,22.0,2,7.0,4.0,8.0,8.0,5.0,2.0,8.0,5.0,3.0,7.0,6.0,5.0,1.0,7.0,9.0,7.0,2.0,1.0,7.0,9.0,3.0000000000000000,3.6000000000000000,2.8000000000000000,3.5000000000000000,3.2000000000000000,3.0000000000000000,2.8000000000000000,2.6000000000000000,3.2500000000000000,3.4000000000000000,Ideation,Intellection,Input
EMP101072,Adi Pramudita Indrawan,2.0000000000000000,15,III,S2,1,4,138.0,22,67,CD,INTP,29.0,5,6.0,8.0,6.0,7.0,4.0,1.0,6.0,6.0,4.0,6.0,1.0,2.0,2.0,1.0,6.0,2.0,7.0,3.0,3.0,6.0,2.0000000000000000,1.7500000000000000,2.2500000000000000,2.0000000000000000,2.7500000000000000,2.0000000000000000,2.0000000000000000,1.7500000000000000,2.0000000000000000,1.5000000000000000,Individualization,Significance,Consistency
EMP101073,Nabila Utami,3.4000000000000000,56,V,D3,3,5,null,93,86,CI,ESTJ,null,7,9.0,8.0,1.0,5.0,1.0,8.0,3.0,7.0,6.0,1.0,5.0,9.0,9.0,1.0,4.0,1.0,6.0,null,6.0,2.0,3.0000000000000000,3.6000000000000000,3.8000000000000000,3.0000000000000000,3.4000000000000000,3.2000000000000000,4.3333333333333333,3.7500000000000000,3.0000000000000000,3.6000000000000000,Empathy,Restorative,Maximizer
EMP101074,Nabila Aji Kusuma,3.6666666666666667,63,IV,SMA,2,1,null,37,23,ID,ENFP,null,6,6.0,6.0,1.0,8.0,1.0,6.0,5.0,7.0,1.0,3.0,null,3.0,3.0,5.0,1.0,3.0,8.0,2.0,3.0,8.0,3.0000000000000000,3.4000000000000000,4.0000000000000000,2.8000000000000000,3.0000000000000000,3.0000000000000000,3.4000000000000000,3.4000000000000000,3.6000000000000000,3.8000000000000000,Includer,Intellection,Strategic
EMP101075,Hadi Wijaya Gunawan,4.0000000000000000,97,III,S2,1,6,103.0,26,70,DC,ISTP,20.0,10,9.0,4.0,2.0,7.0,1.0,2.0,6.0,4.0,9.0,2.0,3.0,4.0,7.0,5.0,4.0,7.0,8.0,3.0,8.0,3.0,3.8000000000000000,3.8000000000000000,3.7500000000000000,4.0000000000000000,3.7500000000000000,3.8000000000000000,3.8000000000000000,4.2000000000000000,3.4000000000000000,3.7500000000000000,Context,Self-Assurance,Discipline
EMP101076,Satya Pamungkas,3.0000000000000000,63,V,S2,3,5,80.0,66,54,SI,ENFJ,31.0,10,6.0,9.0,null,7.0,4.0,null,2.0,5.0,6.0,9.0,8.0,null,3.0,5.0,4.0,5.0,5.0,null,4.0,4.0,3.4000000000000000,2.7500000000000000,3.2000000000000000,3.2000000000000000,3.4000000000000000,3.0000000000000000,3.6000000000000000,3.4000000000000000,3.0000000000000000,3.2000000000000000,Developer,Arranger,Command
EMP101077,Hana Dharma Maulida,2.6000000000000000,46,III,S1,1,6,96.0,74,92,IS,ESTP,21.0,6,3.0,9.0,9.0,8.0,4.0,5.0,null,5.0,3.0,7.0,8.0,1.0,7.0,2.0,7.0,null,5.0,2.0,4.0,1.0,2.8000000000000000,2.6000000000000000,2.6000000000000000,22.4000000000000000,2.6000000000000000,2.5000000000000000,2.6000000000000000,2.4000000000000000,2.4000000000000000,2.4000000000000000,Competition,Input,Discipline
EMP101078,Satya Saputra,3.2000000000000000,97,III,SMA,1,5,135.0,59,54,null,INTJ,14.0,10,3.0,3.0,9.0,null,2.0,8.0,null,null,5.0,1.0,null,8.0,9.0,5.0,3.0,3.0,6.0,6.0,5.0,2.0,3.0000000000000000,4.3333333333333333,3.0000000000000000,3.6000000000000000,3.0000000000000000,2.3333333333333333,3.0000000000000000,2.5000000000000000,3.2500000000000000,3.0000000000000000,Ideation,Belief,Futuristic
EMP101079,Bayu Sinaga,2.5000000000000000,5,IV,D3,2,5,127.0,70,90,CS,INTJ,27.0,9,3.0,3.0,8.0,4.0,5.0,3.0,6.0,8.0,6.0,3.0,6.0,8.0,1.0,8.0,2.0,9.0,6.0,2.0,7.0,1.0,3.0000000000000000,2.5000000000000000,2.6666666666666667,26.7500000000000000,2.7500000000000000,2.5000000000000000,2.5000000000000000,2.0000000000000000,2.3333333333333333,2.2500000000000000,Harmony,Input,Deliberative
EMP101080,Galih Zulfikar Ramadhan,2.4000000000000000,29,III,S1,1,1,128.0,66,37,CS,ISTJ,19.0,7,1.0,3.0,2.0,8.0,3.0,7.0,7.0,6.0,8.0,7.0,6.0,1.0,9.0,9.0,7.0,1.0,4.0,1.0,1.0,null,2.7500000000000000,2.4000000000000000,2.2500000000000000,2.8000000000000000,2.8000000000000000,2.7500000000000000,2.2500000000000000,2.2000000000000000,2.6000000000000000,2.2000000000000000,Includer,Ideation,Restorative
EMP101081,Putri Nabila Rohman,4.2500000000000000,53,III,SMA,1,1,124.0,27,42,ID,ENFP,30.0,7,5.0,1.0,6.0,null,9.0,1.0,3.0,5.0,5.0,2.0,3.0,4.0,5.0,8.0,6.0,null,1.0,7.0,7.0,3.0,3.7500000000000000,4.0000000000000000,4.0000000000000000,4.2000000000000000,3.8000000000000000,4.2500000000000000,4.2000000000000000,4.3333333333333333,4.0000000000000000,4.0000000000000000,Strategic,Communication,Consistency
EMP101082,Rani Permadi,4.0000000000000000,43,III,S1,1,1,94.0,29,95,CI,ESTJ,26.0,5,7.0,8.0,1.0,8.0,3.0,6.0,2.0,7.0,2.0,1.0,6.0,2.0,8.0,7.0,3.0,7.0,8.0,7.0,5.0,1.0,3.5000000000000000,3.2500000000000000,3.2500000000000000,4.6000000000000000,4.2000000000000000,4.4000000000000000,3.7500000000000000,4.0000000000000000,4.2000000000000000,3.6000000000000000,Self-Assurance,Significance,Discipline
EMP101083,Adit Salsabila,2.8000000000000000,29,IV,SMA,2,4,null,58,39,CI,ISTP,null,9,1.0,5.0,1.0,3.0,null,9.0,3.0,4.0,9.0,8.0,5.0,7.0,8.0,8.0,9.0,9.0,1.0,9.0,4.0,9.0,3.2000000000000000,2.8000000000000000,2.8000000000000000,2.6000000000000000,2.4000000000000000,2.6000000000000000,2.8000000000000000,2.8000000000000000,3.3333333333333333,2.6000000000000000,Self-Assurance,Context,Belief
EMP101084,Fitri Hartanto,3.8000000000000000,47,IV,S2,2,3,139.0,48,56,ID,ENFP,32.0,7,2.0,9.0,1.0,3.0,2.0,3.0,8.0,9.0,2.0,5.0,2.0,3.0,null,1.0,9.0,9.0,1.0,9.0,6.0,8.0,3.4000000000000000,3.2000000000000000,3.2000000000000000,3.0000000000000000,3.0000000000000000,3.0000000000000000,2.8000000000000000,3.4000000000000000,3.4000000000000000,3.2000000000000000,Discipline,Self-Assurance,Arranger
EMP101085,Rendra Maulana,3.6000000000000000,120,V,SMA,3,5,94.0,99,54,CS,ENFJ,36.0,10,7.0,null,9.0,3.0,6.0,4.0,7.0,5.0,7.0,2.0,6.0,9.0,8.0,9.0,2.0,3.0,3.0,1.0,1.0,7.0,3.0000000000000000,3.2500000000000000,3.5000000000000000,23.0000000000000000,3.2000000000000000,3.5000000000000000,3.7500000000000000,3.6000000000000000,3.3333333333333333,3.7500000000000000,,Context,Harmony
EMP101086,Nugroho Maulana,3.2500000000000000,3,III,D3,1,2,116.0,62,32,CD,ENFP,22.0,5,8.0,2.0,3.0,1.0,7.0,7.0,6.0,7.0,8.0,1.0,3.0,1.0,3.0,null,5.0,6.0,4.0,5.0,2.0,2.0,3.5000000000000000,2.2500000000000000,3.2500000000000000,3.0000000000000000,3.2500000000000000,3.0000000000000000,2.7500000000000000,3.2500000000000000,3.0000000000000000,3.2500000000000000,Strategic,Deliberative,Analytical
EMP101087,Rendra Saputra Gunawan,3.3333333333333333,86,IV,S1,2,1,81.0,58,71,SD,INFJ,26.0,3,6.0,1.0,7.0,6.0,1.0,7.0,null,4.0,7.0,1.0,9.0,5.0,7.0,3.0,4.0,4.0,7.0,1.0,null,6.0,3.4000000000000000,3.3333333333333333,4.0000000000000000,3.0000000000000000,3.6000000000000000,2.7500000000000000,3.0000000000000000,3.5000000000000000,3.2500000000000000,3.4000000000000000,Connectedness,Responsibility,Belief
EMP101088,Rama Jatmiko Gunawan,2.7500000000000000,54,V,D3,3,5,114.0,99,73,SC,ENFP,27.0,1,6.0,5.0,6.0,5.0,4.0,7.0,3.0,8.0,1.0,2.0,1.0,8.0,9.0,2.0,5.0,2.0,5.0,8.0,3.0,3.0,2.8000000000000000,2.7500000000000000,2.8000000000000000,2.3333333333333333,3.0000000000000000,2.8000000000000000,3.4000000000000000,2.6666666666666667,3.0000000000000000,2.6666666666666667,,Woo,Restorative
EMP101089,Nabila Salsabila,2.8000000000000000,33,III,S1,1,4,127.0,95,79,CI,INFP,17.0,1,5.0,3.0,6.0,7.0,5.0,5.0,5.0,1.0,3.0,9.0,7.0,8.0,6.0,2.0,9.0,null,1.0,3.0,7.0,4.0,2.7500000000000000,3.0000000000000000,2.4000000000000000,2.4000000000000000,2.5000000000000000,3.0000000000000000,2.8000000000000000,2.8000000000000000,2.8000000000000000,2.5000000000000000,Learner,Intellection,Woo
EMP101090,Bella Fauziah,3.5000000000000000,74,III,S2,1,2,129.0,82,48,DS,INFP,32.0,4,1.0,3.0,null,null,2.0,8.0,null,2.0,8.0,2.0,1.0,7.0,5.0,8.0,6.0,4.0,2.0,8.0,3.0,4.0,3.0000000000000000,3.2000000000000000,3.2500000000000000,3.0000000000000000,3.2000000000000000,3.2000000000000000,3.3333333333333333,3.0000000000000000,3.6000000000000000,3.4000000000000000,Individualization,Adaptability,Woo
EMP101091,Ari Saputra Pamungkas,4.2500000000000000,11,III,SMA,1,5,117.0,58,36,CS,null,31.0,7,9.0,4.0,null,4.0,8.0,8.0,8.0,null,9.0,4.0,3.0,1.0,5.0,3.0,7.0,5.0,3.0,3.0,2.0,4.0,2.6666666666666667,3.0000000000000000,2.7500000000000000,3.0000000000000000,2.7500000000000000,3.0000000000000000,2.6666666666666667,3.0000000000000000,2.2500000000000000,2.6666666666666667,Maximizer,Consistency,Focus
EMP101092,Rani Gunawan,3.2000000000000000,57,III,D3,1,1,104.0,51,30,ID,INFP,16.0,4,null,6.0,4.0,9.0,4.0,5.0,4.0,9.0,null,null,5.0,null,6.0,2.0,4.0,7.0,null,3.0,7.0,3.0,3.6000000000000000,3.2000000000000000,3.7500000000000000,4.2500000000000000,3.0000000000000000,3.0000000000000000,4.0000000000000000,3.4000000000000000,3.2500000000000000,3.4000000000000000,Connectedness,Achiever,Strategic
EMP101093,Joko Iqbal Lestari,3.2000000000000000,60,III,SMA,1,3,null,22,64,SD,ENTJ,null,1,5.0,8.0,6.0,1.0,1.0,7.0,4.0,3.0,1.0,2.0,4.0,5.0,7.0,2.0,3.0,6.0,null,6.0,3.0,7.0,3.6000000000000000,3.4000000000000000,2.8000000000000000,2.6000000000000000,3.6000000000000000,2.6000000000000000,3.0000000000000000,3.4000000000000000,3.0000000000000000,3.5000000000000000,Arranger,Achiever,Focus
EMP101094,Novi Zulfikar Handayani,3.2000000000000000,27,III,D3,1,5,120.0,66,73,SI,INTJ,27.0,8,9.0,1.0,null,9.0,8.0,2.0,null,4.0,1.0,7.0,4.0,7.0,6.0,9.0,1.0,1.0,8.0,null,2.0,1.0,3.6000000000000000,3.6000000000000000,3.6000000000000000,3.4000000000000000,3.2000000000000000,4.3333333333333333,3.0000000000000000,3.6000000000000000,3.2500000000000000,3.2500000000000000,,Activator,Positivity
EMP101095,Nadia Simanjuntak,3.0000000000000000,9,III,S2,1,5,106.0,21,34,SC,ESFJ,29.0,2,null,7.0,5.0,8.0,7.0,7.0,null,2.0,5.0,4.0,8.0,9.0,1.0,7.0,2.0,null,null,5.0,6.0,null,4.0000000000000000,4.3333333333333333,4.0000000000000000,3.5000000000000000,4.0000000000000000,4.2500000000000000,4.0000000000000000,4.2500000000000000,4.0000000000000000,4.0000000000000000,Woo,Focus,Strategic
EMP101096,Rizka Wijaya,3.4000000000000000,43,V,D3,3,2,null,26,38,SD,ENFP,null,6,3.0,8.0,7.0,null,3.0,null,6.0,8.0,9.0,2.0,9.0,null,6.0,9.0,6.0,6.0,3.0,7.0,4.0,9.0,3.6000000000000000,4.2000000000000000,3.6000000000000000,3.0000000000000000,3.3333333333333333,3.0000000000000000,3.2500000000000000,2.8000000000000000,3.0000000000000000,3.2500000000000000,Adaptability,Context,Futuristic
EMP101097,Bayu Mahendra,3.5000000000000000,38,III,S2,1,3,null,23,48,SD,ENTJ,null,4,2.0,8.0,8.0,7.0,3.0,2.0,6.0,7.0,5.0,9.0,1.0,5.0,2.0,3.0,9.0,2.0,null,5.0,null,7.0,2.6000000000000000,3.2000000000000000,3.3333333333333333,4.0000000000000000,3.4000000000000000,3.2000000000000000,3.4000000000000000,2.8000000000000000,3.2500000000000000,3.6000000000000000,Responsibility,Maximizer,Learner
EMP101098,Utami Firmansyah,3.0000000000000000,46,IV,S1,2,3,94.0,96,69,DC,ESTP,30.0,3,7.0,2.0,null,8.0,9.0,1.0,7.0,8.0,5.0,6.0,3.0,9.0,3.0,1.0,8.0,6.0,4.0,5.0,3.0,1.0,2.6000000000000000,3.4000000000000000,3.6666666666666667,3.2500000000000000,3.0000000000000000,3.8000000000000000,3.0000000000000000,3.2000000000000000,3.0000000000000000,3.2500000000000000,Competition,Harmony,Individualization
EMP101099,Nabila Kusuma,4.0000000000000000,84,III,S1,1,5,113.0,26,97,IC,null,30.0,6,8.0,7.0,1.0,1.0,7.0,8.0,7.0,9.0,1.0,7.0,1.0,6.0,null,5.0,2.0,9.0,5.0,1.0,6.0,5.0,3.4000000000000000,3.0000000000000000,3.0000000000000000,3.4000000000000000,3.0000000000000000,3.0000000000000000,3.2000000000000000,22.0000000000000000,2.6000000000000000,3.0000000000000000,Intellection,Responsibility,Belief
EMP101100,Fitri Jatmiko Setiawan,2.4000000000000000,43,V,S1,3,4,124.0,50,34,CD,ENFJ,33.0,2,7.0,4.0,6.0,1.0,null,8.0,4.0,1.0,3.0,8.0,2.0,5.0,5.0,1.0,9.0,9.0,6.0,8.0,7.0,9.0,2.0000000000000000,2.5000000000000000,2.8000000000000000,2.0000000000000000,2.2000000000000000,2.6000000000000000,2.2000000000000000,2.8000000000000000,2.8000000000000000,2.4000000000000000,Learner,Adaptability,Positivity
EMP101101,Nugroho Yudhistira Lukman,3.5000000000000000,9,III,S1,1,3,null,86,37,DC,ESFP,null,8,7.0,4.0,6.0,2.0,1.0,1.0,2.0,5.0,7.0,null,9.0,6.0,7.0,1.0,4.0,3.0,8.0,9.0,3.0,4.0,3.2500000000000000,3.2500000000000000,3.3333333333333333,3.2500000000000000,4.0000000000000000,3.7500000000000000,3.0000000000000000,3.2500000000000000,3.5000000000000000,3.5000000000000000,Maximizer,Developer,Self-Assurance
EMP101102,Novi Sinaga,3.5000000000000000,81,III,S2,1,2,97.0,73,86,ID,INTJ,20.0,1,6.0,8.0,null,8.0,9.0,7.0,6.0,6.0,4.0,1.0,4.0,4.0,3.0,6.0,6.0,7.0,null,9.0,5.0,6.0,3.7500000000000000,3.8000000000000000,3.5000000000000000,3.4000000000000000,3.5000000000000000,3.2500000000000000,3.6000000000000000,3.5000000000000000,4.0000000000000000,3.8000000000000000,Woo,Consistency,Input
EMP101103,Wulan Lestari Saputra,3.8000000000000000,39,V,S1,3,5,80.0,90,71,DI,INFJ,28.0,1,6.0,1.0,5.0,5.0,6.0,8.0,5.0,4.0,6.0,7.0,3.0,2.0,4.0,5.0,1.0,4.0,7.0,7.0,9.0,null,3.6000000000000000,4.0000000000000000,3.8000000000000000,3.8000000000000000,3.7500000000000000,3.2000000000000000,3.5000000000000000,3.2000000000000000,3.6000000000000000,3.8000000000000000,Positivity,,Futuristic
EMP101104,Oktavia Lestari,3.2000000000000000,65,V,SMA,3,3,120.0,91,51,DI,ENFP,30.0,2,3.0,1.0,4.0,4.0,3.0,3.0,8.0,1.0,3.0,4.0,2.0,5.0,1.0,8.0,2.0,6.0,1.0,8.0,5.0,7.0,3.6000000000000000,3.2000000000000000,3.4000000000000000,2.7500000000000000,3.6000000000000000,3.6000000000000000,2.8000000000000000,2.8000000000000000,2.8000000000000000,3.4000000000000000,Arranger,,
EMP101105,Kartika Saputra Siregar,3.7500000000000000,36,III,S2,1,3,null,51,41,CD,ENTP,null,2,4.0,7.0,7.0,2.0,8.0,9.0,2.0,4.0,1.0,8.0,2.0,1.0,8.0,2.0,8.0,null,1.0,3.0,5.0,8.0,3.8000000000000000,4.0000000000000000,3.8000000000000000,3.6000000000000000,3.0000000000000000,4.0000000000000000,3.6000000000000000,4.2000000000000000,3.8000000000000000,3.4000000000000000,Command,Connectedness,Woo
EMP101106,Sari Siregar,3.4000000000000000,59,III,S1,1,1,null,60,47,IC,ESFJ,null,6,null,8.0,9.0,null,3.0,5.0,7.0,5.0,6.0,3.0,1.0,1.0,2.0,1.0,4.0,3.0,8.0,5.0,7.0,8.0,3.0000000000000000,3.2500000000000000,3.4000000000000000,3.0000000000000000,3.6000000000000000,3.4000000000000000,3.4000000000000000,3.4000000000000000,3.8000000000000000,3.6000000000000000,Deliberative,Responsibility,Individualization
EMP101107,Mahendra Fadillah Pradana,1.8000000000000000,51,V,S1,3,4,89.0,97,66,CD,ESTP,30.0,7,null,3.0,8.0,5.0,9.0,4.0,null,9.0,5.0,6.0,3.0,2.0,4.0,1.0,9.0,null,7.0,null,4.0,1.0,2.2000000000000000,2.2000000000000000,1.7500000000000000,1.4000000000000000,1.8000000000000000,1.8000000000000000,2.0000000000000000,1.5000000000000000,2.0000000000000000,1.6000000000000000,,Context,Responsibility
EMP101108,Dewi Pradana,4.0000000000000000,21,V,S1,3,6,110.0,96,92,SI,ISFJ,22.0,2,4.0,9.0,4.0,7.0,4.0,8.0,null,null,3.0,5.0,8.0,4.0,5.0,8.0,8.0,3.0,8.0,9.0,7.0,5.0,3.7500000000000000,3.7500000000000000,4.0000000000000000,4.0000000000000000,3.5000000000000000,4.2500000000000000,4.0000000000000000,3.7500000000000000,3.7500000000000000,4.2500000000000000,Learner,Developer,
EMP101109,Bella Suharto,4.2000000000000000,43,V,SMA,3,2,84.0,31,94,IS,ESFP,26.0,1,null,6.0,2.0,5.0,2.0,null,4.0,7.0,7.0,9.0,4.0,4.0,null,6.0,4.0,1.0,2.0,8.0,1.0,null,3.0000000000000000,2.8000000000000000,2.8000000000000000,2.8000000000000000,3.2000000000000000,3.0000000000000000,2.6000000000000000,3.0000000000000000,2.5000000000000000,2.8000000000000000,Focus,Discipline,Ideation
EMP101110,Rani Simanjuntak,2.6666666666666667,63,V,S2,3,4,85.0,31,31,CD,ENFJ,29.0,8,6.0,3.0,4.0,2.0,8.0,5.0,2.0,5.0,6.0,5.0,7.0,7.0,2.0,2.0,4.0,4.0,6.0,1.0,3.0,4.0,3.0000000000000000,2.8000000000000000,2.4000000000000000,2.8000000000000000,2.0000000000000000,3.0000000000000000,2.7500000000000000,2.5000000000000000,2.6000000000000000,2.8000000000000000,,Developer,
EMP101111,Bella Firmansyah,3.4000000000000000,98,III,D3,1,2,null,72,57,null,ENTJ,null,3,9.0,1.0,4.0,8.0,6.0,1.0,1.0,1.0,5.0,4.0,2.0,6.0,4.0,9.0,2.0,3.0,2.0,8.0,5.0,6.0,22.4000000000000000,3.7500000000000000,3.6000000000000000,3.6000000000000000,3.6000000000000000,3.4000000000000000,3.6000000000000000,3.6000000000000000,3.6666666666666667,4.0000000000000000,Context,Positivity,Connectedness
EMP101112,Budi Firmansyah,3.4000000000000000,52,III,S1,1,1,96.0,55,45,DS,ISFJ,40.0,5,3.0,2.0,8.0,7.0,7.0,2.0,8.0,null,null,9.0,2.0,2.0,6.0,7.0,2.0,9.0,9.0,4.0,null,5.0,3.8000000000000000,4.0000000000000000,3.6000000000000000,3.8000000000000000,3.2000000000000000,2.8000000000000000,3.8000000000000000,3.6666666666666667,3.0000000000000000,3.4000000000000000,Restorative,Adaptability,Positivity
EMP101113,Evi Syahputra,3.0000000000000000,30,V,S2,3,4,93.0,91,66,SD,ESTJ,35.0,5,9.0,5.0,5.0,6.0,6.0,8.0,8.0,7.0,7.0,4.0,9.0,6.0,8.0,null,7.0,9.0,7.0,2.0,1.0,9.0,2.8000000000000000,3.0000000000000000,3.2000000000000000,2.8000000000000000,3.2000000000000000,3.2000000000000000,3.0000000000000000,3.6000000000000000,2.8000000000000000,3.5000000000000000,Activator,Maximizer,Restorative
EMP101114,Tania Fauziah,2.8000000000000000,38,III,D3,1,1,84.0,27,67,IS,ENTJ,30.0,10,8.0,1.0,1.0,1.0,8.0,5.0,8.0,4.0,5.0,2.0,null,8.0,5.0,3.0,6.0,4.0,3.0,5.0,9.0,9.0,2.7500000000000000,2.4000000000000000,2.8000000000000000,2.6666666666666667,2.2500000000000000,2.8000000000000000,2.7500000000000000,2.8000000000000000,2.8000000000000000,3.0000000000000000,Competition,Connectedness,Focus
EMP101115,Valdo Putra,3.4000000000000000,34,V,D3,3,6,90.0,46,54,CS,INTP,26.0,3,5.0,9.0,6.0,4.0,7.0,2.0,4.0,null,2.0,6.0,2.0,6.0,6.0,3.0,4.0,4.0,7.0,null,null,9.0,2.5000000000000000,3.2500000000000000,2.8000000000000000,2.6000000000000000,2.6000000000000000,3.0000000000000000,3.2500000000000000,2.8000000000000000,2.6000000000000000,2.6000000000000000,Futuristic,Includer,Intellection
EMP101116,Dimas Tri Zulfikar,4.0000000000000000,36,III,S1,1,4,null,77,59,DI,ENFP,29.0,2,1.0,6.0,1.0,5.0,7.0,6.0,2.0,7.0,6.0,null,6.0,3.0,3.0,1.0,6.0,2.0,6.0,7.0,null,2.0,2.2500000000000000,2.4000000000000000,2.6000000000000000,2.7500000000000000,2.6000000000000000,2.7500000000000000,2.8000000000000000,2.7500000000000000,3.2000000000000000,2.7500000000000000,Input,,Woo
EMP101117,Rendra Indrawan,3.4000000000000000,57,V,SMA,3,5,null,50,20,DS,ENFP,null,4,6.0,5.0,5.0,1.0,6.0,9.0,2.0,3.0,3.0,9.0,null,7.0,6.0,7.0,null,5.0,5.0,3.0,4.0,7.0,3.6000000000000000,4.0000000000000000,3.2000000000000000,3.6000000000000000,3.2000000000000000,3.4000000000000000,3.3333333333333333,3.0000000000000000,3.5000000000000000,3.5000000000000000,Analytical,Intellection,Deliberative
EMP101118,Maya Dharma Kurniawan,2.2500000000000000,1,V,S1,3,4,81.0,56,88,DI,ISFJ,28.0,8,3.0,null,null,4.0,8.0,9.0,9.0,6.0,5.0,4.0,6.0,6.0,9.0,9.0,3.0,null,1.0,8.0,9.0,5.0,2.6666666666666667,2.0000000000000000,2.5000000000000000,2.0000000000000000,2.5000000000000000,2.2500000000000000,2.0000000000000000,2.2500000000000000,3.0000000000000000,2.0000000000000000,Includer,Belief,Learner
EMP101119,Utami Lestari,2.2000000000000000,40,III,S1,1,1,null,82,72,DS,INFP,null,8,3.0,null,3.0,3.0,6.0,4.0,6.0,6.0,3.0,1.0,7.0,4.0,1.0,1.0,null,4.0,6.0,1.0,4.0,5.0,2.5000000000000000,2.2000000000000000,2.0000000000000000,2.2000000000000000,2.0000000000000000,3.0000000000000000,2.2000000000000000,2.4000000000000000,2.0000000000000000,2.6000000000000000,Positivity,Command,Developer
EMP101120,Gita Rahmawati,4.0000000000000000,52,V,D3,3,2,97.0,69,47,DC,INTP,15.0,5,3.0,2.0,8.0,3.0,5.0,3.0,4.0,8.0,2.0,1.0,1.0,8.0,8.0,null,null,5.0,3.0,6.0,5.0,4.0,3.8000000000000000,4.0000000000000000,3.8000000000000000,3.6000000000000000,4.0000000000000000,3.2500000000000000,3.7500000000000000,3.2000000000000000,3.6000000000000000,4.0000000000000000,Positivity,Empathy,Achiever
EMP101121,Gita Hasibuan,2.6000000000000000,28,V,D3,3,5,132.0,60,49,SC,ISFJ,35.0,4,1.0,6.0,6.0,7.0,3.0,9.0,2.0,7.0,2.0,7.0,7.0,5.0,7.0,8.0,8.0,9.0,3.0,2.0,3.0,3.0,2.7500000000000000,2.8000000000000000,2.8000000000000000,2.8000000000000000,2.8000000000000000,2.6000000000000000,2.6000000000000000,2.6000000000000000,2.6000000000000000,2.6000000000000000,Woo,Activator,Consistency
EMP101122,Maya Utami,2.2000000000000000,48,IV,D3,2,1,95.0,88,68,null,INTJ,19.0,5,6.0,3.0,4.0,7.0,4.0,8.0,5.0,1.0,4.0,null,9.0,6.0,4.0,1.0,4.0,4.0,8.0,1.0,null,3.0,2.2500000000000000,2.2000000000000000,2.5000000000000000,2.0000000000000000,2.7500000000000000,3.0000000000000000,2.6000000000000000,1.7500000000000000,2.4000000000000000,2.4000000000000000,Responsibility,Empathy,
EMP101123,Dian Kurniawan,3.4000000000000000,50,III,S2,1,2,87.0,95,64,SI,ESFJ,23.0,5,9.0,2.0,5.0,7.0,8.0,3.0,3.0,4.0,3.0,3.0,3.0,3.0,4.0,null,9.0,2.0,9.0,6.0,6.0,9.0,1.7500000000000000,2.0000000000000000,1.8000000000000000,2.6000000000000000,2.2500000000000000,2.8000000000000000,2.2000000000000000,2.7500000000000000,2.0000000000000000,2.5000000000000000,Positivity,Includer,
EMP101124,Cahyo Tri Maulida,2.4000000000000000,77,III,S2,1,1,null,80,35,CD,ESFP,29.0,9,7.0,null,5.0,null,1.0,7.0,6.0,2.0,3.0,5.0,3.0,3.0,7.0,6.0,5.0,4.0,6.0,9.0,6.0,7.0,2.2500000000000000,2.8000000000000000,2.2000000000000000,2.0000000000000000,2.4000000000000000,2.0000000000000000,2.2500000000000000,2.8000000000000000,2.3333333333333333,3.0000000000000000,Focus,Adaptability,
EMP101125,Nabila Halim,3.0000000000000000,18,V,S1,3,6,115.0,38,60,IS,ESTJ,27.0,10,5.0,3.0,8.0,6.0,3.0,7.0,1.0,1.0,5.0,6.0,8.0,1.0,8.0,2.0,1.0,4.0,6.0,6.0,1.0,null,3.2500000000000000,3.0000000000000000,2.2500000000000000,3.2500000000000000,2.2500000000000000,2.7500000000000000,3.2500000000000000,2.7500000000000000,2.6666666666666667,2.5000000000000000,Analytical,Input,Arranger
EMP101126,Ayunda Jatmiko Zulfikar,3.0000000000000000,61,IV,S1,2,3,80.0,63,43,ID,ISTP,28.0,5,9.0,null,null,7.0,2.0,9.0,8.0,8.0,null,4.0,null,3.0,3.0,6.0,2.0,3.0,6.0,8.0,1.0,1.0,3.6000000000000000,4.0000000000000000,3.5000000000000000,23.0000000000000000,2.7500000000000000,3.0000000000000000,2.8000000000000000,3.0000000000000000,3.2000000000000000,3.2000000000000000,Activator,Arranger,Deliberative
EMP101127,Valdo Hasibuan,3.8000000000000000,48,V,S2,3,1,94.0,78,84,DI,ESTJ,35.0,10,6.0,7.0,9.0,3.0,9.0,3.0,5.0,3.0,2.0,8.0,9.0,9.0,7.0,null,4.0,null,1.0,8.0,8.0,null,3.0000000000000000,4.0000000000000000,4.2500000000000000,3.8000000000000000,3.4000000000000000,4.0000000000000000,4.0000000000000000,4.0000000000000000,4.0000000000000000,3.2500000000000000,Command,Belief,Intellection
EMP101128,Kartika Setiawan,2.8000000000000000,78,V,S1,3,5,82.0,61,49,DC,ISFP,40.0,5,null,1.0,6.0,9.0,3.0,1.0,3.0,null,7.0,1.0,4.0,2.0,6.0,8.0,3.0,1.0,1.0,8.0,null,null,3.2000000000000000,2.4000000000000000,2.3333333333333333,3.0000000000000000,3.0000000000000000,2.6000000000000000,2.2500000000000000,2.2000000000000000,2.8000000000000000,2.8000000000000000,Positivity,Competition,
EMP101129,Rendra Purnama,3.4000000000000000,72,IV,S1,2,4,101.0,99,79,IC,INFJ,27.0,7,3.0,null,8.0,null,4.0,9.0,7.0,2.0,7.0,null,3.0,7.0,7.0,8.0,null,4.0,8.0,8.0,9.0,8.0,3.2000000000000000,3.5000000000000000,3.8000000000000000,3.2000000000000000,3.4000000000000000,3.8000000000000000,3.2000000000000000,3.5000000000000000,3.0000000000000000,2.8000000000000000,Woo,Focus,
EMP101130,Rifqi Kusuma,3.2000000000000000,24,V,SMA,3,1,104.0,49,40,DS,ENTJ,36.0,5,6.0,6.0,2.0,7.0,9.0,3.0,6.0,6.0,8.0,4.0,6.0,6.0,4.0,null,3.0,8.0,8.0,1.0,4.0,9.0,3.2000000000000000,2.8000000000000000,3.2500000000000000,3.4000000000000000,3.2000000000000000,2.6000000000000000,2.7500000000000000,3.4000000000000000,3.0000000000000000,3.0000000000000000,Woo,Deliberative,Activator
EMP101131,Lestari Candra Nugroho,3.4000000000000000,42,IV,S1,2,3,108.0,67,84,null,ISFJ,34.0,9,4.0,9.0,5.0,3.0,9.0,3.0,4.0,8.0,5.0,3.0,1.0,4.0,3.0,6.0,3.0,2.0,4.0,7.0,2.0,2.0,3.8000000000000000,3.4000000000000000,3.0000000000000000,3.6000000000000000,3.4000000000000000,3.6000000000000000,3.0000000000000000,3.3333333333333333,3.5000000000000000,3.2000000000000000,Adaptability,Discipline,Communication
EMP101132,Umar Pradana,3.0000000000000000,39,V,D3,3,3,112.0,77,70,CI,ESTJ,32.0,4,8.0,9.0,2.0,5.0,8.0,6.0,null,1.0,2.0,1.0,null,2.0,7.0,4.0,9.0,4.0,3.0,7.0,6.0,3.0,2.6000000000000000,2.8000000000000000,3.2000000000000000,2.8000000000000000,3.0000000000000000,2.7500000000000000,2.2000000000000000,2.0000000000000000,2.6666666666666667,3.0000000000000000,Consistency,Individualization,Self-Assurance
EMP101133,Rendra Subekti,3.7500000000000000,62,III,S1,1,5,108.0,90,50,CI,INTJ,33.0,5,3.0,2.0,5.0,7.0,8.0,8.0,6.0,2.0,8.0,8.0,3.0,4.0,8.0,6.0,6.0,2.0,8.0,9.0,9.0,6.0,3.2500000000000000,3.6000000000000000,2.6000000000000000,3.5000000000000000,3.0000000000000000,3.7500000000000000,4.0000000000000000,3.6666666666666667,3.4000000000000000,3.2500000000000000,Command,Restorative,Intellection
EMP101134,Kurnia Dharma Putra,3.0000000000000000,96,III,SMA,1,6,109.0,22,80,DI,INFP,31.0,3,9.0,3.0,7.0,5.0,3.0,7.0,5.0,3.0,2.0,9.0,2.0,4.0,5.0,7.0,4.0,9.0,9.0,6.0,5.0,9.0,3.6000000000000000,2.5000000000000000,3.8000000000000000,3.6000000000000000,3.0000000000000000,3.4000000000000000,3.2000000000000000,3.2500000000000000,2.7500000000000000,3.4000000000000000,Restorative,Input,Discipline
EMP101135,Adit Rohman,2.7500000000000000,28,V,S2,3,2,116.0,25,40,DS,null,37.0,3,2.0,4.0,4.0,5.0,9.0,8.0,8.0,5.0,1.0,4.0,2.0,8.0,null,7.0,2.0,5.0,null,4.0,9.0,9.0,1.4000000000000000,2.5000000000000000,3.2000000000000000,2.8000000000000000,2.6000000000000000,2.2500000000000000,3.0000000000000000,2.8000000000000000,2.7500000000000000,2.2500000000000000,Consistency,,Deliberative
EMP101136,Arif Saputra Halim,3.4000000000000000,55,III,S2,1,1,116.0,30,57,DC,ISTJ,33.0,1,3.0,1.0,3.0,5.0,5.0,6.0,1.0,7.0,1.0,3.0,7.0,7.0,1.0,9.0,null,4.0,3.0,3.0,7.0,1.0,3.6000000000000000,3.2000000000000000,27.5000000000000000,3.4000000000000000,3.2000000000000000,3.8000000000000000,3.0000000000000000,3.8000000000000000,3.0000000000000000,3.6000000000000000,Analytical,Learner,Discipline
EMP101137,Nabila Putra,4.0000000000000000,25,V,SMA,3,2,null,70,75,DS,ESTJ,null,7,7.0,6.0,null,5.0,2.0,null,6.0,7.0,7.0,9.0,null,null,8.0,2.0,3.0,6.0,null,9.0,7.0,null,3.4000000000000000,4.0000000000000000,4.0000000000000000,3.8000000000000000,4.0000000000000000,4.0000000000000000,4.0000000000000000,4.0000000000000000,3.5000000000000000,3.8000000000000000,Ideation,Command,Relator
EMP101138,Rizka Kusuma,3.2000000000000000,39,V,D3,3,6,137.0,25,57,IS,ISFP,25.0,3,2.0,6.0,9.0,3.0,5.0,9.0,1.0,5.0,5.0,1.0,7.0,4.0,8.0,1.0,1.0,8.0,7.0,6.0,null,5.0,3.6000000000000000,3.2000000000000000,3.2000000000000000,3.2000000000000000,3.0000000000000000,3.0000000000000000,3.8000000000000000,3.0000000000000000,2.8000000000000000,3.0000000000000000,Input,Arranger,Achiever
EMP101139,Rendra Gunawan,3.6000000000000000,65,V,SMA,3,5,null,44,28,CI,ENFJ,null,7,2.0,4.0,7.0,1.0,null,2.0,3.0,2.0,4.0,5.0,3.0,3.0,3.0,6.0,5.0,2.0,5.0,3.0,6.0,2.0,3.0000000000000000,3.7500000000000000,3.6000000000000000,3.2000000000000000,3.4000000000000000,4.0000000000000000,3.4000000000000000,3.4000000000000000,3.4000000000000000,3.4000000000000000,Context,Connectedness,Consistency
EMP101140,Wahyu Nabila Purnama,3.0000000000000000,61,IV,S1,2,2,128.0,53,56,SI,ENFJ,16.0,8,2.0,9.0,7.0,3.0,6.0,7.0,5.0,8.0,9.0,8.0,6.0,3.0,7.0,8.0,5.0,6.0,1.0,2.0,9.0,1.0,2.8000000000000000,3.2000000000000000,3.0000000000000000,27.2500000000000000,2.8000000000000000,3.0000000000000000,2.4000000000000000,3.2000000000000000,3.4000000000000000,2.6666666666666667,Command,Significance,Learner
EMP101141,Dwi Hartanto,3.2000000000000000,95,III,S2,1,3,null,66,43,ID,ISFJ,26.0,7,7.0,9.0,1.0,2.0,5.0,7.0,6.0,3.0,9.0,8.0,2.0,9.0,3.0,7.0,7.0,6.0,2.0,4.0,3.0,4.0,3.4000000000000000,3.5000000000000000,3.7500000000000000,3.3333333333333333,3.6000000000000000,3.2000000000000000,3.0000000000000000,3.2500000000000000,3.7500000000000000,3.2000000000000000,Harmony,Maximizer,Communication
EMP101142,Rani Kusuma Putra,2.6000000000000000,76,V,S1,3,1,113.0,36,57,SI,ENFP,22.0,1,7.0,null,3.0,3.0,7.0,4.0,1.0,5.0,4.0,1.0,null,4.0,5.0,8.0,1.0,6.0,6.0,5.0,7.0,4.0,2.6000000000000000,1.7500000000000000,2.8000000000000000,2.0000000000000000,2.4000000000000000,2.8000000000000000,2.8000000000000000,2.6000000000000000,2.4000000000000000,2.0000000000000000,Responsibility,Harmony,Empathy
EMP101143,Ayunda Purnama,2.6000000000000000,65,V,D3,3,5,127.0,42,81,DC,ESTP,38.0,3,8.0,2.0,8.0,9.0,9.0,8.0,2.0,null,2.0,4.0,1.0,2.0,6.0,4.0,4.0,1.0,7.0,6.0,6.0,1.0,2.8000000000000000,2.8000000000000000,2.6000000000000000,2.4000000000000000,3.0000000000000000,2.7500000000000000,3.2000000000000000,2.4000000000000000,2.6000000000000000,2.2500000000000000,Significance,Ideation,Self-Assurance
EMP101144,Rifqi Maulida,3.7500000000000000,37,IV,S2,2,1,93.0,94,64,SD,ENFJ,31.0,4,1.0,6.0,7.0,3.0,3.0,6.0,9.0,6.0,null,1.0,6.0,2.0,7.0,1.0,null,2.0,2.0,2.0,4.0,5.0,3.2500000000000000,3.4000000000000000,3.2500000000000000,3.7500000000000000,3.4000000000000000,3.6000000000000000,3.8000000000000000,3.8000000000000000,4.0000000000000000,3.8000000000000000,,Belief,
EMP101145,Yoga Adi Halim,3.2500000000000000,46,V,S2,3,1,90.0,99,40,DC,ISFP,35.0,8,7.0,5.0,4.0,null,1.0,7.0,4.0,4.0,null,5.0,1.0,4.0,6.0,null,3.0,2.0,7.0,null,5.0,7.0,3.6000000000000000,3.2000000000000000,3.4000000000000000,2.7500000000000000,3.2500000000000000,3.6000000000000000,3.6000000000000000,3.6666666666666667,3.0000000000000000,3.6000000000000000,Discipline,Competition,Woo
EMP101146,Ayu Suharto,2.7500000000000000,37,III,SMA,1,1,null,48,46,IC,ISTP,null,9,8.0,2.0,null,5.0,null,6.0,null,8.0,7.0,3.0,3.0,6.0,null,1.0,1.0,1.0,7.0,1.0,3.0,3.0,2.8000000000000000,3.0000000000000000,3.2000000000000000,3.2500000000000000,3.0000000000000000,3.0000000000000000,3.2500000000000000,3.2000000000000000,3.0000000000000000,3.0000000000000000,,Woo,Responsibility
EMP101147,Anisa Kusuma,4.0000000000000000,70,III,S1,1,4,111.0,28,20,CD,ISTP,35.0,8,7.0,9.0,7.0,3.0,7.0,7.0,4.0,5.0,null,4.0,7.0,null,3.0,7.0,2.0,8.0,5.0,null,2.0,4.0,4.2500000000000000,3.8000000000000000,3.8000000000000000,4.0000000000000000,4.0000000000000000,4.2000000000000000,3.4000000000000000,4.0000000000000000,4.0000000000000000,3.4000000000000000,Positivity,Includer,Learner
EMP101148,Ahmad Hartanto,3.4000000000000000,81,IV,S2,2,5,137.0,20,49,DS,null,34.0,2,4.0,3.0,1.0,9.0,9.0,5.0,null,7.0,4.0,1.0,2.0,null,5.0,2.0,4.0,3.0,7.0,4.0,7.0,7.0,3.0000000000000000,3.6000000000000000,3.4000000000000000,3.2000000000000000,3.4000000000000000,3.2000000000000000,3.0000000000000000,3.2000000000000000,3.2000000000000000,3.2500000000000000,,Deliberative,Maximizer
EMP101149,Utami Zulfikar Siregar,2.8000000000000000,46,V,S1,3,1,83.0,90,93,SC,INTJ,20.0,9,8.0,4.0,4.0,6.0,7.0,2.0,7.0,1.0,null,3.0,4.0,1.0,1.0,3.0,5.0,2.0,2.0,1.0,1.0,8.0,26.7500000000000000,3.2000000000000000,2.7500000000000000,2.6000000000000000,41.6000000000000000,2.8000000000000000,2.6000000000000000,3.5000000000000000,2.6000000000000000,2.5000000000000000,Strategic,Achiever,
EMP101150,Wahyu Pramudita Indrawan,3.4000000000000000,56,V,S2,3,3,118.0,76,53,CI,ENTP,39.0,1,9.0,4.0,6.0,1.0,5.0,4.0,4.0,8.0,3.0,1.0,3.0,2.0,1.0,6.0,2.0,6.0,8.0,5.0,8.0,1.0,3.2000000000000000,3.4000000000000000,3.7500000000000000,3.7500000000000000,3.4000000000000000,3.4000000000000000,2.8000000000000000,2.7500000000000000,3.5000000000000000,4.0000000000000000,Self-Assurance,Deliberative,Developer
EMP101151,Dwi Adi Wijaya,3.6000000000000000,28,III,D3,1,4,86.0,49,94,CI,ISTP,22.0,9,7.0,1.0,4.0,3.0,9.0,2.0,4.0,null,7.0,6.0,1.0,4.0,4.0,8.0,2.0,6.0,9.0,8.0,2.0,5.0,3.4000000000000000,3.2500000000000000,3.6000000000000000,3.2000000000000000,3.8000000000000000,3.7500000000000000,5.0000000000000000,3.8000000000000000,3.8000000000000000,3.0000000000000000,Developer,Achiever,Harmony
EMP101152,Dewi Nabila Hasibuan,2.8000000000000000,74,IV,D3,2,1,null,29,21,SI,ENFP,null,8,7.0,1.0,9.0,1.0,3.0,6.0,2.0,2.0,9.0,8.0,9.0,5.0,5.0,9.0,9.0,2.0,6.0,4.0,7.0,1.0,3.0000000000000000,2.8000000000000000,3.0000000000000000,2.7500000000000000,2.8000000000000000,2.6000000000000000,2.8000000000000000,3.0000000000000000,3.5000000000000000,2.6000000000000000,Communication,Maximizer,Connectedness
EMP101153,Ayunda Siregar,3.6000000000000000,112,III,SMA,1,2,91.0,40,32,null,INTJ,34.0,5,6.0,1.0,9.0,3.0,9.0,1.0,4.0,1.0,5.0,1.0,7.0,8.0,5.0,4.0,2.0,5.0,null,4.0,1.0,null,3.8000000000000000,3.2000000000000000,4.0000000000000000,3.4000000000000000,3.8000000000000000,4.0000000000000000,3.0000000000000000,4.0000000000000000,3.6000000000000000,3.6000000000000000,Relator,Input,Deliberative
EMP101154,Gita Aji Simanjuntak,3.8000000000000000,78,III,SMA,1,6,116.0,49,75,SC,ISFP,41.0,2,null,7.0,3.0,3.0,2.0,null,6.0,2.0,8.0,5.0,1.0,7.0,9.0,9.0,9.0,8.0,null,8.0,8.0,7.0,2.0000000000000000,2.4000000000000000,2.6000000000000000,2.6000000000000000,3.2500000000000000,2.7500000000000000,2.8000000000000000,3.0000000000000000,3.0000000000000000,2.4000000000000000,Deliberative,Input,Adaptability
EMP101155,Rizki Baskara Permadi,4.2500000000000000,128,III,S1,1,2,null,56,22,CD,ESFP,null,1,3.0,5.0,3.0,1.0,6.0,2.0,9.0,null,4.0,8.0,3.0,8.0,6.0,1.0,3.0,6.0,7.0,6.0,3.0,1.0,3.8000000000000000,3.6000000000000000,3.5000000000000000,4.2500000000000000,4.0000000000000000,4.0000000000000000,3.6000000000000000,4.2000000000000000,4.2000000000000000,3.8000000000000000,Relator,Arranger,Deliberative
EMP101156,Adi Halim,2.5000000000000000,55,III,S2,1,4,null,100,63,IC,ESTJ,25.0,3,9.0,9.0,9.0,9.0,1.0,5.0,7.0,4.0,9.0,1.0,3.0,8.0,7.0,1.0,null,1.0,2.0,7.0,null,7.0,2.6000000000000000,2.4000000000000000,2.5000000000000000,2.7500000000000000,2.2000000000000000,2.0000000000000000,3.4000000000000000,2.0000000000000000,2.2000000000000000,2.4000000000000000,Communication,Belief,Ideation
EMP101157,Galih Iqbal Pradana,3.0000000000000000,61,IV,D3,2,1,108.0,48,69,SC,ENTJ,32.0,1,4.0,5.0,9.0,2.0,null,5.0,null,4.0,2.0,4.0,5.0,2.0,5.0,8.0,5.0,8.0,8.0,8.0,9.0,9.0,3.2000000000000000,3.2000000000000000,3.0000000000000000,3.0000000000000000,22.4000000000000000,3.7500000000000000,3.6000000000000000,22.0000000000000000,3.0000000000000000,3.0000000000000000,Discipline,Analytical,Ideation
EMP101158,Putri Saputra Sinaga,3.5000000000000000,56,III,SMA,1,2,127.0,34,50,DS,ENTP,30.0,8,4.0,2.0,8.0,2.0,9.0,5.0,7.0,2.0,8.0,4.0,4.0,6.0,9.0,2.0,6.0,1.0,9.0,8.0,4.0,9.0,3.6000000000000000,3.4000000000000000,3.2000000000000000,2.8000000000000000,3.2000000000000000,3.6000000000000000,2.7500000000000000,3.2500000000000000,3.0000000000000000,3.5000000000000000,Includer,Ideation,Responsibility
EMP101159,Vania Maulana,3.8000000000000000,111,V,S2,3,3,111.0,92,66,SC,INTP,25.0,5,2.0,3.0,2.0,null,8.0,6.0,8.0,9.0,9.0,9.0,2.0,8.0,6.0,5.0,1.0,9.0,1.0,1.0,1.0,2.0,3.0000000000000000,2.8000000000000000,3.0000000000000000,2.2500000000000000,2.6000000000000000,3.0000000000000000,2.5000000000000000,3.0000000000000000,2.2500000000000000,2.7500000000000000,Futuristic,Analytical,Strategic
EMP101160,Oka Lestari Wijaya,2.8000000000000000,52,III,SMA,1,3,null,78,31,CI,ENTP,null,2,1.0,8.0,1.0,7.0,6.0,7.0,9.0,6.0,9.0,6.0,3.0,7.0,1.0,5.0,1.0,1.0,1.0,9.0,3.0,null,3.0000000000000000,2.2000000000000000,3.0000000000000000,2.7500000000000000,2.6000000000000000,2.7500000000000000,2.8000000000000000,2.7500000000000000,3.3333333333333333,2.7500000000000000,Self-Assurance,Belief,Relator
EMP101161,Fajar Ramadhan,3.0000000000000000,1,III,S2,1,3,87.0,26,28,DC,null,30.0,10,9.0,1.0,6.0,9.0,8.0,null,7.0,7.0,null,2.0,5.0,1.0,2.0,4.0,8.0,null,9.0,8.0,2.0,4.0,3.0000000000000000,2.7500000000000000,3.2500000000000000,2.7500000000000000,2.6666666666666667,3.0000000000000000,2.3333333333333333,3.2500000000000000,2.6666666666666667,3.5000000000000000,Empathy,Analytical,Intellection
EMP101162,Hadi Lestari,2.6000000000000000,61,IV,S1,2,3,86.0,39,59,DS,ESFP,21.0,5,6.0,5.0,3.0,null,7.0,6.0,3.0,6.0,null,2.0,7.0,5.0,4.0,2.0,8.0,7.0,1.0,7.0,9.0,5.0,2.6000000000000000,2.2500000000000000,2.3333333333333333,2.4000000000000000,2.7500000000000000,2.4000000000000000,2.4000000000000000,3.6000000000000000,3.2500000000000000,2.2000000000000000,Maximizer,Communication,Positivity
EMP101163,Maya Suharto,2.6000000000000000,32,V,S1,3,3,99.0,26,38,SC,ESFJ,31.0,8,4.0,3.0,2.0,null,8.0,6.0,1.0,5.0,3.0,9.0,2.0,2.0,6.0,4.0,4.0,null,null,7.0,6.0,1.0,2.2000000000000000,2.6000000000000000,2.8000000000000000,2.7500000000000000,2.2000000000000000,2.5000000000000000,2.7500000000000000,2.4000000000000000,3.0000000000000000,2.5000000000000000,Activator,Strategic,Positivity
EMP101164,Nabila Subekti,3.4000000000000000,89,V,S1,3,2,104.0,34,68,CD,ESTP,13.0,7,7.0,null,2.0,4.0,8.0,7.0,4.0,6.0,1.0,1.0,6.0,6.0,8.0,2.0,1.0,1.0,9.0,6.0,6.0,7.0,3.5000000000000000,3.2000000000000000,3.2500000000000000,3.0000000000000000,3.2000000000000000,3.4000000000000000,3.2500000000000000,3.6000000000000000,3.6000000000000000,3.5000000000000000,Input,Discipline,Adaptability
EMP101165,Kartika Iqbal Gunawan,3.5000000000000000,21,III,S2,1,3,83.0,37,82,SC,ENTJ,29.0,3,2.0,3.0,3.0,4.0,4.0,8.0,8.0,5.0,2.0,7.0,2.0,8.0,7.0,8.0,null,9.0,8.0,8.0,2.0,8.0,3.2500000000000000,3.3333333333333333,3.5000000000000000,3.7500000000000000,3.5000000000000000,3.3333333333333333,3.3333333333333333,3.0000000000000000,2.0000000000000000,3.5000000000000000,Harmony,Input,Competition
EMP101166,Utami Qolbi Halim,3.7500000000000000,71,III,SMA,1,3,106.0,47,60,SC,ESFJ,33.0,9,9.0,8.0,5.0,1.0,7.0,5.0,4.0,6.0,3.0,7.0,9.0,5.0,7.0,1.0,7.0,2.0,6.0,3.0,9.0,2.0,4.0000000000000000,3.0000000000000000,4.0000000000000000,3.7500000000000000,3.6000000000000000,3.8000000000000000,3.8000000000000000,3.6000000000000000,3.7500000000000000,4.0000000000000000,Arranger,Ideation,Strategic
EMP101167,Rama Utami,3.6000000000000000,44,IV,S2,2,3,86.0,27,48,IS,ENTP,30.0,2,8.0,4.0,9.0,4.0,5.0,1.0,1.0,6.0,1.0,4.0,6.0,null,3.0,null,2.0,6.0,8.0,7.0,8.0,4.0,3.6000000000000000,4.0000000000000000,3.6666666666666667,3.2500000000000000,3.6000000000000000,3.4000000000000000,3.6000000000000000,4.0000000000000000,3.2000000000000000,4.0000000000000000,Achiever,Strategic,Self-Assurance
EMP101168,Oka Permadi,3.0000000000000000,24,IV,S2,2,4,134.0,26,92,null,ENFJ,29.0,8,9.0,7.0,7.0,1.0,4.0,null,4.0,2.0,null,null,3.0,8.0,8.0,5.0,6.0,1.0,1.0,7.0,6.0,1.0,2.4000000000000000,3.0000000000000000,2.2000000000000000,2.7500000000000000,2.6000000000000000,3.2000000000000000,3.4000000000000000,27.5000000000000000,4.0000000000000000,3.0000000000000000,Belief,Learner,Restorative
EMP101169,Anisa Wijaya Maulana,3.0000000000000000,73,III,S1,1,1,89.0,78,41,SD,ISFJ,31.0,8,9.0,4.0,3.0,4.0,2.0,3.0,7.0,2.0,2.0,4.0,5.0,5.0,9.0,2.0,2.0,3.0,9.0,8.0,7.0,5.0,2.4000000000000000,2.8000000000000000,2.6000000000000000,2.6000000000000000,3.0000000000000000,3.0000000000000000,2.2500000000000000,3.2500000000000000,3.0000000000000000,3.0000000000000000,Strategic,Ideation,Futuristic
EMP101170,Dewi Jatmiko Indrawan,3.5000000000000000,19,III,S2,1,2,127.0,58,67,SC,ENFJ,31.0,7,8.0,4.0,9.0,null,6.0,2.0,4.0,3.0,2.0,7.0,2.0,8.0,8.0,9.0,6.0,8.0,1.0,6.0,5.0,2.0,4.0000000000000000,3.0000000000000000,3.2500000000000000,3.5000000000000000,3.5000000000000000,3.5000000000000000,2.7500000000000000,3.5000000000000000,3.0000000000000000,3.7500000000000000,Harmony,Arranger,Competition
EMP101171,Maya Baskara Suharto,3.4000000000000000,74,V,S1,3,4,null,84,84,SC,ENFP,30.0,5,6.0,9.0,1.0,8.0,3.0,1.0,6.0,4.0,3.0,2.0,9.0,5.0,1.0,7.0,2.0,9.0,null,9.0,6.0,7.0,3.5000000000000000,2.6666666666666667,3.6000000000000000,3.4000000000000000,3.6000000000000000,3.7500000000000000,3.2500000000000000,2.8000000000000000,3.8000000000000000,3.4000000000000000,Communication,Focus,Relator
EMP101172,Arif Purnama,2.7500000000000000,81,III,SMA,1,2,null,20,39,ID,ESFP,null,7,6.0,2.0,null,7.0,8.0,2.0,8.0,3.0,9.0,1.0,4.0,6.0,1.0,1.0,3.0,5.0,6.0,6.0,1.0,3.0,2.7500000000000000,3.6000000000000000,3.6666666666666667,3.4000000000000000,3.0000000000000000,3.0000000000000000,3.8000000000000000,3.2500000000000000,3.0000000000000000,3.0000000000000000,Connectedness,Discipline,Communication
EMP101173,Rizki Dharma Rahmawati,3.5000000000000000,58,IV,S1,2,2,81.0,91,82,DS,INFJ,20.0,10,8.0,1.0,8.0,2.0,4.0,9.0,9.0,9.0,6.0,null,4.0,6.0,1.0,8.0,7.0,4.0,1.0,2.0,2.0,9.0,3.7500000000000000,3.4000000000000000,3.2000000000000000,3.4000000000000000,3.2500000000000000,3.6000000000000000,3.7500000000000000,3.2000000000000000,3.0000000000000000,3.2000000000000000,Achiever,Arranger,Deliberative
EMP101174,Yoga Saputra Mahendra,3.2000000000000000,53,IV,S2,2,5,null,45,50,IS,ENFP,null,7,4.0,null,3.0,5.0,null,6.0,null,1.0,9.0,9.0,2.0,null,3.0,8.0,7.0,1.0,8.0,7.0,4.0,5.0,3.8000000000000000,3.0000000000000000,3.0000000000000000,2.8000000000000000,3.0000000000000000,3.2000000000000000,3.2000000000000000,3.4000000000000000,3.0000000000000000,2.7500000000000000,Command,Context,Input
EMP101175,Anisa Yulianto,3.0000000000000000,56,IV,S2,2,5,80.0,36,83,CS,INFJ,40.0,8,9.0,6.0,6.0,null,7.0,2.0,9.0,9.0,5.0,null,6.0,7.0,6.0,3.0,5.0,7.0,1.0,4.0,3.0,3.0,3.2000000000000000,3.2500000000000000,3.2000000000000000,3.0000000000000000,2.7500000000000000,3.0000000000000000,3.4000000000000000,3.2500000000000000,3.5000000000000000,2.8000000000000000,Intellection,Adaptability,Relator
EMP101176,Dimas Tri Pratama,3.6000000000000000,75,III,D3,1,4,117.0,25,96,DS,INFP,25.0,8,7.0,1.0,4.0,5.0,null,6.0,2.0,1.0,9.0,3.0,5.0,1.0,8.0,8.0,9.0,6.0,4.0,7.0,1.0,8.0,3.7500000000000000,3.2500000000000000,3.4000000000000000,4.0000000000000000,3.4000000000000000,26.7500000000000000,3.5000000000000000,3.4000000000000000,3.2500000000000000,3.8000000000000000,Command,Arranger,Learner
EMP101177,Mahendra Siregar,2.6000000000000000,82,IV,SMA,2,1,null,23,40,SI,INFJ,null,10,7.0,9.0,4.0,4.0,1.0,2.0,2.0,null,null,3.0,9.0,null,2.0,3.0,5.0,null,null,2.0,3.0,3.0,2.7500000000000000,2.0000000000000000,2.5000000000000000,22.4000000000000000,2.4000000000000000,2.0000000000000000,2.6000000000000000,3.0000000000000000,2.0000000000000000,2.4000000000000000,Positivity,Futuristic,Individualization
EMP101178,Galih Rahmawati,2.2000000000000000,106,IV,S2,2,1,84.0,73,54,SC,INFJ,15.0,5,6.0,7.0,4.0,8.0,2.0,9.0,9.0,7.0,7.0,null,6.0,1.0,9.0,6.0,3.0,2.0,6.0,7.0,5.0,4.0,2.4000000000000000,2.4000000000000000,2.0000000000000000,3.0000000000000000,2.2000000000000000,2.4000000000000000,2.4000000000000000,2.2000000000000000,2.2000000000000000,2.2500000000000000,Includer,Achiever,Restorative
EMP101179,Rani Jatmiko Indrawan,3.0000000000000000,76,V,D3,3,6,117.0,82,25,ID,ISTJ,30.0,7,2.0,1.0,6.0,6.0,9.0,2.0,7.0,5.0,9.0,6.0,4.0,9.0,4.0,8.0,3.0,9.0,2.0,9.0,8.0,null,2.4000000000000000,2.8000000000000000,2.6000000000000000,3.4000000000000000,3.0000000000000000,2.6666666666666667,3.0000000000000000,2.8000000000000000,3.0000000000000000,3.0000000000000000,Arranger,,Communication
EMP101180,Hana Suharto,3.8000000000000000,29,III,SMA,1,6,null,85,57,IC,ISFP,null,2,9.0,8.0,9.0,8.0,2.0,9.0,4.0,3.0,6.0,2.0,7.0,7.0,8.0,9.0,4.0,5.0,4.0,4.0,9.0,6.0,3.6000000000000000,4.0000000000000000,3.6000000000000000,3.8000000000000000,4.0000000000000000,4.0000000000000000,4.0000000000000000,4.0000000000000000,3.2500000000000000,3.8000000000000000,Competition,Arranger,Belief
EMP101181,Putri Ananda,3.8000000000000000,34,V,D3,3,3,104.0,43,76,SD,INTP,20.0,8,5.0,2.0,8.0,5.0,3.0,7.0,4.0,null,3.0,9.0,1.0,9.0,2.0,8.0,null,9.0,4.0,null,7.0,9.0,3.7500000000000000,4.0000000000000000,4.0000000000000000,3.6000000000000000,4.6666666666666667,3.6000000000000000,3.8000000000000000,3.8000000000000000,3.2500000000000000,3.5000000000000000,Context,Positivity,Deliberative
EMP101182,Valdo Zulfikar Santoso,3.2500000000000000,11,IV,S2,2,1,115.0,55,35,CI,ESFP,29.0,2,1.0,3.0,8.0,8.0,5.0,1.0,2.0,9.0,5.0,8.0,9.0,9.0,7.0,9.0,5.0,5.0,4.0,5.0,4.0,1.0,3.2500000000000000,3.0000000000000000,3.7500000000000000,3.2500000000000000,3.5000000000000000,3.0000000000000000,3.0000000000000000,3.6666666666666667,3.5000000000000000,3.2500000000000000,Developer,Woo,Includer
EMP101183,Gita Adi Wibowo,2.6000000000000000,86,IV,S1,2,3,118.0,38,91,null,ENTP,36.0,10,null,7.0,3.0,6.0,1.0,5.0,9.0,7.0,6.0,1.0,6.0,9.0,null,2.0,9.0,2.0,2.0,6.0,5.0,6.0,2.6000000000000000,2.8000000000000000,2.8000000000000000,2.4000000000000000,2.4000000000000000,2.7500000000000000,2.4000000000000000,2.5000000000000000,3.2000000000000000,3.2500000000000000,,Intellection,Responsibility
EMP101184,Mahendra Dharma Yulianto,2.2500000000000000,62,IV,S2,2,2,122.0,52,31,DI,ISTP,37.0,10,6.0,null,2.0,8.0,5.0,3.0,8.0,8.0,4.0,6.0,7.0,9.0,2.0,9.0,6.0,6.0,1.0,5.0,4.0,7.0,1.7500000000000000,1.5000000000000000,2.2000000000000000,1.7500000000000000,22.0000000000000000,2.4000000000000000,1.5000000000000000,2.5000000000000000,2.0000000000000000,2.0000000000000000,Harmony,Command,Adaptability
EMP101185,Wahyu Utami,2.3333333333333333,23,III,S2,1,3,115.0,22,35,CI,ISFJ,31.0,8,5.0,8.0,5.0,3.0,9.0,9.0,7.0,2.0,3.0,8.0,5.0,1.0,7.0,3.0,7.0,4.0,6.0,6.0,3.0,9.0,3.0000000000000000,2.7500000000000000,2.0000000000000000,3.0000000000000000,3.3333333333333333,3.0000000000000000,2.5000000000000000,2.5000000000000000,2.6666666666666667,2.5000000000000000,Input,Intellection,Includer
EMP101186,Citra Halim Wijaya,3.7500000000000000,21,IV,S2,2,1,110.0,100,85,DS,ESFJ,20.0,9,9.0,null,4.0,4.0,6.0,6.0,2.0,3.0,7.0,4.0,8.0,2.0,7.0,null,3.0,3.0,6.0,null,3.0,1.0,3.6666666666666667,3.2500000000000000,3.5000000000000000,35.0000000000000000,4.2500000000000000,4.0000000000000000,3.7500000000000000,3.6666666666666667,3.5000000000000000,3.5000000000000000,Analytical,Responsibility,Competition
EMP101187,Prasetyo Ananda,2.8000000000000000,45,V,S2,3,2,110.0,74,67,SC,ISTP,33.0,2,9.0,3.0,2.0,5.0,3.0,5.0,5.0,2.0,7.0,7.0,2.0,3.0,5.0,6.0,2.0,null,5.0,9.0,1.0,8.0,3.0000000000000000,3.2000000000000000,2.6000000000000000,2.8000000000000000,2.4000000000000000,2.6000000000000000,2.2000000000000000,3.2000000000000000,2.8000000000000000,2.6000000000000000,Discipline,Woo,Positivity
EMP101188,Julia Utami,3.2000000000000000,54,III,S1,1,4,null,23,67,CI,INFP,null,3,6.0,1.0,4.0,null,3.0,9.0,9.0,6.0,3.0,7.0,8.0,5.0,2.0,null,6.0,4.0,6.0,null,2.0,6.0,3.4000000000000000,2.8000000000000000,3.0000000000000000,3.0000000000000000,3.5000000000000000,3.6000000000000000,3.4000000000000000,3.0000000000000000,3.4000000000000000,3.0000000000000000,Context,Connectedness,Command
EMP101189,Prasetyo Pradana,2.2000000000000000,46,IV,D3,2,6,134.0,78,31,null,ESFP,31.0,8,7.0,1.0,null,2.0,5.0,1.0,2.0,5.0,5.0,4.0,1.0,1.0,4.0,5.0,4.0,8.0,4.0,5.0,6.0,3.0,2.2500000000000000,2.2000000000000000,2.0000000000000000,1.7500000000000000,2.0000000000000000,3.0000000000000000,3.0000000000000000,2.0000000000000000,2.5000000000000000,2.2000000000000000,Self-Assurance,Context,
EMP101190,Kurnia Dharma Kurniawan,2.7500000000000000,9,IV,S2,2,2,87.0,67,87,SD,ENFJ,35.0,2,7.0,4.0,5.0,8.0,6.0,8.0,5.0,8.0,3.0,8.0,6.0,8.0,5.0,6.0,9.0,2.0,9.0,4.0,5.0,4.0,2.7500000000000000,2.2500000000000000,2.2500000000000000,2.7500000000000000,2.7500000000000000,2.5000000000000000,2.5000000000000000,2.6666666666666667,3.2500000000000000,2.2500000000000000,Input,Empathy,Adaptability
EMP101191,Wulan Nugroho,2.7500000000000000,21,V,S2,3,4,140.0,30,30,null,ISTJ,25.0,10,5.0,null,9.0,8.0,3.0,null,3.0,null,6.0,5.0,1.0,1.0,6.0,6.0,4.0,2.0,6.0,null,null,1.0,1.3333333333333333,3.0000000000000000,3.2500000000000000,3.0000000000000000,2.2500000000000000,2.7500000000000000,2.6666666666666667,2.3333333333333333,2.7500000000000000,3.6666666666666667,Empathy,Woo,Futuristic
EMP101192,Galih Aji Permadi,3.2000000000000000,46,IV,D3,2,5,114.0,35,21,DS,ENFP,26.0,10,3.0,3.0,null,5.0,8.0,1.0,7.0,7.0,8.0,2.0,9.0,5.0,8.0,5.0,9.0,1.0,8.0,8.0,2.0,4.0,2.6000000000000000,3.2000000000000000,3.0000000000000000,3.4000000000000000,3.0000000000000000,3.0000000000000000,3.6666666666666667,3.2000000000000000,3.4000000000000000,3.4000000000000000,Individualization,Adaptability,Maximizer
EMP101193,Dwi Utama Handayani,1.8000000000000000,55,V,D3,3,3,103.0,59,86,DS,ENTJ,31.0,6,5.0,2.0,9.0,5.0,7.0,9.0,9.0,9.0,null,3.0,3.0,8.0,4.0,5.0,5.0,7.0,9.0,9.0,3.0,2.0,2.5000000000000000,1.2500000000000000,1.8000000000000000,2.2000000000000000,1.8000000000000000,2.0000000000000000,1.8000000000000000,1.8000000000000000,1.7500000000000000,2.2000000000000000,Arranger,Competition,Context
EMP101194,Prasetyo Candra Subekti,3.8000000000000000,37,V,D3,3,4,105.0,28,77,null,null,30.0,1,5.0,null,5.0,6.0,3.0,7.0,3.0,7.0,7.0,2.0,1.0,1.0,8.0,3.0,3.0,3.0,4.0,8.0,9.0,2.0,3.4000000000000000,4.0000000000000000,4.0000000000000000,3.8000000000000000,3.8000000000000000,3.2000000000000000,4.2000000000000000,3.6000000000000000,3.8000000000000000,3.5000000000000000,Significance,Learner,Analytical
EMP101195,Hana Aji Setiawan,4.0000000000000000,10,V,SMA,3,3,null,67,74,CI,ENFP,null,7,7.0,3.0,7.0,6.0,7.0,8.0,4.0,3.0,null,9.0,3.0,8.0,5.0,1.0,7.0,3.0,4.0,8.0,7.0,7.0,4.6666666666666667,4.0000000000000000,4.2500000000000000,3.7500000000000000,4.6666666666666667,3.3333333333333333,3.6666666666666667,4.0000000000000000,4.2500000000000000,3.2500000000000000,Ideation,Futuristic,Connectedness
EMP101196,Satya Firmansyah,3.6666666666666667,0,V,S1,3,3,90.0,44,89,SI,null,37.0,3,6.0,null,8.0,3.0,null,1.0,8.0,8.0,8.0,2.0,9.0,7.0,6.0,null,1.0,9.0,7.0,7.0,7.0,9.0,4.5000000000000000,4.2500000000000000,3.7500000000000000,4.3333333333333333,3.3333333333333333,3.7500000000000000,3.7500000000000000,3.6666666666666667,4.0000000000000000,4.0000000000000000,,,Context
EMP101197,Cahyo Pamungkas,3.2000000000000000,55,IV,D3,2,2,89.0,67,60,IS,INFJ,25.0,1,6.0,2.0,5.0,6.0,1.0,4.0,8.0,2.0,8.0,5.0,6.0,4.0,8.0,3.0,3.0,null,1.0,2.0,7.0,6.0,2.7500000000000000,3.4000000000000000,3.5000000000000000,3.2000000000000000,3.0000000000000000,2.8000000000000000,3.2500000000000000,3.2500000000000000,4.0000000000000000,3.0000000000000000,,Individualization,Intellection
EMP101198,Nadia Pratomo,3.0000000000000000,39,III,S1,1,6,82.0,53,55,null,ENTP,30.0,8,6.0,8.0,1.0,1.0,7.0,2.0,5.0,5.0,7.0,1.0,3.0,8.0,4.0,null,4.0,4.0,4.0,7.0,1.0,3.0,3.6000000000000000,3.2000000000000000,2.8000000000000000,3.4000000000000000,3.4000000000000000,3.4000000000000000,3.2500000000000000,3.0000000000000000,2.6000000000000000,3.2000000000000000,Strategic,Ideation,Maximizer
EMP101199,Umar Rachman Hidayat,3.2500000000000000,26,III,S2,1,1,109.0,73,82,DI,ENFP,30.0,8,2.0,6.0,1.0,9.0,9.0,6.0,4.0,3.0,null,7.0,5.0,8.0,7.0,2.0,3.0,null,4.0,null,6.0,6.0,2.8000000000000000,3.5000000000000000,2.6666666666666667,3.0000000000000000,3.2500000000000000,3.0000000000000000,2.7500000000000000,2.2500000000000000,2.6666666666666667,2.2000000000000000,Arranger,Includer,Self-Assurance
EMP101200,Anisa Ridwan,2.8000000000000000,68,V,SMA,3,3,119.0,59,51,SC,ISFP,35.0,3,9.0,1.0,1.0,7.0,null,7.0,2.0,3.0,2.0,2.0,5.0,7.0,6.0,2.0,3.0,9.0,8.0,1.0,null,7.0,3.0000000000000000,2.8000000000000000,3.4000000000000000,3.0000000000000000,3.0000000000000000,2.7500000000000000,3.0000000000000000,2.8000000000000000,2.8000000000000000,2.8000000000000000,Discipline,Arranger,Analytical
EMP101201,Valdo Sinaga,3.2000000000000000,43,III,S1,1,3,120.0,56,95,CI,ENFJ,32.0,5,6.0,6.0,2.0,3.0,4.0,9.0,8.0,6.0,null,null,5.0,3.0,1.0,3.0,4.0,6.0,8.0,3.0,9.0,8.0,3.2500000000000000,2.7500000000000000,3.6000000000000000,3.0000000000000000,3.6000000000000000,3.2500000000000000,3.4000000000000000,3.5000000000000000,3.4000000000000000,3.4000000000000000,Achiever,Consistency,Connectedness
EMP101202,Valdo Utami,3.0000000000000000,15,III,D3,1,3,null,75,55,DC,ESFJ,null,7,3.0,4.0,5.0,null,1.0,5.0,5.0,null,8.0,9.0,1.0,3.0,9.0,1.0,4.0,4.0,1.0,3.0,6.0,7.0,3.2500000000000000,3.7500000000000000,3.2500000000000000,2.7500000000000000,3.2500000000000000,2.5000000000000000,3.6666666666666667,3.3333333333333333,3.6666666666666667,3.2500000000000000,Futuristic,Strategic,Positivity
EMP101203,Dwi Lestari,3.0000000000000000,84,V,D3,3,5,88.0,39,22,CD,INTP,30.0,9,7.0,4.0,5.0,3.0,6.0,6.0,null,4.0,2.0,2.0,1.0,9.0,1.0,5.0,4.0,3.0,4.0,6.0,3.0,7.0,3.2500000000000000,3.0000000000000000,3.0000000000000000,3.2500000000000000,3.5000000000000000,3.0000000000000000,4.0000000000000000,3.0000000000000000,3.2000000000000000,2.8000000000000000,Harmony,Developer,
EMP101204,Kartika Nugroho,3.6000000000000000,96,IV,S1,2,3,null,98,52,DC,ENFJ,null,1,1.0,4.0,3.0,7.0,5.0,8.0,1.0,3.0,9.0,4.0,4.0,6.0,6.0,4.0,9.0,4.0,5.0,3.0,2.0,null,3.5000000000000000,3.5000000000000000,3.6000000000000000,3.4000000000000000,3.8000000000000000,3.6000000000000000,3.8000000000000000,3.5000000000000000,4.4000000000000000,3.4000000000000000,Consistency,Input,Discipline
EMP101205,Nurlita Qolbi Tamba,2.8000000000000000,27,IV,S1,2,3,null,99,24,SD,ENTJ,null,7,5.0,8.0,3.0,null,7.0,1.0,4.0,5.0,6.0,9.0,null,4.0,4.0,3.0,3.0,2.0,1.0,6.0,7.0,8.0,2.6000000000000000,3.0000000000000000,3.3333333333333333,3.0000000000000000,3.0000000000000000,3.0000000000000000,3.2500000000000000,3.6000000000000000,2.8000000000000000,2.5000000000000000,Learner,Strategic,Analytical
EMP101206,Utami Siregar,3.2000000000000000,58,IV,S1,2,2,null,54,70,DI,ENFJ,null,10,5.0,7.0,2.0,9.0,9.0,3.0,2.0,4.0,null,6.0,9.0,6.0,5.0,5.0,4.0,9.0,1.0,1.0,9.0,1.0,3.0000000000000000,3.4000000000000000,2.6000000000000000,3.5000000000000000,3.2000000000000000,2.5000000000000000,3.0000000000000000,3.0000000000000000,3.0000000000000000,2.7500000000000000,Woo,,Positivity
EMP101207,Adi Salsabila,3.7500000000000000,47,III,S1,1,3,130.0,77,59,SD,null,33.0,10,null,6.0,1.0,9.0,5.0,9.0,8.0,9.0,9.0,5.0,4.0,8.0,3.0,2.0,5.0,8.0,4.0,null,5.0,6.0,4.0000000000000000,3.2500000000000000,4.6666666666666667,3.8000000000000000,3.8000000000000000,4.4000000000000000,3.8000000000000000,4.2000000000000000,4.6000000000000000,4.0000000000000000,Belief,Ideation,Consistency
EMP101208,Dimas Siregar,3.5000000000000000,92,III,D3,1,1,null,67,85,CI,ISTJ,27.0,4,2.0,5.0,4.0,9.0,4.0,null,8.0,4.0,1.0,1.0,1.0,7.0,3.0,8.0,8.0,1.0,7.0,null,null,1.0,3.6000000000000000,3.6000000000000000,3.4000000000000000,3.8000000000000000,3.7500000000000000,3.2000000000000000,4.0000000000000000,2.8000000000000000,3.0000000000000000,2.7500000000000000,Communication,Achiever,Maximizer
EMP101209,Zaki Indrawan,2.3333333333333333,22,III,SMA,1,4,127.0,62,28,IC,INFJ,26.0,7,3.0,2.0,1.0,7.0,9.0,null,1.0,1.0,null,7.0,null,9.0,4.0,5.0,5.0,8.0,7.0,2.0,9.0,7.0,2.2500000000000000,2.7500000000000000,1.5000000000000000,2.6666666666666667,2.5000000000000000,2.6666666666666667,2.2500000000000000,2.2500000000000000,2.2500000000000000,2.3333333333333333,Discipline,Analytical,Relator
EMP101210,Luthfi Lestari Rahmawati,3.0000000000000000,72,V,D3,3,3,103.0,67,87,CD,ISTJ,25.0,1,7.0,2.0,8.0,9.0,1.0,7.0,3.0,9.0,2.0,5.0,3.0,5.0,4.0,6.0,2.0,6.0,5.0,4.0,5.0,6.0,3.2000000000000000,3.2000000000000000,3.4000000000000000,2.7500000000000000,2.8000000000000000,3.0000000000000000,2.4000000000000000,3.2000000000000000,2.7500000000000000,2.8000000000000000,Achiever,Self-Assurance,Analytical
EMP101211,Valdo Ananda,3.2000000000000000,92,IV,S2,2,1,137.0,94,62,DI,ENTJ,27.0,1,2.0,9.0,4.0,3.0,null,2.0,5.0,8.0,null,6.0,2.0,1.0,6.0,7.0,6.0,6.0,null,6.0,1.0,8.0,2.8000000000000000,3.4000000000000000,2.6666666666666667,3.6000000000000000,2.8000000000000000,3.6000000000000000,3.0000000000000000,3.2000000000000000,3.2000000000000000,3.4000000000000000,Competition,Empathy,Strategic
EMP101212,Galih Suharto,3.0000000000000000,63,IV,S2,2,6,136.0,71,64,SC,ESFJ,39.0,10,1.0,8.0,6.0,7.0,1.0,1.0,2.0,7.0,3.0,2.0,5.0,8.0,5.0,4.0,7.0,9.0,2.0,1.0,8.0,null,3.0000000000000000,2.6000000000000000,3.4000000000000000,3.2500000000000000,3.0000000000000000,3.2500000000000000,3.2500000000000000,3.2000000000000000,2.2500000000000000,3.0000000000000000,,Strategic,Developer
EMP101213,Bayu Erlangga Hidayat,3.2000000000000000,85,III,SMA,1,5,110.0,97,80,DI,INTP,28.0,6,8.0,7.0,5.0,7.0,6.0,null,7.0,3.0,6.0,2.0,3.0,5.0,4.0,1.0,5.0,null,7.0,7.0,7.0,1.0,3.0000000000000000,3.2500000000000000,2.8000000000000000,2.7500000000000000,3.2500000000000000,3.2000000000000000,3.2000000000000000,3.5000000000000000,3.2500000000000000,3.4000000000000000,Context,Communication,
EMP101214,Intan Ridwan,2.7500000000000000,36,V,S2,3,5,107.0,53,56,null,INTJ,19.0,10,4.0,7.0,5.0,6.0,9.0,1.0,4.0,null,4.0,null,6.0,7.0,8.0,9.0,7.0,4.0,9.0,2.0,4.0,4.0,2.8000000000000000,3.0000000000000000,3.4000000000000000,3.2000000000000000,3.5000000000000000,3.0000000000000000,3.2500000000000000,2.8000000000000000,2.6666666666666667,3.0000000000000000,Learner,Relator,
EMP101215,Ayu Kusuma,3.0000000000000000,58,V,S2,3,1,102.0,96,80,DC,ESFP,24.0,8,5.0,2.0,9.0,7.0,7.0,2.0,1.0,2.0,6.0,9.0,2.0,3.0,7.0,1.0,1.0,4.0,7.0,1.0,3.0,3.0,4.0000000000000000,3.2000000000000000,3.4000000000000000,3.0000000000000000,2.5000000000000000,2.6000000000000000,2.7500000000000000,3.0000000000000000,2.8000000000000000,2.8000000000000000,Includer,Relator,Connectedness
EMP101216,Galih Candra Ridwan,3.0000000000000000,32,III,S1,1,6,111.0,96,55,SI,ISFJ,30.0,8,5.0,4.0,4.0,9.0,3.0,6.0,3.0,4.0,1.0,7.0,7.0,7.0,3.0,7.0,4.0,6.0,3.0,1.0,4.0,2.0,3.2000000000000000,2.8000000000000000,2.8000000000000000,3.2500000000000000,2.3333333333333333,3.2500000000000000,2.5000000000000000,3.2500000000000000,3.2000000000000000,3.4000000000000000,Command,Significance,Self-Assurance
EMP101217,Luthfi Lestari Kusuma,3.0000000000000000,59,IV,S2,2,4,104.0,88,27,IS,ISFJ,26.0,9,9.0,2.0,3.0,4.0,5.0,1.0,null,7.0,4.0,1.0,3.0,7.0,3.0,5.0,2.0,8.0,7.0,8.0,1.0,null,3.0000000000000000,3.0000000000000000,3.2500000000000000,3.2500000000000000,2.8000000000000000,2.8000000000000000,3.0000000000000000,4.0000000000000000,3.5000000000000000,3.0000000000000000,Connectedness,Maximizer,Responsibility
EMP101218,Dian Gunawan,3.2500000000000000,46,V,S1,3,5,104.0,84,67,IS,ISTJ,27.0,8,2.0,5.0,5.0,9.0,1.0,null,8.0,9.0,6.0,null,7.0,8.0,null,null,5.0,1.0,9.0,1.0,6.0,2.0,3.4000000000000000,2.8000000000000000,2.8000000000000000,3.4000000000000000,3.0000000000000000,3.2000000000000000,3.0000000000000000,3.6000000000000000,3.0000000000000000,3.5000000000000000,Futuristic,Arranger,Empathy
EMP101219,Dinda Lestari Setiawan,2.7500000000000000,62,IV,D3,2,3,139.0,61,33,SD,ESTP,31.0,7,4.0,8.0,5.0,null,7.0,2.0,9.0,2.0,6.0,9.0,3.0,8.0,4.0,9.0,1.0,7.0,6.0,6.0,2.0,6.0,3.2000000000000000,2.7500000000000000,2.6000000000000000,3.2000000000000000,3.0000000000000000,3.2000000000000000,3.0000000000000000,3.0000000000000000,2.8000000000000000,2.8000000000000000,Self-Assurance,Analytical,Positivity
EMP101220,Hadi Pramudita Saputra,3.4000000000000000,65,IV,D3,2,2,null,31,95,CI,ENTJ,22.0,2,6.0,2.0,3.0,2.0,7.0,1.0,4.0,4.0,7.0,9.0,null,4.0,2.0,9.0,3.0,2.0,4.0,5.0,4.0,5.0,3.6000000000000000,2.5000000000000000,3.8000000000000000,3.2000000000000000,3.4000000000000000,3.5000000000000000,3.5000000000000000,3.6666666666666667,3.4000000000000000,3.0000000000000000,Competition,Connectedness,Empathy
EMP101221,Bayu Adi Handayani,3.0000000000000000,40,V,S2,3,6,104.0,66,72,IC,ESFP,31.0,5,4.0,3.0,9.0,9.0,3.0,2.0,9.0,4.0,9.0,2.0,7.0,null,5.0,6.0,5.0,5.0,7.0,3.0,5.0,6.0,2.6000000000000000,2.7500000000000000,2.6000000000000000,2.6000000000000000,2.8000000000000000,2.6000000000000000,2.4000000000000000,2.2500000000000000,2.4000000000000000,3.2000000000000000,Focus,,Context
EMP101222,Sari Rahmawati,3.2500000000000000,75,V,S1,3,5,100.0,63,68,DS,ESTP,21.0,1,9.0,4.0,6.0,8.0,1.0,5.0,8.0,8.0,4.0,8.0,8.0,5.0,null,7.0,5.0,1.0,3.0,6.0,4.0,5.0,3.0000000000000000,3.2000000000000000,2.7500000000000000,3.4000000000000000,3.0000000000000000,3.5000000000000000,3.2000000000000000,2.7500000000000000,2.3333333333333333,3.0000000000000000,Strategic,Belief,Developer
EMP101223,Dimas Situmorang,3.6666666666666667,22,V,SMA,3,4,131.0,68,51,SC,INFP,28.0,10,3.0,8.0,6.0,6.0,1.0,5.0,9.0,7.0,9.0,4.0,null,5.0,4.0,9.0,1.0,2.0,null,1.0,6.0,6.0,4.0000000000000000,4.3333333333333333,3.5000000000000000,4.0000000000000000,3.5000000000000000,3.7500000000000000,3.7500000000000000,4.0000000000000000,4.3333333333333333,3.7500000000000000,Arranger,Command,Input
EMP101224,Rizka Indrawan,3.2000000000000000,34,IV,D3,2,5,106.0,86,88,SC,INTP,25.0,4,1.0,null,6.0,3.0,6.0,1.0,1.0,4.0,6.0,1.0,null,4.0,3.0,null,2.0,6.0,8.0,9.0,3.0,null,3.0000000000000000,3.2500000000000000,3.0000000000000000,21.6000000000000000,2.7500000000000000,3.6000000000000000,3.2000000000000000,3.2500000000000000,3.2000000000000000,3.4000000000000000,Positivity,Self-Assurance,Communication
EMP101225,Zahra Hidayat,4.2500000000000000,78,IV,S2,2,4,97.0,84,62,CD,ESTJ,27.0,9,8.0,9.0,8.0,null,9.0,6.0,8.0,5.0,2.0,3.0,8.0,7.0,1.0,1.0,6.0,6.0,2.0,7.0,2.0,8.0,3.6000000000000000,3.2000000000000000,3.2500000000000000,3.6000000000000000,3.7500000000000000,3.8000000000000000,3.4000000000000000,3.6000000000000000,3.6000000000000000,3.4000000000000000,Empathy,Context,Maximizer
EMP101226,Yoga Erlangga Mahendra,3.8000000000000000,59,III,S2,1,1,121.0,74,55,CI,ENFP,34.0,9,8.0,8.0,5.0,5.0,9.0,null,3.0,4.0,8.0,3.0,8.0,6.0,9.0,2.0,6.0,5.0,1.0,null,9.0,4.0,3.5000000000000000,4.2000000000000000,3.6000000000000000,4.2500000000000000,3.6000000000000000,3.4000000000000000,4.0000000000000000,3.6000000000000000,3.8000000000000000,4.0000000000000000,Arranger,Futuristic,
EMP101227,Fitri Dharma Ramadhan,3.8000000000000000,41,V,S2,3,2,null,36,25,CD,ISTP,20.0,8,2.0,9.0,8.0,6.0,1.0,2.0,5.0,6.0,3.0,5.0,5.0,5.0,6.0,3.0,1.0,null,8.0,4.0,6.0,1.0,3.2500000000000000,3.6000000000000000,3.4000000000000000,3.2000000000000000,3.4000000000000000,3.2500000000000000,3.2000000000000000,3.4000000000000000,3.4000000000000000,3.8000000000000000,Focus,Individualization,Includer
EMP101228,Satya Qolbi Anggara,2.8000000000000000,89,V,S2,3,4,null,98,43,CD,ISFP,33.0,10,9.0,3.0,5.0,5.0,5.0,7.0,2.0,5.0,4.0,3.0,5.0,7.0,9.0,2.0,5.0,4.0,4.0,2.0,7.0,7.0,2.8000000000000000,3.2000000000000000,2.8000000000000000,2.6000000000000000,2.2000000000000000,2.6000000000000000,2.8000000000000000,3.2000000000000000,2.7500000000000000,2.8000000000000000,Self-Assurance,Strategic,
EMP101229,Ayu Putra,3.2000000000000000,61,III,S1,1,4,125.0,71,25,DC,ENFP,34.0,9,9.0,7.0,8.0,1.0,5.0,7.0,3.0,7.0,2.0,2.0,6.0,7.0,1.0,9.0,9.0,4.0,2.0,7.0,5.0,7.0,3.2000000000000000,3.0000000000000000,2.7500000000000000,3.0000000000000000,3.4000000000000000,2.8000000000000000,3.2500000000000000,3.2000000000000000,2.3333333333333333,2.8000000000000000,Belief,Learner,Maximizer
EMP101230,Luthfi Handayani,3.4000000000000000,26,III,D3,1,6,136.0,30,37,CI,INFJ,25.0,3,9.0,8.0,6.0,1.0,6.0,9.0,8.0,7.0,9.0,8.0,2.0,5.0,3.0,5.0,7.0,2.0,7.0,1.0,3.0,5.0,3.2000000000000000,3.6000000000000000,4.0000000000000000,3.4000000000000000,3.4000000000000000,3.2000000000000000,3.6000000000000000,3.6000000000000000,3.6000000000000000,3.0000000000000000,,,Maximizer
EMP101231,Sari Tri Wibowo,3.6000000000000000,66,IV,D3,2,6,89.0,77,46,ID,ENTP,26.0,6,4.0,9.0,9.0,9.0,6.0,5.0,9.0,1.0,9.0,null,2.0,3.0,1.0,3.0,3.0,9.0,9.0,2.0,8.0,2.0,3.2500000000000000,3.3333333333333333,3.8000000000000000,2.6666666666666667,3.8000000000000000,3.6000000000000000,3.2500000000000000,3.0000000000000000,4.2000000000000000,3.5000000000000000,Individualization,,Achiever
EMP101232,Adi Rohman,2.6000000000000000,40,III,D3,1,4,94.0,87,59,null,ESFJ,25.0,7,8.0,2.0,9.0,6.0,6.0,5.0,8.0,8.0,1.0,9.0,5.0,2.0,7.0,2.0,9.0,7.0,9.0,null,8.0,8.0,2.4000000000000000,2.7500000000000000,2.4000000000000000,2.4000000000000000,3.2000000000000000,2.7500000000000000,2.7500000000000000,2.6000000000000000,2.6000000000000000,2.6000000000000000,Self-Assurance,Communication,Discipline
EMP101233,Kurnia Tri Pratomo,3.2000000000000000,56,IV,S2,2,1,null,38,46,DC,INTP,null,5,8.0,8.0,5.0,1.0,8.0,9.0,7.0,9.0,8.0,9.0,1.0,4.0,5.0,4.0,6.0,6.0,3.0,6.0,null,5.0,3.5000000000000000,3.4000000000000000,3.4000000000000000,3.2500000000000000,3.0000000000000000,2.6000000000000000,3.6666666666666667,2.6000000000000000,3.0000000000000000,3.4000000000000000,Command,Discipline,
EMP101234,Luthfi Ananda,3.0000000000000000,66,IV,S2,2,3,125.0,86,54,SC,ISFP,42.0,8,5.0,4.0,null,5.0,2.0,6.0,2.0,6.0,5.0,null,3.0,4.0,1.0,5.0,null,2.0,9.0,null,1.0,2.0,2.6000000000000000,2.2500000000000000,3.2000000000000000,2.6000000000000000,3.0000000000000000,3.2000000000000000,3.2500000000000000,3.0000000000000000,3.0000000000000000,3.5000000000000000,Strategic,Maximizer,Input
EMP101235,Cahyo Ganesha Situmorang,3.3333333333333333,15,III,S1,1,6,null,48,99,IS,ISTJ,null,5,4.0,8.0,7.0,1.0,8.0,7.0,1.0,7.0,1.0,2.0,5.0,5.0,9.0,4.0,5.0,null,9.0,4.0,2.0,1.0,3.5000000000000000,3.7500000000000000,2.7500000000000000,3.2500000000000000,3.2500000000000000,3.7500000000000000,3.0000000000000000,3.3333333333333333,3.0000000000000000,27.5000000000000000,Competition,Empathy,Intellection
EMP101236,Novi Baskara Fauziah,3.7500000000000000,16,V,S2,3,2,116.0,99,69,DS,ENFP,36.0,6,9.0,5.0,7.0,6.0,8.0,5.0,9.0,5.0,3.0,1.0,5.0,4.0,6.0,4.0,9.0,5.0,2.0,9.0,9.0,9.0,3.5000000000000000,4.0000000000000000,4.0000000000000000,3.5000000000000000,2.7500000000000000,3.5000000000000000,3.7500000000000000,3.5000000000000000,3.5000000000000000,3.2500000000000000,Communication,Learner,Harmony
EMP101237,Zahra Ridwan,3.8000000000000000,61,IV,S2,2,6,85.0,80,30,DI,ENFP,31.0,10,3.0,5.0,2.0,5.0,9.0,2.0,3.0,2.0,4.0,2.0,2.0,2.0,3.0,6.0,2.0,5.0,8.0,4.0,9.0,3.0,3.0000000000000000,3.7500000000000000,3.5000000000000000,3.8000000000000000,4.0000000000000000,3.6000000000000000,3.2000000000000000,3.6000000000000000,3.6000000000000000,3.6000000000000000,,Focus,Consistency
EMP101238,Rani Yulianto,3.5000000000000000,0,IV,SMA,2,1,null,65,41,SC,INFP,null,5,5.0,1.0,4.0,9.0,2.0,null,8.0,3.0,9.0,5.0,3.0,5.0,5.0,1.0,3.0,8.0,null,7.0,null,4.0,3.3333333333333333,3.0000000000000000,4.0000000000000000,3.2500000000000000,3.7500000000000000,3.2500000000000000,4.0000000000000000,4.0000000000000000,3.5000000000000000,3.6666666666666667,Responsibility,Positivity,Maximizer
EMP101239,Bella Qolbi Simanjuntak,3.0000000000000000,37,V,S1,3,4,114.0,93,55,SI,ESTJ,28.0,3,7.0,1.0,3.0,8.0,3.0,6.0,2.0,2.0,null,3.0,2.0,1.0,5.0,2.0,3.0,6.0,5.0,9.0,9.0,2.0,3.2000000000000000,2.5000000000000000,2.8000000000000000,2.7500000000000000,3.2000000000000000,3.4000000000000000,3.2500000000000000,3.0000000000000000,3.2000000000000000,3.0000000000000000,Command,Input,Maximizer
EMP101240,Rifqi Nabila Nugroho,4.0000000000000000,26,III,S1,1,4,96.0,95,95,IC,INTJ,34.0,2,2.0,null,2.0,7.0,1.0,6.0,3.0,7.0,8.0,1.0,4.0,4.0,1.0,5.0,3.0,5.0,4.0,5.0,6.0,8.0,3.4000000000000000,4.0000000000000000,3.4000000000000000,3.7500000000000000,3.7500000000000000,3.7500000000000000,3.8000000000000000,3.6000000000000000,3.8000000000000000,3.0000000000000000,Maximizer,Connectedness,Developer
EMP101241,Mahendra Wijaya,3.0000000000000000,48,V,SMA,3,5,83.0,26,24,null,INFP,23.0,10,2.0,8.0,8.0,4.0,4.0,6.0,null,5.0,7.0,2.0,9.0,7.0,9.0,4.0,5.0,7.0,7.0,7.0,9.0,8.0,2.7500000000000000,3.0000000000000000,2.6000000000000000,2.6000000000000000,3.2000000000000000,3.2000000000000000,2.7500000000000000,3.4000000000000000,2.6000000000000000,2.7500000000000000,,Developer,Focus
EMP101242,Sari Saputra Tamba,3.0000000000000000,92,V,S1,3,6,139.0,55,66,CD,ENFP,31.0,3,5.0,7.0,2.0,8.0,8.0,8.0,4.0,5.0,2.0,9.0,9.0,null,4.0,6.0,3.0,1.0,7.0,5.0,9.0,4.0,3.4000000000000000,3.2000000000000000,3.0000000000000000,3.4000000000000000,3.2000000000000000,2.5000000000000000,3.4000000000000000,3.4000000000000000,2.7500000000000000,3.6000000000000000,Includer,Context,Harmony
EMP101243,Nugroho Setiawan,3.5000000000000000,54,IV,D3,2,2,null,31,89,CI,ESFP,null,9,3.0,9.0,7.0,2.0,4.0,2.0,4.0,2.0,8.0,1.0,7.0,null,9.0,7.0,6.0,4.0,6.0,3.0,9.0,2.0,3.3333333333333333,3.8000000000000000,3.8000000000000000,3.7500000000000000,3.3333333333333333,3.6000000000000000,3.8000000000000000,3.6000000000000000,22.6000000000000000,3.8000000000000000,Deliberative,Developer,Includer
EMP101244,Evi Indrawan,2.7500000000000000,29,IV,S1,2,5,81.0,61,61,SD,INFJ,31.0,8,4.0,5.0,8.0,2.0,2.0,8.0,4.0,8.0,5.0,7.0,3.0,8.0,5.0,7.0,9.0,7.0,6.0,3.0,5.0,6.0,2.2500000000000000,3.2000000000000000,3.0000000000000000,2.4000000000000000,2.6000000000000000,2.6000000000000000,2.7500000000000000,2.8000000000000000,2.2000000000000000,3.0000000000000000,Deliberative,Context,Input
EMP101245,Fitri Salsabila,2.2500000000000000,89,III,S1,1,4,null,79,84,SI,INFJ,16.0,2,9.0,5.0,9.0,7.0,6.0,9.0,null,null,null,7.0,3.0,null,1.0,8.0,1.0,7.0,1.0,5.0,9.0,7.0,2.2500000000000000,2.8000000000000000,3.0000000000000000,2.4000000000000000,2.2000000000000000,2.8000000000000000,2.7500000000000000,2.6000000000000000,2.8000000000000000,2.8000000000000000,Self-Assurance,Futuristic,Adaptability
EMP101246,Joko Pradana,4.2000000000000000,67,III,D3,1,1,133.0,78,52,DI,INTP,36.0,6,2.0,2.0,4.0,4.0,5.0,2.0,8.0,4.0,7.0,8.0,5.0,null,7.0,null,4.0,4.0,8.0,1.0,1.0,4.0,4.6000000000000000,4.2000000000000000,4.6000000000000000,4.2000000000000000,3.7500000000000000,4.6666666666666667,4.5000000000000000,4.2000000000000000,4.6000000000000000,4.2000000000000000,Deliberative,Self-Assurance,Maximizer
EMP101247,Iman Syahputra,3.0000000000000000,35,IV,S2,2,3,81.0,60,66,SI,enfp,32.0,9,9.0,1.0,4.0,4.0,8.0,null,7.0,4.0,7.0,6.0,6.0,8.0,5.0,3.0,3.0,9.0,4.0,5.0,8.0,5.0,3.0000000000000000,3.8000000000000000,3.0000000000000000,3.2000000000000000,3.0000000000000000,2.7500000000000000,3.2000000000000000,3.0000000000000000,3.6666666666666667,2.8000000000000000,Communication,Restorative,Individualization
EMP101248,Cahyo Lestari,4.0000000000000000,85,III,SMA,1,3,115.0,47,95,SD,ESTJ,25.0,7,null,3.0,4.0,6.0,5.0,1.0,9.0,null,3.0,2.0,6.0,9.0,9.0,1.0,9.0,7.0,7.0,null,6.0,9.0,3.5000000000000000,3.6000000000000000,3.6000000000000000,4.0000000000000000,4.2500000000000000,4.0000000000000000,4.0000000000000000,3.6000000000000000,3.8000000000000000,3.8000000000000000,Relator,Communication,Individualization
EMP101249,Nurlita Erlangga Maulida,2.0000000000000000,49,V,S2,3,2,125.0,66,31,DI,ENFP,21.0,10,1.0,2.0,2.0,1.0,3.0,2.0,5.0,9.0,3.0,2.0,3.0,3.0,1.0,null,3.0,8.0,1.0,3.0,6.0,9.0,2.0000000000000000,2.0000000000000000,2.0000000000000000,2.2500000000000000,2.0000000000000000,2.4000000000000000,2.0000000000000000,2.0000000000000000,2.2000000000000000,2.2000000000000000,Learner,Significance,Harmony
EMP101250,Iman Wijaya,3.2000000000000000,69,III,D3,1,2,116.0,71,40,CI,ENFP,27.0,7,7.0,7.0,6.0,3.0,5.0,7.0,6.0,7.0,1.0,2.0,2.0,7.0,1.0,2.0,4.0,5.0,8.0,9.0,3.0,7.0,3.2500000000000000,2.8000000000000000,3.2000000000000000,3.0000000000000000,3.5000000000000000,3.0000000000000000,3.6666666666666667,2.8000000000000000,2.8000000000000000,3.2000000000000000,Arranger,Input,Includer
EMP101251,Adit Pratama,2.7500000000000000,16,V,S2,3,2,null,88,33,DS,ISFP,21.0,1,6.0,4.0,6.0,6.0,1.0,2.0,9.0,7.0,4.0,5.0,1.0,1.0,1.0,null,7.0,3.0,5.0,3.0,8.0,7.0,2.3333333333333333,2.7500000000000000,3.0000000000000000,2.3333333333333333,2.5000000000000000,2.5000000000000000,3.0000000000000000,2.7500000000000000,2.5000000000000000,2.2500000000000000,Competition,Self-Assurance,Communication
EMP101252,Vania Ginting,2.7500000000000000,47,V,S2,3,5,81.0,75,34,SI,ESFJ,23.0,6,9.0,4.0,3.0,4.0,4.0,4.0,3.0,3.0,6.0,1.0,null,9.0,null,null,6.0,null,6.0,9.0,2.0,4.0,3.0000000000000000,3.2500000000000000,2.8000000000000000,3.2000000000000000,3.0000000000000000,2.7500000000000000,3.4000000000000000,3.0000000000000000,3.0000000000000000,2.8000000000000000,Individualization,Communication,Includer
EMP101253,Maya Baskara Ananda,3.0000000000000000,28,V,S2,3,5,137.0,77,80,ID,INTP,23.0,2,5.0,6.0,3.0,8.0,null,9.0,6.0,4.0,7.0,2.0,1.0,1.0,9.0,9.0,7.0,3.0,4.0,6.0,1.0,7.0,2.7500000000000000,3.2000000000000000,2.8000000000000000,2.6000000000000000,3.2000000000000000,2.5000000000000000,2.8000000000000000,3.2000000000000000,3.0000000000000000,3.5000000000000000,Ideation,Restorative,Context
EMP101254,Luthfi Qolbi Sinaga,1.7500000000000000,57,IV,SMA,2,1,99.0,59,70,CS,INTP,28.0,2,6.0,6.0,6.0,8.0,3.0,1.0,5.0,8.0,3.0,2.0,6.0,8.0,6.0,6.0,5.0,5.0,1.0,5.0,9.0,5.0,2.0000000000000000,1.7500000000000000,2.5000000000000000,2.2000000000000000,1.00000000000000000000,2.6666666666666667,1.8000000000000000,2.2500000000000000,1.8000000000000000,2.0000000000000000,Intellection,Deliberative,Arranger
EMP101255,Gita Handayani,4.0000000000000000,24,IV,D3,2,3,null,94,73,SC,ISFJ,null,5,8.0,9.0,2.0,8.0,6.0,2.0,1.0,null,7.0,8.0,4.0,8.0,7.0,3.0,6.0,null,5.0,9.0,5.0,1.0,3.4000000000000000,3.5000000000000000,3.8000000000000000,3.7500000000000000,3.4000000000000000,4.2500000000000000,4.0000000000000000,4.0000000000000000,2.8000000000000000,22.8000000000000000,Learner,Strategic,Responsibility
EMP101256,Ayu Pratama,4.0000000000000000,47,III,D3,1,6,null,96,86,DC,ENTJ,null,7,6.0,2.0,3.0,2.0,5.0,5.0,2.0,5.0,4.0,4.0,5.0,2.0,null,4.0,5.0,6.0,2.0,9.0,5.0,2.0,3.8000000000000000,3.5000000000000000,4.4000000000000000,4.0000000000000000,4.0000000000000000,4.5000000000000000,4.0000000000000000,3.6000000000000000,4.0000000000000000,4.0000000000000000,Consistency,,Adaptability
EMP101257,Rifqi Erlangga Pradana,2.2000000000000000,62,III,S2,1,3,127.0,35,28,null,ESTP,28.0,3,9.0,5.0,8.0,5.0,3.0,4.0,5.0,9.0,3.0,9.0,2.0,2.0,1.0,9.0,8.0,2.0,4.0,4.0,6.0,null,2.2000000000000000,2.3333333333333333,2.0000000000000000,1.6666666666666667,2.2500000000000000,1.8000000000000000,2.2000000000000000,2.0000000000000000,2.6000000000000000,2.2000000000000000,Individualization,Woo,Achiever
EMP101258,Cahyo Utami,2.6666666666666667,48,IV,D3,2,3,81.0,56,77,SI,INFP,34.0,7,5.0,6.0,5.0,1.0,9.0,7.0,3.0,2.0,3.0,2.0,7.0,3.0,9.0,6.0,null,9.0,9.0,8.0,5.0,null,2.4000000000000000,2.4000000000000000,2.4000000000000000,2.2500000000000000,3.2000000000000000,2.0000000000000000,2.5000000000000000,2.2000000000000000,1.7500000000000000,2.4000000000000000,Command,Analytical,Arranger
EMP101259,Rafa Qolbi Indrawan,3.5000000000000000,29,V,SMA,3,2,130.0,95,89,CD,null,22.0,3,9.0,2.0,1.0,5.0,8.0,8.0,6.0,4.0,3.0,6.0,6.0,3.0,6.0,1.0,5.0,5.0,8.0,9.0,3.0,5.0,3.3333333333333333,3.0000000000000000,3.6000000000000000,3.6000000000000000,3.7500000000000000,3.8000000000000000,3.7500000000000000,3.2000000000000000,3.5000000000000000,3.6000000000000000,Achiever,Developer,Activator
EMP101260,Satya Lestari,3.0000000000000000,78,V,S2,3,3,null,93,97,DI,ESTJ,null,3,6.0,3.0,1.0,8.0,8.0,9.0,8.0,8.0,6.0,3.0,8.0,9.0,3.0,null,3.0,5.0,5.0,1.0,null,6.0,2.8000000000000000,3.0000000000000000,2.7500000000000000,2.8000000000000000,2.8000000000000000,2.4000000000000000,3.0000000000000000,3.2500000000000000,2.6666666666666667,3.2500000000000000,Significance,Includer,Connectedness
EMP101261,Bayu Rachman Pratomo,2.3333333333333333,3,IV,D3,2,2,null,38,67,IC,ENTJ,28.0,6,3.0,6.0,6.0,6.0,7.0,2.0,3.0,9.0,5.0,3.0,3.0,4.0,5.0,9.0,5.0,4.0,5.0,2.0,1.0,9.0,3.0000000000000000,3.0000000000000000,3.0000000000000000,2.2500000000000000,2.6666666666666667,3.0000000000000000,3.0000000000000000,2.6666666666666667,2.7500000000000000,2.3333333333333333,Discipline,Belief,Communication
EMP101262,Ari Baskara Yulianto,2.7500000000000000,39,III,SMA,1,6,null,26,31,CI,ENFP,null,4,9.0,8.0,9.0,5.0,3.0,8.0,4.0,9.0,2.0,9.0,null,4.0,3.0,2.0,4.0,2.0,7.0,9.0,5.0,null,26.7500000000000000,3.2000000000000000,3.2000000000000000,3.0000000000000000,2.6000000000000000,3.4000000000000000,3.5000000000000000,2.8000000000000000,3.2000000000000000,2.4000000000000000,Context,Learner,Responsibility
EMP101263,Intan Purnama,4.0000000000000000,20,IV,S1,2,5,null,65,87,DC,ESFJ,null,7,1.0,null,5.0,5.0,5.0,3.0,8.0,6.0,4.0,3.0,3.0,1.0,6.0,1.0,8.0,6.0,8.0,4.0,7.0,4.0,3.5000000000000000,4.0000000000000000,3.5000000000000000,3.5000000000000000,4.0000000000000000,3.5000000000000000,4.0000000000000000,4.0000000000000000,3.3333333333333333,4.0000000000000000,Context,Restorative,Connectedness
EMP101264,Luthfi Pramudita Simanjuntak,3.0000000000000000,52,IV,D3,2,2,95.0,24,26,IS,null,22.0,5,9.0,7.0,4.0,5.0,7.0,8.0,2.0,5.0,null,2.0,2.0,6.0,7.0,null,1.0,5.0,1.0,2.0,2.0,5.0,3.2000000000000000,3.0000000000000000,2.8000000000000000,2.7500000000000000,2.0000000000000000,2.2000000000000000,3.0000000000000000,2.3333333333333333,2.8000000000000000,2.6000000000000000,Individualization,Arranger,Deliberative
EMP101265,Umar Utami,2.7500000000000000,58,IV,S1,2,6,null,39,71,CI,ENFP,24.0,4,7.0,6.0,9.0,3.0,9.0,null,null,5.0,6.0,6.0,7.0,8.0,2.0,null,null,4.0,7.0,1.0,3.0,1.0,2.7500000000000000,3.5000000000000000,2.8000000000000000,3.2000000000000000,3.0000000000000000,3.0000000000000000,3.0000000000000000,3.2000000000000000,3.0000000000000000,3.4000000000000000,Input,Significance,Responsibility
EMP101266,Joko Zulfikar Ginting,3.2500000000000000,58,V,SMA,3,5,95.0,47,58,null,INTJ,31.0,9,2.0,7.0,5.0,8.0,4.0,5.0,4.0,null,5.0,4.0,8.0,null,2.0,7.0,8.0,7.0,4.0,2.0,null,7.0,2.4000000000000000,3.0000000000000000,2.7500000000000000,3.2000000000000000,3.0000000000000000,3.0000000000000000,3.0000000000000000,2.4000000000000000,2.8000000000000000,2.8000000000000000,Analytical,Connectedness,Self-Assurance
EMP101267,Rani Herlambang,3.4000000000000000,101,III,S2,1,1,98.0,90,38,SD,INFJ,27.0,1,7.0,5.0,8.0,6.0,3.0,4.0,2.0,3.0,1.0,null,1.0,null,4.0,5.0,5.0,6.0,6.0,4.0,8.0,3.0,3.4000000000000000,3.0000000000000000,3.0000000000000000,3.2500000000000000,3.4000000000000000,3.3333333333333333,3.6000000000000000,3.6000000000000000,3.7500000000000000,3.0000000000000000,Achiever,Ideation,Command
EMP101268,Rani Lestari,22.8000000000000000,96,V,D3,3,4,null,72,83,SI,ESTP,null,4,1.0,3.0,2.0,4.0,6.0,4.0,9.0,8.0,6.0,1.0,1.0,6.0,2.0,8.0,6.0,1.0,3.0,9.0,6.0,5.0,4.0000000000000000,3.6000000000000000,3.2000000000000000,3.7500000000000000,3.5000000000000000,4.0000000000000000,3.6000000000000000,3.4000000000000000,3.5000000000000000,3.6000000000000000,Woo,Harmony,Ideation
EMP101269,Rizky Jatmiko Herlambang,2.2500000000000000,61,III,S2,1,2,109.0,26,35,IC,ISTP,21.0,1,4.0,3.0,5.0,2.0,6.0,null,6.0,2.0,8.0,null,1.0,6.0,1.0,4.0,9.0,9.0,4.0,9.0,null,null,2.2500000000000000,2.2000000000000000,2.2000000000000000,2.2000000000000000,2.0000000000000000,1.3333333333333333,2.0000000000000000,26.2500000000000000,1.7500000000000000,2.0000000000000000,Discipline,Positivity,Includer
EMP101270,Novi Permadi,3.0000000000000000,18,V,D3,3,5,109.0,78,67,SD,ESFJ,29.0,9,3.0,5.0,6.0,2.0,7.0,6.0,7.0,4.0,9.0,8.0,5.0,6.0,5.0,5.0,8.0,5.0,9.0,6.0,4.0,5.0,2.3333333333333333,1.6666666666666667,1.7500000000000000,2.0000000000000000,2.2500000000000000,2.5000000000000000,1.6666666666666667,2.5000000000000000,2.0000000000000000,2.0000000000000000,Activator,Input,Developer
EMP101271,Nabila Adi Ananda,2.8000000000000000,32,IV,S1,2,5,137.0,45,92,IS,INFP,33.0,2,9.0,7.0,8.0,1.0,null,6.0,8.0,2.0,4.0,9.0,9.0,6.0,1.0,8.0,5.0,6.0,2.0,1.0,2.0,3.0,3.2000000000000000,2.2500000000000000,3.2000000000000000,2.6000000000000000,3.0000000000000000,2.4000000000000000,2.7500000000000000,3.0000000000000000,2.8000000000000000,2.7500000000000000,Self-Assurance,,Activator
EMP101272,Utami Baskara Lukman,2.6000000000000000,27,V,S2,3,6,132.0,87,72,CS,ESFP,36.0,4,5.0,1.0,4.0,7.0,5.0,3.0,6.0,9.0,4.0,5.0,4.0,7.0,null,4.0,3.0,2.0,2.0,3.0,null,2.0,2.8000000000000000,2.7500000000000000,2.8000000000000000,2.6000000000000000,3.0000000000000000,2.6000000000000000,2.0000000000000000,3.5000000000000000,2.6000000000000000,2.8000000000000000,Empathy,,Input
EMP101273,Bella Fadillah Fauziah,3.4000000000000000,53,IV,S2,2,6,null,60,29,SC,null,22.0,6,4.0,5.0,1.0,6.0,4.0,4.0,3.0,1.0,9.0,9.0,2.0,9.0,6.0,7.0,8.0,9.0,4.0,8.0,2.0,8.0,3.6000000000000000,3.2500000000000000,2.4000000000000000,3.2500000000000000,3.0000000000000000,3.8000000000000000,2.8000000000000000,3.2500000000000000,3.4000000000000000,3.4000000000000000,Consistency,Responsibility,Deliberative
EMP101274,Maya Nabila Ridwan,3.4000000000000000,49,IV,SMA,2,6,122.0,40,89,DI,INTP,28.0,8,4.0,4.0,8.0,6.0,1.0,2.0,3.0,5.0,5.0,5.0,3.0,9.0,null,4.0,null,9.0,3.0,8.0,9.0,null,3.5000000000000000,3.5000000000000000,3.6000000000000000,3.6000000000000000,3.5000000000000000,3.4000000000000000,3.5000000000000000,3.4000000000000000,4.2500000000000000,3.2000000000000000,Strategic,,
EMP101275,Wulan Mahardika Salsabila,3.6000000000000000,134,IV,SMA,2,6,125.0,54,88,CI,null,11.0,3,1.0,8.0,8.0,7.0,7.0,1.0,8.0,5.0,2.0,3.0,4.0,8.0,1.0,7.0,3.0,9.0,6.0,3.0,null,7.0,3.6000000000000000,3.6000000000000000,3.8000000000000000,3.5000000000000000,3.7500000000000000,3.8000000000000000,4.2000000000000000,4.2000000000000000,3.4000000000000000,3.2000000000000000,Maximizer,Arranger,Consistency
EMP101276,Dinda Saputra,3.4000000000000000,68,IV,S2,2,1,107.0,34,79,IC,INTP,31.0,7,4.0,null,9.0,null,3.0,3.0,5.0,4.0,4.0,1.0,8.0,7.0,null,null,6.0,3.0,8.0,null,6.0,null,3.0000000000000000,3.2000000000000000,3.4000000000000000,3.6000000000000000,3.2500000000000000,3.8000000000000000,3.2000000000000000,3.4000000000000000,3.8000000000000000,3.8000000000000000,Analytical,Developer,Deliberative
EMP101277,Utami Fauziah,3.0000000000000000,88,V,S1,3,3,null,69,31,SC,INTJ,null,9,5.0,2.0,1.0,9.0,8.0,3.0,1.0,4.0,null,4.0,2.0,7.0,1.0,1.0,3.0,8.0,7.0,7.0,5.0,2.0,3.0000000000000000,3.2000000000000000,2.8000000000000000,3.4000000000000000,3.0000000000000000,2.5000000000000000,3.2000000000000000,2.7500000000000000,3.0000000000000000,3.0000000000000000,Deliberative,Ideation,Includer
EMP101278,Bella Maulana,3.7500000000000000,46,V,SMA,3,2,107.0,45,83,IS,ESFJ,23.0,1,9.0,7.0,1.0,1.0,2.0,7.0,1.0,3.0,5.0,1.0,9.0,6.0,5.0,2.0,null,null,null,7.0,8.0,8.0,3.8000000000000000,4.0000000000000000,3.7500000000000000,3.6666666666666667,3.7500000000000000,4.2000000000000000,3.6000000000000000,4.4000000000000000,4.0000000000000000,4.6666666666666667,Empathy,Individualization,Focus
EMP101279,Fajar Utami,3.0000000000000000,31,III,SMA,1,3,null,35,43,DC,ISTJ,null,4,2.0,null,8.0,5.0,5.0,7.0,4.0,8.0,9.0,null,6.0,4.0,5.0,1.0,8.0,3.0,1.0,8.0,8.0,5.0,3.0000000000000000,3.4000000000000000,2.8000000000000000,3.0000000000000000,3.4000000000000000,3.0000000000000000,3.2000000000000000,2.7500000000000000,2.4000000000000000,3.4000000000000000,Belief,,Intellection
EMP101280,Arif Saputra Handayani,3.0000000000000000,92,IV,SMA,2,4,137.0,96,92,SD,ISTJ,35.0,3,4.0,2.0,8.0,9.0,3.0,null,4.0,null,5.0,9.0,null,8.0,8.0,1.0,6.0,2.0,9.0,9.0,5.0,5.0,2.7500000000000000,3.0000000000000000,2.8000000000000000,3.2000000000000000,3.0000000000000000,2.6000000000000000,3.6000000000000000,3.4000000000000000,3.0000000000000000,3.2000000000000000,Context,Deliberative,Adaptability
EMP101281,Wahyu Ramadhan,3.0000000000000000,67,III,S2,1,3,126.0,37,51,DI,INTP,30.0,1,6.0,8.0,2.0,9.0,1.0,9.0,1.0,8.0,4.0,4.0,1.0,8.0,4.0,5.0,6.0,3.0,null,6.0,8.0,3.0,3.7500000000000000,3.7500000000000000,3.2500000000000000,2.8000000000000000,2.8000000000000000,3.7500000000000000,3.0000000000000000,3.0000000000000000,3.0000000000000000,3.0000000000000000,Ideation,,Harmony
EMP101282,Bella Lestari Herlambang,3.4000000000000000,36,IV,S1,2,2,null,28,86,IC,null,null,1,4.0,4.0,7.0,4.0,6.0,3.0,8.0,9.0,null,3.0,4.0,4.0,4.0,1.0,6.0,1.0,7.0,3.0,1.0,5.0,2.6000000000000000,3.0000000000000000,3.8000000000000000,3.2500000000000000,3.0000000000000000,3.2000000000000000,4.0000000000000000,3.4000000000000000,3.2500000000000000,3.2000000000000000,Focus,Restorative,Empathy
EMP101283,Ayu Yulianto,4.2500000000000000,60,IV,S2,2,6,133.0,51,24,CI,null,14.0,8,9.0,3.0,1.0,3.0,4.0,3.0,3.0,9.0,5.0,7.0,5.0,3.0,4.0,9.0,7.0,7.0,4.0,6.0,5.0,1.0,4.2000000000000000,4.2000000000000000,3.8000000000000000,4.2500000000000000,4.6000000000000000,4.2000000000000000,3.5000000000000000,4.4000000000000000,4.2000000000000000,4.0000000000000000,Significance,,Individualization
EMP101284,Nadia Mahardika Purnama,3.5000000000000000,30,III,S1,1,4,100.0,45,45,CI,INFP,27.0,5,8.0,9.0,7.0,8.0,1.0,7.0,null,1.0,9.0,2.0,2.0,9.0,7.0,3.0,1.0,2.0,null,2.0,4.0,7.0,2.6000000000000000,2.6000000000000000,2.8000000000000000,2.4000000000000000,2.2000000000000000,2.4000000000000000,2.4000000000000000,2.2000000000000000,1.7500000000000000,2.2000000000000000,Significance,Responsibility,Intellection
EMP101285,Prasetyo Yudhistira Lukman,2.5000000000000000,38,III,S1,1,4,104.0,89,30,CS,ISTP,13.0,9,5.0,3.0,7.0,5.0,6.0,null,5.0,3.0,2.0,2.0,null,9.0,2.0,6.0,7.0,9.0,2.0,9.0,4.0,2.0,2.7500000000000000,2.2500000000000000,2.5000000000000000,1.5000000000000000,2.4000000000000000,2.4000000000000000,2.8000000000000000,2.6000000000000000,2.5000000000000000,2.5000000000000000,Adaptability,Strategic,Developer
EMP101286,Zaki Adi Permadi,3.4000000000000000,65,V,S1,3,2,110.0,21,56,IS,ISFJ,29.0,4,9.0,4.0,4.0,7.0,9.0,null,5.0,2.0,4.0,6.0,5.0,1.0,4.0,null,1.0,null,8.0,null,8.0,8.0,3.2000000000000000,3.0000000000000000,3.2000000000000000,3.4000000000000000,2.8000000000000000,3.7500000000000000,3.0000000000000000,3.4000000000000000,3.2000000000000000,3.7500000000000000,Intellection,Input,
EMP101287,Fajar Putra,2.8000000000000000,75,IV,S1,2,5,null,74,79,CS,INTP,30.0,5,8.0,4.0,6.0,9.0,2.0,6.0,9.0,null,4.0,1.0,5.0,1.0,3.0,3.0,2.0,1.0,null,9.0,6.0,3.0,2.6000000000000000,3.4000000000000000,3.4000000000000000,3.0000000000000000,3.0000000000000000,3.2000000000000000,3.0000000000000000,2.6666666666666667,2.4000000000000000,2.8000000000000000,Analytical,Command,Empathy
EMP101288,Kurnia Zulfikar Maulida,2.6000000000000000,76,III,S2,1,1,92.0,31,74,CD,ENFP,35.0,3,9.0,3.0,2.0,8.0,4.0,1.0,2.0,7.0,1.0,7.0,6.0,6.0,5.0,8.0,1.0,4.0,8.0,2.0,4.0,1.0,2.0000000000000000,3.6000000000000000,2.8000000000000000,2.8000000000000000,2.8000000000000000,2.6000000000000000,2.8000000000000000,2.5000000000000000,2.8000000000000000,2.8000000000000000,,Analytical,Communication
EMP101289,Evi Ramadhan,4.0000000000000000,21,III,S1,1,3,136.0,87,62,SD,ESTP,31.0,6,6.0,5.0,1.0,3.0,6.0,8.0,3.0,9.0,4.0,8.0,4.0,6.0,null,7.0,4.0,2.0,4.0,6.0,7.0,4.0,3.6666666666666667,4.0000000000000000,4.0000000000000000,4.2500000000000000,3.5000000000000000,4.2500000000000000,3.7500000000000000,4.0000000000000000,4.0000000000000000,3.7500000000000000,Woo,Learner,Developer
EMP101290,Dinda Maulana,3.2500000000000000,64,III,D3,1,4,80.0,47,92,DI,INFP,20.0,10,5.0,1.0,3.0,3.0,9.0,1.0,9.0,6.0,7.0,7.0,1.0,6.0,6.0,8.0,null,2.0,8.0,6.0,2.0,8.0,3.7500000000000000,3.0000000000000000,3.7500000000000000,3.2000000000000000,2.8000000000000000,3.4000000000000000,3.7500000000000000,3.8000000000000000,2.7500000000000000,2.5000000000000000,Analytical,Focus,Competition
EMP101291,Prasetyo Dharma Utami,3.0000000000000000,25,IV,D3,2,5,107.0,25,82,DI,INFJ,24.0,6,6.0,null,4.0,null,7.0,5.0,4.0,4.0,9.0,null,3.0,3.0,6.0,2.0,6.0,4.0,null,6.0,7.0,8.0,3.4000000000000000,3.4000000000000000,3.0000000000000000,3.0000000000000000,3.0000000000000000,2.6000000000000000,3.2000000000000000,3.2500000000000000,2.5000000000000000,2.8000000000000000,Futuristic,Includer,Learner
EMP101292,Maya Permadi,3.4000000000000000,58,IV,S2,2,5,null,40,73,null,ENTP,null,3,8.0,5.0,3.0,7.0,5.0,6.0,9.0,4.0,1.0,2.0,6.0,6.0,5.0,3.0,8.0,8.0,6.0,7.0,4.0,4.0,3.5000000000000000,3.8000000000000000,3.7500000000000000,3.4000000000000000,3.2500000000000000,3.6000000000000000,3.4000000000000000,3.2000000000000000,3.4000000000000000,3.2000000000000000,Focus,Learner,Individualization
EMP101293,Citra Suharto,4.2500000000000000,93,III,S1,1,3,120.0,77,41,null,ISFJ,28.0,7,7.0,2.0,9.0,1.0,9.0,2.0,6.0,6.0,3.0,2.0,4.0,6.0,null,7.0,4.0,1.0,2.0,1.0,5.0,3.0,4.0000000000000000,4.2000000000000000,4.0000000000000000,4.4000000000000000,4.0000000000000000,3.6000000000000000,4.0000000000000000,3.6000000000000000,4.0000000000000000,4.0000000000000000,Self-Assurance,Ideation,Individualization
EMP101294,Nugroho Rahmawati,3.0000000000000000,23,V,S1,3,6,105.0,94,90,ID,ISFJ,24.0,8,9.0,3.0,7.0,4.0,7.0,2.0,8.0,3.0,9.0,3.0,6.0,6.0,9.0,3.0,1.0,3.0,6.0,9.0,3.0,8.0,4.0000000000000000,3.2500000000000000,3.0000000000000000,3.2500000000000000,3.0000000000000000,3.7500000000000000,3.7500000000000000,2.3333333333333333,3.3333333333333333,3.5000000000000000,Activator,Achiever,Significance
EMP101295,Hana Dharma Handayani,3.8000000000000000,37,III,SMA,1,4,86.0,40,95,ID,ISTJ,23.0,9,8.0,8.0,9.0,8.0,9.0,1.0,2.0,6.0,null,8.0,1.0,7.0,6.0,1.0,5.0,null,2.0,2.0,4.0,8.0,3.7500000000000000,3.5000000000000000,3.7500000000000000,3.2000000000000000,4.0000000000000000,3.8000000000000000,3.7500000000000000,4.0000000000000000,3.5000000000000000,3.6000000000000000,,Positivity,Harmony
EMP101296,Umar Tamba,3.0000000000000000,30,V,D3,3,1,98.0,20,43,DI,INTJ,16.0,1,6.0,7.0,4.0,null,1.0,7.0,1.0,3.0,1.0,4.0,9.0,4.0,1.0,6.0,5.0,3.0,8.0,5.0,4.0,9.0,27.2500000000000000,3.0000000000000000,3.2000000000000000,3.6000000000000000,3.2000000000000000,3.0000000000000000,2.4000000000000000,2.7500000000000000,3.0000000000000000,3.0000000000000000,Responsibility,,Command
EMP101297,Teguh Siregar,2.8000000000000000,52,V,D3,3,6,108.0,96,93,null,INFJ,29.0,4,1.0,6.0,5.0,5.0,2.0,1.0,2.0,5.0,6.0,8.0,3.0,9.0,4.0,5.0,5.0,8.0,4.0,null,9.0,5.0,2.8000000000000000,2.8000000000000000,3.0000000000000000,3.0000000000000000,3.0000000000000000,2.7500000000000000,2.8000000000000000,2.8000000000000000,2.7500000000000000,3.2000000000000000,Context,Maximizer,Input
EMP101298,Nurlita Halim,2.8000000000000000,43,III,S1,1,2,81.0,99,53,SC,ENFP,31.0,1,7.0,3.0,7.0,9.0,5.0,3.0,4.0,1.0,5.0,2.0,7.0,7.0,1.0,5.0,6.0,6.0,5.0,5.0,2.0,7.0,2.5000000000000000,3.4000000000000000,2.8000000000000000,2.8000000000000000,3.0000000000000000,3.0000000000000000,2.6000000000000000,2.6000000000000000,2.2500000000000000,3.2500000000000000,Deliberative,Arranger,Belief
EMP101299,Vania Candra Nugroho,3.0000000000000000,55,IV,S2,2,1,114.0,93,70,DC,ENFP,22.0,8,6.0,6.0,null,null,8.0,1.0,2.0,2.0,9.0,6.0,5.0,9.0,1.0,1.0,7.0,6.0,4.0,5.0,7.0,null,2.8000000000000000,3.0000000000000000,3.0000000000000000,3.0000000000000000,2.4000000000000000,3.0000000000000000,2.8000000000000000,2.6000000000000000,3.4000000000000000,2.2000000000000000,Includer,Empathy,Learner
EMP101300,Eko Kurniawan,3.0000000000000000,12,III,D3,1,6,110.0,62,94,ID,null,32.0,5,1.0,1.0,5.0,5.0,9.0,null,8.0,9.0,9.0,3.0,null,1.0,6.0,3.0,7.0,2.0,4.0,null,5.0,6.0,3.0000000000000000,3.0000000000000000,3.2500000000000000,2.6666666666666667,3.2500000000000000,3.2500000000000000,2.3333333333333333,3.5000000000000000,3.3333333333333333,3.0000000000000000,Ideation,Intellection,Communication
EMP101301,Fajar Erlangga Maulana,4.0000000000000000,9,III,S1,1,6,132.0,23,65,SI,ESTP,28.0,2,4.0,2.0,2.0,4.0,8.0,5.0,7.0,2.0,2.0,null,5.0,null,7.0,3.0,3.0,1.0,null,7.0,8.0,7.0,4.0000000000000000,3.5000000000000000,3.5000000000000000,3.7500000000000000,4.5000000000000000,3.5000000000000000,4.0000000000000000,3.5000000000000000,3.6666666666666667,3.6666666666666667,Achiever,Intellection,Deliberative
EMP101302,Hana Anugrah Subekti,2.3333333333333333,21,IV,S2,2,5,123.0,64,73,ID,ESFP,23.0,9,4.0,5.0,6.0,5.0,3.0,8.0,1.0,7.0,3.0,1.0,9.0,3.0,8.0,null,1.0,7.0,6.0,2.0,null,2.0,2.7500000000000000,2.5000000000000000,3.0000000000000000,2.5000000000000000,2.7500000000000000,2.5000000000000000,3.5000000000000000,3.0000000000000000,3.2500000000000000,4.0000000000000000,Context,Individualization,Positivity
EMP101303,Kurnia Hartanto,3.0000000000000000,57,IV,SMA,2,6,83.0,65,96,CD,ESTP,33.0,10,5.0,3.0,4.0,3.0,1.0,null,4.0,8.0,5.0,7.0,1.0,null,3.0,4.0,3.0,2.0,null,3.0,7.0,4.0,2.2500000000000000,3.2000000000000000,3.2000000000000000,3.0000000000000000,3.2500000000000000,3.0000000000000000,3.8000000000000000,3.0000000000000000,2.6000000000000000,2.7500000000000000,Command,Context,Consistency
EMP101304,Iman Firmansyah,2.6000000000000000,48,IV,S2,2,6,null,62,84,IC,ENTP,null,3,5.0,4.0,5.0,2.0,9.0,9.0,8.0,5.0,3.0,null,3.0,9.0,1.0,9.0,9.0,7.0,3.0,8.0,6.0,3.0,2.6000000000000000,3.0000000000000000,2.7500000000000000,3.0000000000000000,2.6000000000000000,2.4000000000000000,2.2500000000000000,2.4000000000000000,2.2500000000000000,3.0000000000000000,Maximizer,,Restorative
EMP101305,Gita Wijaya Fauziah,4.2000000000000000,24,V,S1,3,4,89.0,71,58,ID,INTP,40.0,3,7.0,6.0,3.0,5.0,4.0,7.0,2.0,4.0,7.0,9.0,8.0,7.0,6.0,3.0,6.0,4.0,8.0,4.0,2.0,7.0,3.7500000000000000,4.2500000000000000,4.0000000000000000,4.3333333333333333,4.6000000000000000,3.2000000000000000,4.0000000000000000,4.2000000000000000,4.4000000000000000,4.2500000000000000,Harmony,Positivity,Strategic
EMP101306,Dwi Zulfikar,3.0000000000000000,34,IV,D3,2,4,129.0,52,21,DS,ENFJ,35.0,1,3.0,null,null,7.0,9.0,5.0,2.0,2.0,4.0,3.0,7.0,8.0,null,3.0,6.0,1.0,6.0,6.0,4.0,1.0,3.0000000000000000,3.5000000000000000,3.2500000000000000,3.4000000000000000,2.8000000000000000,2.5000000000000000,2.7500000000000000,3.0000000000000000,2.2000000000000000,2.6000000000000000,Focus,Relator,Command
EMP101307,Iman Situmorang,3.0000000000000000,76,IV,S2,2,3,124.0,56,90,CD,INTJ,36.0,3,5.0,5.0,2.0,8.0,3.0,8.0,5.0,1.0,6.0,1.0,6.0,6.0,1.0,2.0,3.0,null,6.0,1.0,5.0,6.0,3.2500000000000000,3.0000000000000000,3.0000000000000000,2.8000000000000000,3.0000000000000000,3.0000000000000000,2.6000000000000000,3.2500000000000000,3.5000000000000000,2.8000000000000000,Belief,Adaptability,Command
EMP101308,Prasetyo Saputra,3.2000000000000000,40,III,S2,1,6,89.0,96,58,SI,ESFJ,29.0,9,8.0,7.0,3.0,null,3.0,6.0,5.0,8.0,1.0,1.0,1.0,5.0,3.0,3.0,1.0,4.0,2.0,2.0,2.0,8.0,3.0000000000000000,3.4000000000000000,3.0000000000000000,3.0000000000000000,3.2000000000000000,2.7500000000000000,3.7500000000000000,2.0000000000000000,3.4000000000000000,3.2500000000000000,Self-Assurance,,Restorative
EMP101309,Rizka Hidayat,2.8000000000000000,89,III,S1,1,4,null,75,59,CI,ENTJ,null,8,1.0,8.0,6.0,5.0,7.0,3.0,9.0,6.0,6.0,2.0,5.0,8.0,4.0,9.0,9.0,3.0,4.0,1.0,1.0,null,2.6000000000000000,2.5000000000000000,2.8000000000000000,2.8000000000000000,2.7500000000000000,3.0000000000000000,3.2000000000000000,2.6000000000000000,3.0000000000000000,2.8000000000000000,Significance,Arranger,Woo
EMP101310,Rizka Yudhistira Sinaga,3.0000000000000000,27,III,S1,1,6,116.0,60,35,SI,ISTP,25.0,8,1.0,3.0,2.0,4.0,4.0,4.0,2.0,6.0,3.0,5.0,9.0,3.0,1.0,5.0,7.0,5.0,6.0,5.0,6.0,6.0,2.6000000000000000,3.7500000000000000,3.2000000000000000,2.7500000000000000,2.5000000000000000,3.2500000000000000,3.6666666666666667,2.6000000000000000,3.4000000000000000,3.0000000000000000,Achiever,,
EMP101311,Teguh Wibowo,2.4000000000000000,57,III,SMA,1,6,null,30,50,SI,ISFJ,24.0,5,null,1.0,4.0,null,1.0,2.0,1.0,null,3.0,4.0,2.0,4.0,3.0,3.0,4.0,2.0,2.0,5.0,2.0,3.0,2.2000000000000000,2.0000000000000000,2.2000000000000000,2.0000000000000000,2.4000000000000000,2.6000000000000000,2.5000000000000000,2.4000000000000000,3.0000000000000000,1.3333333333333333,Futuristic,,Harmony
EMP101312,Budi Syahputra,2.6000000000000000,44,V,SMA,3,2,100.0,72,20,DI,ISTJ,34.0,8,null,2.0,6.0,5.0,6.0,9.0,4.0,9.0,1.0,7.0,9.0,9.0,2.0,3.0,6.0,1.0,3.0,7.0,6.0,6.0,2.4000000000000000,3.0000000000000000,3.0000000000000000,2.5000000000000000,2.4000000000000000,2.6000000000000000,3.0000000000000000,2.6000000000000000,3.2000000000000000,3.0000000000000000,Connectedness,,Significance
EMP101313,Indra Mahardika Putra,2.6000000000000000,66,IV,D3,2,3,null,83,44,ID,ISFP,null,2,9.0,9.0,4.0,7.0,8.0,7.0,1.0,3.0,1.0,8.0,null,8.0,3.0,1.0,8.0,7.0,8.0,5.0,4.0,3.0,2.6000000000000000,2.4000000000000000,2.5000000000000000,2.6000000000000000,2.2000000000000000,3.0000000000000000,2.6000000000000000,2.5000000000000000,2.8000000000000000,2.5000000000000000,Individualization,Ideation,Intellection
EMP101314,Umar Wijaya Salsabila,3.0000000000000000,60,V,S1,3,6,90.0,39,99,CI,ESTP,32.0,5,1.0,8.0,6.0,3.0,1.0,2.0,5.0,null,2.0,6.0,5.0,7.0,6.0,6.0,7.0,9.0,8.0,7.0,8.0,9.0,2.6000000000000000,3.0000000000000000,3.2000000000000000,3.2000000000000000,3.2500000000000000,3.0000000000000000,2.8000000000000000,3.0000000000000000,3.0000000000000000,2.5000000000000000,Strategic,Input,
EMP101315,Dwi Wibowo,3.0000000000000000,57,IV,S1,2,3,null,95,66,CS,INTJ,null,6,7.0,5.0,7.0,4.0,5.0,4.0,5.0,7.0,null,8.0,7.0,1.0,6.0,1.0,5.0,1.0,5.0,6.0,7.0,2.0,3.4000000000000000,2.6000000000000000,3.5000000000000000,3.2000000000000000,3.0000000000000000,3.6000000000000000,3.4000000000000000,3.0000000000000000,4.0000000000000000,3.4000000000000000,Empathy,Self-Assurance,
EMP101316,Nugroho Kusuma Hasibuan,3.4000000000000000,89,III,S2,1,3,94.0,59,69,CD,INTP,36.0,7,5.0,6.0,9.0,8.0,8.0,3.0,2.0,2.0,8.0,9.0,4.0,4.0,6.0,2.0,3.0,5.0,null,null,1.0,6.0,2.7500000000000000,3.0000000000000000,3.4000000000000000,3.6000000000000000,3.2000000000000000,3.2000000000000000,3.4000000000000000,3.2000000000000000,3.6000000000000000,2.8000000000000000,Discipline,Activator,
EMP101317,Nadia Qolbi Utami,3.0000000000000000,33,V,SMA,3,3,140.0,54,65,ID,INTJ,29.0,8,5.0,5.0,8.0,1.0,5.0,3.0,6.0,2.0,2.0,6.0,6.0,3.0,8.0,8.0,8.0,8.0,7.0,9.0,7.0,3.0,3.2000000000000000,3.0000000000000000,2.8000000000000000,2.8000000000000000,3.6000000000000000,2.8000000000000000,2.8000000000000000,2.8000000000000000,3.2000000000000000,3.7500000000000000,Maximizer,Achiever,Arranger
EMP101318,Nurlita Zulfikar Sinaga,3.2500000000000000,55,V,S1,3,3,85.0,69,46,IC,INFP,26.0,1,9.0,4.0,1.0,9.0,3.0,null,5.0,7.0,4.0,2.0,5.0,9.0,4.0,5.0,null,4.0,8.0,4.0,7.0,null,3.2000000000000000,2.8000000000000000,3.4000000000000000,3.0000000000000000,2.5000000000000000,3.2000000000000000,3.2500000000000000,3.2000000000000000,2.6000000000000000,2.7500000000000000,Positivity,Belief,Analytical
EMP101319,Budi Anugrah Syahputra,3.0000000000000000,48,IV,D3,2,4,133.0,28,35,DI,null,29.0,1,4.0,null,4.0,4.0,4.0,2.0,2.0,6.0,3.0,9.0,1.0,8.0,8.0,1.0,9.0,9.0,7.0,6.0,5.0,3.0,3.0000000000000000,2.8000000000000000,3.0000000000000000,3.0000000000000000,3.0000000000000000,2.7500000000000000,3.2000000000000000,3.7500000000000000,3.0000000000000000,2.8000000000000000,Learner,Positivity,Focus
EMP101320,Fajar Tamba,3.2000000000000000,76,IV,S2,2,5,81.0,57,38,CD,ENFP,33.0,2,1.0,5.0,3.0,4.0,2.0,4.0,7.0,3.0,9.0,8.0,9.0,3.0,5.0,6.0,9.0,7.0,3.0,null,null,3.0,3.7500000000000000,3.0000000000000000,3.4000000000000000,3.2000000000000000,3.4000000000000000,3.0000000000000000,3.8000000000000000,2.8000000000000000,3.0000000000000000,2.7500000000000000,Activator,Analytical,Command
EMP101321,Ari Wijaya,3.7500000000000000,67,III,S2,1,3,null,25,42,CD,INTJ,null,3,3.0,6.0,null,2.0,9.0,2.0,2.0,null,7.0,6.0,7.0,3.0,5.0,8.0,1.0,2.0,null,3.0,8.0,7.0,3.4000000000000000,3.4000000000000000,3.0000000000000000,3.2000000000000000,3.2000000000000000,3.2000000000000000,3.6000000000000000,3.2000000000000000,3.6000000000000000,3.4000000000000000,Strategic,Developer,Consistency
EMP101322,Mahendra Sinaga,3.6000000000000000,54,IV,S1,2,5,125.0,97,31,CI,INFP,31.0,2,2.0,8.0,6.0,6.0,8.0,4.0,7.0,8.0,2.0,1.0,4.0,3.0,null,9.0,4.0,2.0,6.0,5.0,5.0,8.0,3.2500000000000000,3.4000000000000000,3.2500000000000000,3.7500000000000000,4.0000000000000000,4.2000000000000000,3.4000000000000000,3.4000000000000000,3.0000000000000000,3.4000000000000000,Communication,,Competition
EMP101323,Rendra Hartanto,2.8000000000000000,114,V,S1,3,2,131.0,76,87,DI,ISTJ,29.0,5,3.0,1.0,4.0,3.0,5.0,9.0,4.0,8.0,9.0,1.0,3.0,9.0,null,1.0,2.0,5.0,6.0,7.0,1.0,3.0,2.0000000000000000,2.8000000000000000,2.8000000000000000,3.0000000000000000,2.5000000000000000,2.7500000000000000,3.0000000000000000,3.2500000000000000,2.4000000000000000,3.0000000000000000,Arranger,Significance,Adaptability
EMP101324,Teguh Lestari Saputra,2.8000000000000000,36,III,SMA,1,4,null,20,47,CI,ENFP,22.0,4,8.0,1.0,4.0,2.0,8.0,5.0,4.0,2.0,5.0,4.0,3.0,8.0,3.0,1.0,null,6.0,9.0,5.0,8.0,5.0,3.4000000000000000,3.5000000000000000,3.6000000000000000,3.2500000000000000,3.0000000000000000,3.6000000000000000,3.5000000000000000,3.6000000000000000,3.8000000000000000,3.8000000000000000,Input,Self-Assurance,Communication
EMP101325,Gita Tri Siregar,2.8000000000000000,36,IV,D3,2,6,81.0,57,40,SD,null,29.0,3,4.0,4.0,4.0,4.0,2.0,1.0,8.0,1.0,1.0,2.0,7.0,9.0,4.0,5.0,4.0,9.0,null,5.0,6.0,9.0,3.2000000000000000,2.6000000000000000,2.8000000000000000,2.5000000000000000,3.0000000000000000,3.0000000000000000,2.3333333333333333,3.0000000000000000,2.5000000000000000,2.2500000000000000,Arranger,Activator,Intellection
EMP101326,Satya Wibowo,2.4000000000000000,27,III,SMA,1,3,100.0,57,52,CD,INTJ,32.0,5,5.0,4.0,7.0,9.0,1.0,8.0,5.0,3.0,5.0,9.0,7.0,8.0,null,1.0,7.0,7.0,6.0,4.0,6.0,2.0,2.2000000000000000,2.6000000000000000,2.3333333333333333,2.3333333333333333,2.2000000000000000,2.2000000000000000,2.2500000000000000,2.6000000000000000,2.4000000000000000,2.0000000000000000,Individualization,Discipline,Adaptability
EMP101327,Rizka Suharto,2.7500000000000000,23,III,S2,1,2,129.0,36,60,DC,ISTP,25.0,4,4.0,3.0,4.0,5.0,4.0,7.0,5.0,4.0,4.0,3.0,7.0,2.0,7.0,1.0,9.0,5.0,5.0,7.0,2.0,3.0,2.7500000000000000,3.0000000000000000,3.5000000000000000,3.0000000000000000,2.7500000000000000,2.0000000000000000,2.7500000000000000,2.5000000000000000,3.0000000000000000,3.0000000000000000,Focus,Positivity,Relator
EMP101328,Maya Candra Maulana,3.0000000000000000,0,V,S2,3,2,98.0,50,48,CD,null,17.0,7,9.0,7.0,7.0,3.0,2.0,5.0,8.0,2.0,2.0,4.0,9.0,2.0,2.0,6.0,2.0,4.0,7.0,1.0,7.0,2.0,2.7500000000000000,3.5000000000000000,3.2500000000000000,3.3333333333333333,3.2500000000000000,3.5000000000000000,2.6666666666666667,3.0000000000000000,2.6666666666666667,3.5000000000000000,Command,Significance,Achiever
EMP101329,Galih Kusuma Ridwan,3.0000000000000000,29,III,S1,1,2,null,43,78,DI,INTJ,null,5,5.0,4.0,1.0,2.0,5.0,4.0,4.0,null,2.0,7.0,4.0,2.0,1.0,2.0,6.0,null,4.0,8.0,9.0,4.0,3.4000000000000000,3.2000000000000000,2.4000000000000000,3.4000000000000000,3.3333333333333333,2.8000000000000000,2.7500000000000000,2.8000000000000000,3.0000000000000000,3.0000000000000000,Positivity,Belief,Analytical
EMP101330,Rizki Nugroho,3.6000000000000000,65,V,D3,3,6,105.0,51,40,CS,ESTJ,23.0,3,6.0,1.0,6.0,9.0,null,6.0,5.0,3.0,null,2.0,3.0,2.0,5.0,8.0,null,2.0,4.0,2.0,4.0,4.0,3.6000000000000000,3.6000000000000000,3.2500000000000000,3.2000000000000000,4.2500000000000000,3.6000000000000000,3.6000000000000000,3.8000000000000000,3.4000000000000000,3.4000000000000000,Learner,Significance,Restorative
EMP101331,Zahra Setiawan,3.0000000000000000,38,V,SMA,3,3,130.0,94,29,IC,ISTP,24.0,9,3.0,1.0,null,2.0,1.0,9.0,9.0,4.0,1.0,4.0,null,8.0,2.0,2.0,7.0,8.0,4.0,2.0,6.0,5.0,2.8000000000000000,3.2500000000000000,3.0000000000000000,3.0000000000000000,3.4000000000000000,3.0000000000000000,2.8000000000000000,2.2500000000000000,2.7500000000000000,2.4000000000000000,Woo,Ideation,Relator
EMP101332,Wahyu Sinaga,3.2500000000000000,40,V,S1,3,6,87.0,36,25,null,ESFJ,30.0,3,4.0,9.0,null,null,3.0,9.0,5.0,8.0,8.0,5.0,8.0,9.0,3.0,4.0,9.0,1.0,9.0,8.0,6.0,9.0,3.6000000000000000,3.5000000000000000,3.0000000000000000,3.6000000000000000,3.6000000000000000,3.6000000000000000,3.4000000000000000,3.8000000000000000,3.6000000000000000,4.0000000000000000,Positivity,Includer,Relator
EMP101333,Oka Gunawan,3.0000000000000000,79,V,S1,3,3,89.0,54,66,CI,ENFP,28.0,3,7.0,null,4.0,1.0,1.0,7.0,9.0,4.0,6.0,8.0,7.0,8.0,2.0,null,4.0,6.0,2.0,6.0,9.0,9.0,3.0000000000000000,3.2000000000000000,2.6666666666666667,3.2500000000000000,2.6000000000000000,2.7500000000000000,3.0000000000000000,3.4000000000000000,3.0000000000000000,2.8000000000000000,Achiever,Discipline,Deliberative
EMP101334,Yuni Hartanto,3.4000000000000000,66,IV,S2,2,1,87.0,91,46,DI,INTJ,36.0,5,8.0,8.0,null,9.0,4.0,8.0,9.0,6.0,4.0,5.0,3.0,4.0,8.0,7.0,9.0,4.0,6.0,6.0,3.0,1.0,3.0000000000000000,3.0000000000000000,3.2000000000000000,3.6666666666666667,3.2000000000000000,3.2000000000000000,3.6000000000000000,3.2500000000000000,3.2500000000000000,3.7500000000000000,Activator,Ideation,
EMP101335,Tania Kusuma,2.4000000000000000,27,IV,S1,2,1,88.0,85,76,null,INFP,31.0,9,4.0,1.0,1.0,1.0,7.0,8.0,4.0,9.0,5.0,9.0,3.0,6.0,4.0,6.0,null,2.0,null,1.0,6.0,8.0,3.0000000000000000,2.7500000000000000,2.4000000000000000,2.2000000000000000,2.2000000000000000,2.8000000000000000,2.0000000000000000,2.3333333333333333,2.0000000000000000,3.0000000000000000,Ideation,Competition,Achiever
EMP101336,Rama Lestari Handayani,3.8000000000000000,54,IV,S1,2,6,127.0,23,46,SI,null,25.0,4,3.0,1.0,5.0,1.0,2.0,7.0,null,7.0,9.0,9.0,3.0,9.0,3.0,7.0,6.0,3.0,2.0,null,null,5.0,3.0000000000000000,3.6000000000000000,3.6000000000000000,3.2500000000000000,3.6000000000000000,3.8000000000000000,3.8000000000000000,3.7500000000000000,3.6000000000000000,2.6666666666666667,,Intellection,
EMP101337,Lestari Jatmiko Situmorang,3.3333333333333333,94,IV,SMA,2,6,null,87,20,CI,INFP,40.0,9,9.0,4.0,8.0,6.0,3.0,9.0,7.0,6.0,5.0,8.0,4.0,4.0,4.0,4.0,7.0,1.0,2.0,6.0,null,5.0,4.0000000000000000,3.2000000000000000,3.8000000000000000,4.0000000000000000,3.7500000000000000,3.6000000000000000,4.2000000000000000,3.8000000000000000,3.8000000000000000,4.3333333333333333,Consistency,Activator,
EMP101338,Oktavia Yulianto,3.0000000000000000,39,III,S1,1,3,85.0,75,91,null,ISFJ,33.0,1,7.0,8.0,null,7.0,2.0,4.0,6.0,2.0,9.0,5.0,9.0,1.0,4.0,4.0,1.0,8.0,8.0,2.0,8.0,2.0,3.2000000000000000,3.0000000000000000,2.8000000000000000,3.2000000000000000,3.2000000000000000,2.7500000000000000,3.0000000000000000,2.5000000000000000,3.0000000000000000,3.0000000000000000,Consistency,Harmony,Competition
EMP101339,Ayu Subekti,3.2500000000000000,10,IV,S1,2,4,80.0,55,92,IS,ISTP,22.0,10,3.0,3.0,3.0,3.0,5.0,9.0,4.0,9.0,3.0,7.0,9.0,8.0,6.0,5.0,6.0,6.0,6.0,7.0,2.0,6.0,3.2500000000000000,3.5000000000000000,3.2500000000000000,3.6666666666666667,3.0000000000000000,2.6666666666666667,3.2500000000000000,3.2500000000000000,3.7500000000000000,3.0000000000000000,Focus,Discipline,Restorative
EMP101340,Ayunda Permadi,3.6000000000000000,32,V,D3,3,3,109.0,30,37,null,ENFJ,26.0,4,8.0,9.0,6.0,1.0,3.0,8.0,null,3.0,null,9.0,3.0,2.0,4.0,5.0,2.0,1.0,6.0,null,3.0,5.0,3.5000000000000000,3.8000000000000000,3.4000000000000000,3.2500000000000000,3.6000000000000000,2.7500000000000000,3.8000000000000000,3.0000000000000000,3.6000000000000000,3.8000000000000000,Command,Discipline,Analytical
EMP101341,Joko Putra,3.6000000000000000,28,IV,SMA,2,6,109.0,65,30,CD,ENTJ,30.0,9,2.0,7.0,6.0,9.0,6.0,null,5.0,5.0,9.0,4.0,4.0,3.0,3.0,6.0,7.0,8.0,8.0,5.0,8.0,5.0,3.6000000000000000,2.6000000000000000,3.6000000000000000,3.7500000000000000,3.6000000000000000,3.2500000000000000,3.6000000000000000,2.6666666666666667,3.7500000000000000,4.5000000000000000,Empathy,Positivity,Discipline
EMP101342,Arif Pradana,3.6000000000000000,69,III,S1,1,3,91.0,50,89,DI,ISFJ,34.0,6,5.0,4.0,5.0,4.0,1.0,7.0,9.0,7.0,3.0,2.0,7.0,9.0,5.0,7.0,9.0,9.0,7.0,1.0,3.0,7.0,3.7500000000000000,3.6000000000000000,3.4000000000000000,3.6666666666666667,3.7500000000000000,4.0000000000000000,3.2000000000000000,3.7500000000000000,3.0000000000000000,3.6000000000000000,Intellection,Learner,Input
EMP101343,Anisa Anugrah Saputra,4.6666666666666667,19,IV,D3,2,3,101.0,71,47,CI,ISTP,36.0,9,5.0,4.0,9.0,1.0,8.0,8.0,9.0,4.0,1.0,9.0,7.0,2.0,1.0,4.0,8.0,2.0,4.0,6.0,7.0,7.0,4.5000000000000000,4.6666666666666667,4.0000000000000000,4.6666666666666667,4.2500000000000000,4.2500000000000000,4.5000000000000000,4.5000000000000000,4.0000000000000000,4.3333333333333333,Restorative,Focus,Communication
EMP101344,Ayunda Anugrah Rahmawati,3.0000000000000000,60,V,S2,3,5,89.0,90,70,SD,INFP,34.0,10,7.0,7.0,8.0,1.0,3.0,5.0,3.0,3.0,6.0,3.0,6.0,3.0,3.0,3.0,9.0,5.0,8.0,5.0,6.0,1.0,2.8000000000000000,4.0000000000000000,3.4000000000000000,2.8000000000000000,3.0000000000000000,3.0000000000000000,3.2000000000000000,2.8000000000000000,2.8000000000000000,3.2000000000000000,Analytical,Intellection,Strategic
EMP101345,Nadia Pramudita Gunawan,3.5000000000000000,66,III,D3,1,5,120.0,96,25,IS,INFP,26.0,1,5.0,3.0,4.0,9.0,8.0,null,7.0,6.0,7.0,8.0,5.0,6.0,5.0,8.0,7.0,2.0,5.0,3.0,2.0,4.0,3.7500000000000000,4.0000000000000000,3.8000000000000000,3.0000000000000000,3.8000000000000000,3.4000000000000000,3.6000000000000000,4.0000000000000000,3.2500000000000000,3.6000000000000000,Responsibility,Analytical,Deliberative
EMP101346,Luthfi Tri Subekti,3.8000000000000000,75,V,SMA,3,1,107.0,46,60,CI,ISFJ,32.0,1,7.0,4.0,9.0,2.0,9.0,6.0,4.0,5.0,8.0,3.0,9.0,9.0,9.0,6.0,2.0,3.0,1.0,7.0,9.0,null,3.8000000000000000,4.0000000000000000,4.4000000000000000,3.5000000000000000,3.6000000000000000,3.8000000000000000,3.7500000000000000,3.7500000000000000,3.7500000000000000,3.2000000000000000,Focus,Learner,
EMP101347,Utami Adi Handayani,3.5000000000000000,71,IV,SMA,2,3,85.0,40,38,DC,ISTJ,32.0,1,null,7.0,6.0,7.0,2.0,4.0,4.0,4.0,9.0,4.0,1.0,5.0,null,9.0,null,7.0,1.0,5.0,4.0,null,3.2000000000000000,3.2000000000000000,3.6666666666666667,3.2000000000000000,3.0000000000000000,3.0000000000000000,3.4000000000000000,3.4000000000000000,3.0000000000000000,3.4000000000000000,Individualization,Input,Discipline
EMP101348,Rendra Yudhistira Pradana,4.4000000000000000,34,III,S2,1,4,null,77,31,DC,ISFP,null,4,1.0,null,3.0,6.0,3.0,null,9.0,6.0,9.0,1.0,6.0,7.0,1.0,8.0,1.0,9.0,1.0,null,2.0,8.0,4.5000000000000000,4.2000000000000000,3.7500000000000000,4.2500000000000000,4.7500000000000000,4.6000000000000000,4.5000000000000000,4.6000000000000000,3.8000000000000000,4.4000000000000000,Woo,Connectedness,Consistency
EMP101349,Novi Kusuma,3.2000000000000000,62,IV,SMA,2,4,132.0,22,78,SD,ISTP,23.0,8,6.0,1.0,4.0,5.0,7.0,8.0,null,3.0,3.0,1.0,1.0,5.0,9.0,7.0,2.0,2.0,4.0,1.0,3.0,8.0,3.0000000000000000,3.6000000000000000,3.5000000000000000,2.8000000000000000,3.6000000000000000,3.4000000000000000,27.0000000000000000,2.8000000000000000,3.0000000000000000,3.2000000000000000,Self-Assurance,Developer,Competition
EMP101350,Bella Dharma Maulida,3.8000000000000000,64,III,SMA,1,3,81.0,53,49,SI,ENFP,21.0,4,8.0,3.0,3.0,3.0,2.0,7.0,7.0,3.0,4.0,9.0,8.0,3.0,1.0,5.0,7.0,8.0,9.0,4.0,6.0,4.0,3.8000000000000000,3.6000000000000000,3.8000000000000000,3.8000000000000000,3.4000000000000000,3.5000000000000000,4.2500000000000000,4.0000000000000000,4.4000000000000000,3.8000000000000000,Futuristic,,Command
EMP101351,Dwi Tamba,3.8000000000000000,69,IV,SMA,2,2,94.0,45,83,CS,INTJ,21.0,8,7.0,3.0,1.0,6.0,9.0,8.0,1.0,1.0,6.0,8.0,8.0,4.0,9.0,7.0,5.0,2.0,2.0,5.0,5.0,null,4.0000000000000000,3.8000000000000000,3.7500000000000000,4.0000000000000000,3.6000000000000000,4.2000000000000000,3.4000000000000000,3.8000000000000000,4.2500000000000000,3.6000000000000000,Restorative,Focus,Woo
EMP101352,Dian Sinaga,1.5000000000000000,49,V,S1,3,4,120.0,35,65,CD,ISFP,21.0,6,7.0,3.0,8.0,8.0,5.0,8.0,3.0,6.0,6.0,9.0,9.0,5.0,6.0,8.0,8.0,null,6.0,7.0,7.0,7.0,2.0000000000000000,3.0000000000000000,2.2000000000000000,1.3333333333333333,2.2000000000000000,2.4000000000000000,2.7500000000000000,2.0000000000000000,2.0000000000000000,3.0000000000000000,Relator,Adaptability,Positivity
EMP101353,Prasetyo Halim,3.6000000000000000,42,V,D3,3,4,108.0,51,80,CI,ENFP,29.0,9,8.0,6.0,8.0,1.0,8.0,5.0,8.0,1.0,3.0,8.0,1.0,9.0,8.0,2.0,7.0,1.0,9.0,6.0,9.0,3.0,3.5000000000000000,3.6000000000000000,3.4000000000000000,3.6000000000000000,3.6000000000000000,3.2500000000000000,3.4000000000000000,3.4000000000000000,3.5000000000000000,4.0000000000000000,Includer,Arranger,Consistency
EMP101354,Wulan Aji Rohman,3.2000000000000000,56,V,S2,3,4,null,49,62,SC,ISFJ,36.0,8,5.0,7.0,1.0,7.0,2.0,4.0,1.0,9.0,7.0,1.0,5.0,6.0,1.0,4.0,5.0,9.0,4.0,4.0,4.0,9.0,3.0000000000000000,3.0000000000000000,3.4000000000000000,3.2000000000000000,2.2500000000000000,3.4000000000000000,3.2500000000000000,3.0000000000000000,2.6000000000000000,2.7500000000000000,Strategic,Competition,Belief
EMP101355,Utami Halim,3.0000000000000000,39,IV,S2,2,3,109.0,27,29,CD,ENFJ,21.0,8,6.0,6.0,2.0,null,4.0,2.0,5.0,4.0,4.0,4.0,8.0,5.0,5.0,2.0,7.0,8.0,6.0,1.0,9.0,5.0,2.8000000000000000,2.4000000000000000,2.7500000000000000,2.6666666666666667,3.2000000000000000,3.2000000000000000,3.0000000000000000,3.0000000000000000,2.6666666666666667,3.0000000000000000,Positivity,Empathy,Analytical
EMP101356,Yuni Ramadhan,3.2000000000000000,56,IV,S1,2,1,140.0,34,80,CS,INTP,41.0,4,5.0,7.0,9.0,2.0,3.0,9.0,9.0,9.0,null,7.0,null,7.0,6.0,null,2.0,5.0,4.0,2.0,7.0,3.0,3.4000000000000000,3.5000000000000000,3.0000000000000000,3.2000000000000000,3.0000000000000000,3.6000000000000000,2.7500000000000000,3.0000000000000000,3.0000000000000000,3.5000000000000000,,Individualization,Focus
EMP101357,Bayu Zulfikar Hasibuan,3.0000000000000000,31,IV,S2,2,4,97.0,41,94,SD,ESFP,16.0,5,4.0,2.0,1.0,1.0,2.0,3.0,7.0,7.0,4.0,2.0,5.0,1.0,8.0,5.0,4.0,null,1.0,9.0,8.0,9.0,2.6000000000000000,3.2000000000000000,3.2500000000000000,3.2000000000000000,3.7500000000000000,3.0000000000000000,3.2000000000000000,3.5000000000000000,2.4000000000000000,2.8000000000000000,Connectedness,Positivity,
EMP101358,Kurnia Maulana,2.6000000000000000,30,IV,S1,2,6,108.0,80,31,IS,ISTP,27.0,7,9.0,8.0,6.0,6.0,2.0,4.0,8.0,1.0,7.0,null,7.0,null,7.0,1.0,2.0,3.0,2.0,4.0,null,2.0,2.0000000000000000,2.4000000000000000,2.4000000000000000,2.6000000000000000,2.0000000000000000,3.3333333333333333,3.0000000000000000,2.2000000000000000,2.7500000000000000,3.0000000000000000,Analytical,Restorative,Harmony
EMP101359,Fajar Iqbal Simanjuntak,3.7500000000000000,92,IV,D3,2,5,95.0,62,74,CS,INTP,29.0,7,2.0,3.0,4.0,7.0,5.0,8.0,8.0,9.0,4.0,2.0,6.0,1.0,4.0,4.0,1.0,6.0,4.0,1.0,7.0,7.0,22.6000000000000000,3.8000000000000000,3.0000000000000000,3.5000000000000000,3.0000000000000000,3.2000000000000000,3.8000000000000000,3.0000000000000000,3.5000000000000000,3.6000000000000000,Intellection,Empathy,Positivity
EMP101360,Fitri Iqbal Lukman,3.0000000000000000,64,III,SMA,1,5,124.0,22,72,SI,ENFP,18.0,1,6.0,1.0,7.0,9.0,6.0,9.0,2.0,3.0,6.0,8.0,5.0,3.0,null,2.0,4.0,7.0,5.0,4.0,6.0,7.0,2.8000000000000000,2.8000000000000000,3.2500000000000000,2.2500000000000000,3.0000000000000000,2.6000000000000000,2.5000000000000000,3.0000000000000000,2.6000000000000000,2.8000000000000000,Developer,,Restorative
EMP101361,Adi Pratama,2.6000000000000000,77,V,S1,3,3,93.0,29,82,DI,ESTJ,29.0,10,3.0,5.0,7.0,9.0,3.0,6.0,1.0,3.0,5.0,4.0,9.0,3.0,9.0,null,3.0,null,1.0,8.0,null,5.0,3.0000000000000000,2.0000000000000000,3.0000000000000000,2.5000000000000000,2.8000000000000000,3.0000000000000000,2.6000000000000000,2.6000000000000000,2.6000000000000000,2.2000000000000000,Ideation,Connectedness,Empathy
EMP101362,Valdo Kusuma,3.2000000000000000,26,IV,SMA,2,6,97.0,49,69,DC,INFP,22.0,7,null,3.0,4.0,6.0,2.0,1.0,2.0,5.0,9.0,3.0,3.0,3.0,5.0,1.0,3.0,2.0,5.0,2.0,null,7.0,3.5000000000000000,3.4000000000000000,3.2000000000000000,3.0000000000000000,2.8000000000000000,3.6000000000000000,3.6000000000000000,3.2000000000000000,3.2000000000000000,3.2000000000000000,Arranger,Restorative,Individualization
EMP101363,Rafa Gunawan,3.2000000000000000,28,IV,SMA,2,4,133.0,71,50,DS,ESTP,43.0,1,4.0,8.0,3.0,4.0,5.0,6.0,9.0,7.0,9.0,7.0,8.0,4.0,8.0,2.0,6.0,1.0,2.0,1.0,null,1.0,3.0000000000000000,3.0000000000000000,3.4000000000000000,3.2000000000000000,3.3333333333333333,3.2000000000000000,3.0000000000000000,2.8000000000000000,3.2000000000000000,3.2000000000000000,Individualization,Positivity,Deliberative
EMP101364,Rizky Baskara Handayani,3.4000000000000000,74,V,SMA,3,5,null,41,34,SC,ENTP,null,1,9.0,9.0,3.0,7.0,1.0,9.0,9.0,2.0,9.0,5.0,1.0,9.0,1.0,6.0,null,null,4.0,2.0,7.0,7.0,3.4000000000000000,3.4000000000000000,3.5000000000000000,3.8000000000000000,3.6000000000000000,3.4000000000000000,3.2000000000000000,2.8000000000000000,3.2000000000000000,3.6000000000000000,Focus,Responsibility,Connectedness
EMP101365,Teguh Setiawan,3.6000000000000000,110,III,SMA,1,6,null,20,87,SC,INFP,16.0,1,7.0,4.0,3.0,null,6.0,4.0,null,2.0,4.0,3.0,7.0,4.0,3.0,1.0,null,2.0,4.0,3.0,null,4.0,3.5000000000000000,3.7500000000000000,4.2500000000000000,2.7500000000000000,3.4000000000000000,3.8000000000000000,3.8000000000000000,3.6000000000000000,3.5000000000000000,3.8000000000000000,Arranger,,Context
EMP101366,Rani Firmansyah,2.6000000000000000,67,IV,SMA,2,4,117.0,85,87,ID,ISTP,19.0,10,8.0,3.0,6.0,null,8.0,7.0,9.0,5.0,3.0,6.0,1.0,2.0,null,5.0,7.0,2.0,7.0,1.0,null,5.0,2.6000000000000000,2.7500000000000000,2.5000000000000000,2.8000000000000000,3.2000000000000000,2.2500000000000000,2.4000000000000000,2.6000000000000000,2.8000000000000000,22.0000000000000000,Connectedness,Includer,Developer
EMP101367,Ahmad Nugroho,4.2500000000000000,73,IV,D3,2,2,null,43,32,SI,ENFP,43.0,8,3.0,6.0,6.0,3.0,1.0,3.0,7.0,null,6.0,8.0,8.0,8.0,3.0,2.0,8.0,2.0,9.0,5.0,6.0,9.0,4.5000000000000000,4.2500000000000000,4.4000000000000000,4.4000000000000000,4.0000000000000000,4.0000000000000000,4.7500000000000000,4.5000000000000000,4.2000000000000000,4.5000000000000000,Empathy,Focus,Deliberative
EMP101368,Julia Herlambang,2.4000000000000000,48,III,S2,1,3,104.0,86,33,DI,INFP,32.0,2,6.0,2.0,5.0,2.0,1.0,7.0,8.0,1.0,9.0,6.0,4.0,7.0,1.0,3.0,2.0,4.0,7.0,8.0,7.0,7.0,3.0000000000000000,2.2000000000000000,2.4000000000000000,2.2000000000000000,2.8000000000000000,2.8000000000000000,2.8000000000000000,3.0000000000000000,2.2500000000000000,2.6000000000000000,Strategic,Relator,Woo
EMP101369,Dimas Yudhistira Pratomo,3.8000000000000000,65,V,S2,3,6,90.0,91,40,CI,ENTJ,25.0,5,4.0,2.0,1.0,1.0,1.0,3.0,3.0,9.0,null,2.0,3.0,5.0,8.0,7.0,9.0,6.0,6.0,8.0,null,1.0,4.2500000000000000,4.2500000000000000,3.7500000000000000,4.0000000000000000,3.4000000000000000,3.6000000000000000,3.7500000000000000,3.8000000000000000,4.0000000000000000,4.0000000000000000,Deliberative,Strategic,Woo
EMP101370,Iman Rachman Simanjuntak,3.2000000000000000,55,III,S1,1,3,128.0,65,44,IC,ISFP,35.0,10,null,4.0,3.0,2.0,2.0,null,7.0,null,6.0,2.0,7.0,7.0,6.0,3.0,9.0,4.0,3.0,null,5.0,7.0,3.2000000000000000,3.0000000000000000,3.6000000000000000,3.5000000000000000,3.5000000000000000,2.8000000000000000,3.2500000000000000,3.0000000000000000,2.6666666666666667,3.0000000000000000,Competition,Significance,Empathy
EMP101371,Anisa Kurniawan,3.4000000000000000,44,III,S1,1,2,null,55,46,CD,ISTJ,29.0,2,8.0,3.0,1.0,8.0,7.0,9.0,7.0,3.0,9.0,null,4.0,3.0,9.0,4.0,9.0,3.0,6.0,9.0,6.0,5.0,3.6000000000000000,3.3333333333333333,3.8000000000000000,3.2500000000000000,3.5000000000000000,3.6000000000000000,3.0000000000000000,3.0000000000000000,3.4000000000000000,3.2000000000000000,Consistency,Maximizer,Ideation
EMP101372,Adit Gunawan,3.4000000000000000,51,IV,SMA,2,6,134.0,94,59,ID,null,17.0,4,1.0,8.0,4.0,6.0,4.0,6.0,6.0,2.0,3.0,4.0,6.0,3.0,8.0,8.0,8.0,1.0,3.0,2.0,1.0,3.0,3.6000000000000000,3.5000000000000000,3.2000000000000000,3.0000000000000000,3.7500000000000000,3.8000000000000000,3.2000000000000000,3.0000000000000000,3.2000000000000000,3.3333333333333333,Deliberative,Belief,Futuristic
EMP101373,Hana Aji Sinaga,3.8000000000000000,40,V,D3,3,3,81.0,47,79,SI,ISFP,35.0,1,2.0,9.0,2.0,7.0,3.0,3.0,null,1.0,7.0,2.0,null,6.0,5.0,5.0,7.0,7.0,2.0,7.0,5.0,4.0,3.8000000000000000,3.4000000000000000,4.2000000000000000,3.7500000000000000,4.0000000000000000,3.5000000000000000,4.2000000000000000,3.5000000000000000,4.0000000000000000,3.2500000000000000,Strategic,Competition,Includer
EMP101374,Anisa Qolbi Kurniawan,2.5000000000000000,14,III,D3,1,3,118.0,82,84,SI,ENFP,31.0,8,4.0,4.0,2.0,6.0,1.0,9.0,3.0,2.0,1.0,2.0,5.0,null,9.0,9.0,3.0,3.0,2.0,2.0,3.0,8.0,2.7500000000000000,2.2500000000000000,3.0000000000000000,3.0000000000000000,2.7500000000000000,2.2500000000000000,3.3333333333333333,34.6666666666666667,3.2500000000000000,3.2500000000000000,Discipline,Arranger,Restorative
EMP101375,Lestari Salsabila,3.0000000000000000,71,V,S2,3,3,null,61,86,SI,ESFP,33.0,7,7.0,6.0,9.0,6.0,7.0,8.0,null,1.0,4.0,4.0,8.0,1.0,4.0,null,1.0,8.0,1.0,9.0,2.0,2.0,27.2500000000000000,3.2000000000000000,3.5000000000000000,2.8000000000000000,2.6000000000000000,2.4000000000000000,2.5000000000000000,3.0000000000000000,3.0000000000000000,2.4000000000000000,Competition,,Input
EMP101376,Iman Tamba,3.2500000000000000,74,IV,D3,2,5,128.0,46,70,DC,ESFJ,35.0,8,8.0,7.0,8.0,1.0,8.0,null,9.0,8.0,null,8.0,3.0,6.0,8.0,6.0,1.0,8.0,7.0,6.0,6.0,2.0,3.4000000000000000,3.2000000000000000,3.2000000000000000,3.0000000000000000,3.0000000000000000,3.2500000000000000,3.4000000000000000,3.5000000000000000,3.0000000000000000,3.8000000000000000,Futuristic,,Arranger
EMP101377,Dwi Utama Fauziah,3.2500000000000000,61,III,S1,1,1,90.0,75,52,DI,ENTP,28.0,9,7.0,4.0,4.0,9.0,8.0,3.0,2.0,3.0,9.0,1.0,7.0,9.0,8.0,5.0,7.0,3.0,null,2.0,9.0,9.0,3.2000000000000000,3.2000000000000000,2.8000000000000000,3.2500000000000000,3.2000000000000000,3.2500000000000000,3.2500000000000000,3.0000000000000000,3.6000000000000000,3.0000000000000000,Relator,Empathy,Input
EMP101378,Joko Dharma Utami,3.0000000000000000,73,IV,S2,2,2,137.0,36,49,null,ISFP,25.0,6,9.0,2.0,1.0,7.0,5.0,6.0,7.0,3.0,1.0,5.0,8.0,9.0,6.0,6.0,4.0,3.0,1.0,6.0,5.0,7.0,3.0000000000000000,3.0000000000000000,3.2500000000000000,3.5000000000000000,2.6000000000000000,3.4000000000000000,3.0000000000000000,3.0000000000000000,3.2000000000000000,3.4000000000000000,Learner,Significance,Adaptability
EMP101379,Oka Pamungkas,4.7500000000000000,21,III,SMA,1,5,89.0,71,44,IS,ENTP,29.0,1,6.0,1.0,2.0,7.0,7.0,3.0,2.0,6.0,5.0,3.0,5.0,3.0,2.0,8.0,6.0,7.0,9.0,9.0,9.0,3.0,4.6666666666666667,5.0000000000000000,5.0000000000000000,4.5000000000000000,4.5000000000000000,5.0000000000000000,4.7500000000000000,4.5000000000000000,4.7500000000000000,4.5000000000000000,Futuristic,Responsibility,Woo
EMP101380,Teguh Utama Pratomo,3.2500000000000000,45,V,S2,3,4,108.0,78,86,CI,ESTP,28.0,10,5.0,1.0,6.0,null,3.0,9.0,4.0,2.0,4.0,4.0,3.0,8.0,8.0,9.0,7.0,6.0,8.0,9.0,1.0,4.0,3.4000000000000000,3.4000000000000000,3.0000000000000000,3.0000000000000000,2.7500000000000000,3.5000000000000000,3.0000000000000000,3.5000000000000000,2.8000000000000000,3.2000000000000000,Restorative,Deliberative,Woo
EMP101381,Kurnia Ridwan,4.0000000000000000,47,V,D3,3,3,110.0,85,39,CD,INFP,38.0,3,9.0,8.0,2.0,2.0,3.0,null,5.0,null,1.0,4.0,1.0,null,6.0,4.0,3.0,2.0,3.0,9.0,8.0,4.0,4.0000000000000000,3.8000000000000000,3.8000000000000000,3.6666666666666667,3.7500000000000000,4.2500000000000000,4.0000000000000000,3.5000000000000000,4.2000000000000000,3.4000000000000000,Relator,Achiever,Significance
EMP101382,Citra Zulfikar Siregar,3.6000000000000000,79,IV,D3,2,5,112.0,39,69,CS,INTP,37.0,4,9.0,9.0,1.0,8.0,1.0,9.0,null,3.0,9.0,7.0,7.0,8.0,2.0,7.0,7.0,7.0,6.0,5.0,3.0,9.0,3.6666666666666667,3.5000000000000000,3.7500000000000000,3.7500000000000000,3.0000000000000000,3.7500000000000000,4.5000000000000000,3.4000000000000000,3.6666666666666667,3.6000000000000000,Activator,Self-Assurance,
EMP101383,Rizky Ramadhan,3.0000000000000000,20,III,S2,1,4,133.0,27,47,DI,INFJ,30.0,3,1.0,7.0,9.0,2.0,null,5.0,8.0,7.0,5.0,5.0,4.0,7.0,6.0,8.0,8.0,7.0,7.0,9.0,5.0,6.0,3.0000000000000000,3.0000000000000000,2.7500000000000000,3.2500000000000000,3.0000000000000000,2.5000000000000000,3.0000000000000000,3.2500000000000000,3.0000000000000000,3.7500000000000000,Focus,Achiever,Relator
EMP101384,Indra Ginting,2.4000000000000000,62,III,S1,1,6,112.0,85,23,IC,ESTJ,32.0,3,1.0,8.0,2.0,4.0,1.0,9.0,1.0,2.0,5.0,null,8.0,2.0,7.0,2.0,null,7.0,8.0,null,2.0,1.0,2.6000000000000000,2.4000000000000000,2.4000000000000000,2.4000000000000000,2.4000000000000000,2.7500000000000000,2.6000000000000000,2.0000000000000000,3.0000000000000000,2.5000000000000000,Focus,Empathy,Consistency
EMP101385,Dian Yudhistira Lestari,2.7500000000000000,19,V,SMA,3,4,null,39,27,DS,ENFP,null,2,7.0,4.0,9.0,7.0,4.0,4.0,6.0,6.0,7.0,9.0,7.0,7.0,9.0,8.0,6.0,1.0,1.0,3.0,2.0,9.0,3.0000000000000000,3.0000000000000000,2.3333333333333333,2.6666666666666667,2.5000000000000000,2.7500000000000000,2.7500000000000000,2.2500000000000000,2.5000000000000000,3.0000000000000000,Harmony,Self-Assurance,Learner
EMP101386,Rama Maulida,2.6666666666666667,7,III,D3,1,3,122.0,74,75,CS,ENFJ,12.0,6,1.0,5.0,4.0,5.0,1.0,2.0,8.0,5.0,3.0,8.0,3.0,9.0,1.0,9.0,1.0,4.0,4.0,1.0,1.0,null,2.2500000000000000,2.5000000000000000,2.5000000000000000,3.0000000000000000,2.0000000000000000,2.3333333333333333,2.2500000000000000,2.3333333333333333,2.6666666666666667,2.2500000000000000,Ideation,Developer,Positivity
EMP101387,Zahra Wibowo,2.6000000000000000,27,V,S1,3,6,112.0,33,69,DC,ESTP,24.0,1,8.0,2.0,null,8.0,1.0,2.0,8.0,9.0,5.0,4.0,8.0,3.0,9.0,1.0,null,7.0,2.0,6.0,6.0,null,2.2000000000000000,2.2000000000000000,2.4000000000000000,2.6000000000000000,2.6000000000000000,2.6000000000000000,3.0000000000000000,2.5000000000000000,1.7500000000000000,2.6000000000000000,,Communication,Activator
EMP101388,Ayunda Tri Hidayat,2.7500000000000000,59,V,S2,3,3,116.0,79,67,ID,ENFP,20.0,1,4.0,9.0,1.0,4.0,3.0,6.0,9.0,5.0,4.0,2.0,5.0,7.0,2.0,1.0,9.0,6.0,8.0,null,3.0,6.0,2.8000000000000000,3.0000000000000000,3.7500000000000000,3.2000000000000000,3.4000000000000000,3.6000000000000000,2.5000000000000000,3.2000000000000000,3.2000000000000000,3.5000000000000000,Ideation,Harmony,Achiever
EMP101389,Rizka Erlangga Siregar,2.6000000000000000,56,III,D3,1,6,91.0,88,93,DS,ISTJ,30.0,2,3.0,2.0,7.0,7.0,6.0,2.0,4.0,1.0,4.0,5.0,7.0,9.0,8.0,null,null,9.0,8.0,4.0,4.0,8.0,2.6000000000000000,2.5000000000000000,1.6666666666666667,2.0000000000000000,3.0000000000000000,2.0000000000000000,2.7500000000000000,1.7500000000000000,3.2000000000000000,2.6000000000000000,Analytical,Empathy,Achiever
EMP101390,Wahyu Pramudita Gunawan,3.5000000000000000,64,V,SMA,3,1,138.0,95,73,null,ENFP,26.0,10,2.0,4.0,3.0,9.0,9.0,null,4.0,1.0,5.0,2.0,3.0,9.0,1.0,1.0,9.0,9.0,6.0,5.0,null,9.0,3.2000000000000000,2.5000000000000000,3.2000000000000000,3.4000000000000000,3.2500000000000000,3.2000000000000000,3.2000000000000000,3.4000000000000000,2.5000000000000000,3.4000000000000000,Responsibility,Connectedness,Strategic
EMP101391,Dewi Fauziah,3.5000000000000000,4,IV,D3,2,3,null,92,97,CD,INTP,null,7,5.0,3.0,5.0,8.0,3.0,5.0,null,2.0,6.0,8.0,2.0,8.0,4.0,4.0,9.0,1.0,null,9.0,9.0,9.0,3.5000000000000000,3.5000000000000000,3.2500000000000000,3.7500000000000000,3.2500000000000000,3.5000000000000000,4.0000000000000000,3.5000000000000000,3.2500000000000000,2.5000000000000000,Deliberative,Achiever,Positivity
EMP101392,Yoga Siregar,2.6000000000000000,64,III,D3,1,4,121.0,23,54,SC,ISTJ,25.0,3,1.0,3.0,9.0,3.0,9.0,2.0,6.0,1.0,2.0,6.0,3.0,1.0,8.0,3.0,1.0,2.0,9.0,7.0,2.0,3.0,3.0000000000000000,2.0000000000000000,2.7500000000000000,2.8000000000000000,2.8000000000000000,2.8000000000000000,3.0000000000000000,1.7500000000000000,2.5000000000000000,2.6000000000000000,Focus,Activator,Communication
EMP101393,Evi Jatmiko Halim,3.6000000000000000,85,IV,SMA,2,6,91.0,21,98,ID,ENTP,21.0,9,1.0,5.0,9.0,null,7.0,5.0,7.0,6.0,3.0,8.0,3.0,1.0,8.0,4.0,5.0,5.0,5.0,2.0,9.0,8.0,3.5000000000000000,3.6000000000000000,3.0000000000000000,3.0000000000000000,3.0000000000000000,4.0000000000000000,3.2000000000000000,3.6000000000000000,3.4000000000000000,3.2000000000000000,Maximizer,Consistency,Strategic
EMP101394,Ari Utami,3.6000000000000000,49,III,S2,1,4,null,27,62,SD,ISFJ,null,4,1.0,2.0,1.0,3.0,4.0,6.0,2.0,6.0,4.0,6.0,8.0,8.0,9.0,3.0,6.0,2.0,4.0,9.0,1.0,3.0,3.2000000000000000,3.2500000000000000,3.8000000000000000,3.4000000000000000,3.8000000000000000,3.6000000000000000,3.7500000000000000,3.4000000000000000,3.2000000000000000,3.0000000000000000,Command,Significance,Competition
EMP101395,Nabila Saputra Setiawan,3.5000000000000000,111,III,D3,1,3,null,48,93,SC,ESTJ,null,5,null,8.0,9.0,2.0,9.0,4.0,null,8.0,6.0,7.0,5.0,null,6.0,8.0,null,8.0,null,8.0,2.0,null,3.7500000000000000,3.6000000000000000,3.6000000000000000,3.5000000000000000,3.4000000000000000,4.0000000000000000,3.4000000000000000,3.0000000000000000,3.5000000000000000,3.4000000000000000,Woo,Achiever,Belief
EMP101396,Gita Ginting,4.0000000000000000,36,III,D3,1,5,105.0,73,63,CD,ESFP,22.0,4,9.0,8.0,1.0,9.0,6.0,1.0,2.0,null,7.0,null,1.0,6.0,7.0,1.0,5.0,3.0,1.0,7.0,8.0,5.0,4.5000000000000000,4.2500000000000000,3.2000000000000000,3.6000000000000000,3.7500000000000000,3.7500000000000000,4.2500000000000000,4.2000000000000000,3.8000000000000000,3.6000000000000000,Learner,Intellection,Developer
EMP101397,Gita Wijaya Setiawan,3.2500000000000000,53,IV,D3,2,4,103.0,22,83,SD,ESTJ,13.0,8,2.0,8.0,1.0,2.0,9.0,9.0,8.0,4.0,3.0,null,null,2.0,8.0,2.0,7.0,1.0,2.0,1.0,7.0,4.0,2.8000000000000000,3.4000000000000000,2.8000000000000000,4.2000000000000000,2.7500000000000000,2.6000000000000000,3.2000000000000000,3.5000000000000000,2.5000000000000000,3.5000000000000000,Significance,Competition,Individualization
EMP101398,Umar Kusuma,3.0000000000000000,42,V,S2,3,3,100.0,66,56,SC,ESTP,33.0,2,2.0,7.0,6.0,1.0,null,5.0,5.0,1.0,5.0,6.0,2.0,3.0,8.0,8.0,null,1.0,8.0,6.0,2.0,1.0,2.5000000000000000,3.4000000000000000,2.8000000000000000,3.2500000000000000,3.0000000000000000,2.4000000000000000,3.2000000000000000,3.4000000000000000,3.6000000000000000,2.7500000000000000,Arranger,Adaptability,Individualization
EMP101399,Utami Rohman,2.7500000000000000,2,III,SMA,1,2,117.0,79,72,DS,ISTP,28.0,8,6.0,1.0,7.0,9.0,null,7.0,7.0,7.0,null,6.0,8.0,1.0,8.0,2.0,8.0,2.0,5.0,7.0,5.0,9.0,2.7500000000000000,2.7500000000000000,3.0000000000000000,3.0000000000000000,2.0000000000000000,2.6666666666666667,2.5000000000000000,2.7500000000000000,3.0000000000000000,2.7500000000000000,Learner,Achiever,Strategic
EMP101400,Rendra Rachman Wijaya,3.3333333333333333,18,V,S2,3,2,106.0,64,34,CI,INFJ,34.0,7,9.0,null,5.0,1.0,1.0,5.0,9.0,7.0,8.0,6.0,5.0,null,5.0,6.0,null,9.0,8.0,1.0,1.0,3.0,2.7500000000000000,3.2500000000000000,3.3333333333333333,3.0000000000000000,3.2500000000000000,3.2500000000000000,3.2500000000000000,3.3333333333333333,3.2500000000000000,3.2500000000000000,Relator,Adaptability,Developer
EMP101401,Evi Situmorang,2.6000000000000000,74,V,D3,3,1,138.0,44,32,CS,ESTP,27.0,4,2.0,3.0,9.0,2.0,9.0,5.0,2.0,8.0,8.0,3.0,9.0,5.0,4.0,6.0,5.0,7.0,5.0,9.0,8.0,9.0,2.6000000000000000,2.6000000000000000,2.6000000000000000,2.3333333333333333,2.4000000000000000,2.2000000000000000,2.4000000000000000,3.0000000000000000,2.6000000000000000,3.0000000000000000,Ideation,Positivity,Arranger
EMP101402,Wulan Dharma Nugroho,2.8000000000000000,86,III,S2,1,2,129.0,71,87,DC,ENTP,37.0,3,4.0,8.0,1.0,3.0,3.0,9.0,5.0,null,9.0,2.0,3.0,9.0,3.0,9.0,8.0,8.0,6.0,7.0,5.0,1.0,3.3333333333333333,2.8000000000000000,3.0000000000000000,2.4000000000000000,3.0000000000000000,2.7500000000000000,2.2000000000000000,3.2000000000000000,2.6000000000000000,2.8000000000000000,Futuristic,,Empathy
EMP101403,Oktavia Jatmiko Utami,3.7500000000000000,71,V,D3,3,2,122.0,55,81,SC,ESTJ,31.0,9,9.0,4.0,1.0,1.0,4.0,5.0,null,5.0,3.0,5.0,6.0,6.0,7.0,1.0,3.0,2.0,8.0,null,1.0,6.0,4.0000000000000000,4.0000000000000000,4.0000000000000000,3.5000000000000000,4.0000000000000000,3.6000000000000000,3.4000000000000000,3.4000000000000000,4.0000000000000000,4.2000000000000000,Significance,Input,Harmony
EMP101404,Rizky Salsabila,3.2500000000000000,43,IV,S2,2,5,104.0,62,94,DS,ENTP,31.0,1,7.0,5.0,8.0,9.0,6.0,3.0,7.0,null,7.0,6.0,9.0,7.0,3.0,9.0,1.0,2.0,6.0,9.0,5.0,2.0,3.4000000000000000,3.6000000000000000,3.2000000000000000,3.4000000000000000,3.2500000000000000,3.5000000000000000,3.0000000000000000,4.0000000000000000,3.2000000000000000,3.8000000000000000,Responsibility,Adaptability,Harmony
EMP101405,Putri Purnama,1.4000000000000000,71,III,D3,1,5,124.0,99,24,CI,null,18.0,8,8.0,6.0,3.0,1.0,9.0,1.0,6.0,9.0,5.0,2.0,8.0,4.0,1.0,5.0,4.0,1.0,7.0,9.0,2.0,4.0,2.0000000000000000,1.6000000000000000,1.7500000000000000,2.0000000000000000,2.5000000000000000,1.6000000000000000,2.0000000000000000,1.7500000000000000,1.6666666666666667,2.2500000000000000,Developer,Individualization,Woo
EMP101406,Ahmad Zulfikar Rohman,3.2000000000000000,82,III,S1,1,5,117.0,76,35,ID,ENFJ,25.0,5,1.0,4.0,1.0,9.0,4.0,2.0,3.0,3.0,5.0,9.0,8.0,3.0,1.0,9.0,5.0,7.0,2.0,9.0,1.0,4.0,3.2000000000000000,3.6666666666666667,3.4000000000000000,2.8000000000000000,3.8000000000000000,3.0000000000000000,2.2500000000000000,3.0000000000000000,2.8000000000000000,3.0000000000000000,Connectedness,Communication,Arranger
EMP101407,Zahra Jatmiko Hartanto,3.0000000000000000,23,V,D3,3,3,136.0,74,64,IS,null,18.0,4,3.0,2.0,4.0,4.0,2.0,2.0,1.0,7.0,3.0,9.0,9.0,1.0,3.0,2.0,4.0,5.0,null,7.0,7.0,5.0,3.0000000000000000,3.0000000000000000,3.0000000000000000,3.2500000000000000,3.3333333333333333,2.7500000000000000,3.0000000000000000,2.7500000000000000,3.0000000000000000,3.0000000000000000,Includer,Focus,Adaptability
EMP101408,Vania Aji Ginting,2.6000000000000000,53,V,S2,3,3,102.0,99,35,null,INTP,18.0,3,2.0,1.0,2.0,null,6.0,7.0,8.0,6.0,5.0,2.0,2.0,4.0,3.0,null,null,8.0,5.0,7.0,6.0,5.0,2.7500000000000000,3.0000000000000000,2.6000000000000000,2.0000000000000000,2.6000000000000000,2.6000000000000000,2.4000000000000000,2.8000000000000000,2.2500000000000000,2.8000000000000000,Input,Connectedness,Focus
EMP101409,Rendra Utama Handayani,3.8000000000000000,58,V,SMA,3,3,103.0,70,57,DS,INFJ,26.0,5,5.0,6.0,3.0,5.0,3.0,4.0,1.0,3.0,2.0,2.0,2.0,null,9.0,4.0,1.0,4.0,3.0,8.0,2.0,6.0,4.0000000000000000,4.0000000000000000,4.0000000000000000,4.2000000000000000,3.8000000000000000,4.0000000000000000,3.5000000000000000,4.0000000000000000,3.4000000000000000,3.8000000000000000,Maximizer,,Connectedness
EMP101410,Andi Ganesha Handayani,2.8000000000000000,46,V,S2,3,3,91.0,58,67,CD,ENFJ,33.0,2,2.0,8.0,7.0,1.0,6.0,3.0,6.0,2.0,6.0,5.0,8.0,3.0,2.0,4.0,8.0,1.0,4.0,5.0,2.0,8.0,3.4000000000000000,2.6000000000000000,2.8000000000000000,2.8000000000000000,2.8000000000000000,2.8000000000000000,2.6000000000000000,27.2500000000000000,3.0000000000000000,3.2500000000000000,Competition,Belief,
EMP101411,Dwi Firmansyah,3.0000000000000000,73,IV,S1,2,5,null,63,84,DC,ESTP,30.0,10,7.0,4.0,6.0,8.0,8.0,9.0,7.0,2.0,9.0,4.0,8.0,3.0,9.0,1.0,4.0,8.0,2.0,3.0,7.0,9.0,3.0000000000000000,3.0000000000000000,3.5000000000000000,3.0000000000000000,2.7500000000000000,3.5000000000000000,2.7500000000000000,3.2500000000000000,3.4000000000000000,3.0000000000000000,,Intellection,Consistency
EMP101412,Mahendra Kurniawan,2.7500000000000000,38,III,S2,1,4,null,86,64,null,ISTP,19.0,5,3.0,7.0,8.0,4.0,4.0,9.0,6.0,6.0,1.0,1.0,null,9.0,4.0,5.0,2.0,6.0,2.0,1.0,8.0,1.0,2.7500000000000000,3.0000000000000000,2.8000000000000000,3.5000000000000000,3.0000000000000000,21.8000000000000000,2.8000000000000000,2.6000000000000000,3.4000000000000000,3.2500000000000000,,Command,Deliberative
EMP101413,Nugroho Fadillah Rahmawati,2.7500000000000000,24,V,D3,3,5,104.0,76,82,CI,ENFP,29.0,3,6.0,6.0,9.0,9.0,2.0,2.0,1.0,6.0,9.0,1.0,3.0,3.0,2.0,8.0,1.0,8.0,4.0,5.0,null,2.0,2.6000000000000000,2.6666666666666667,2.6000000000000000,3.0000000000000000,2.6000000000000000,2.4000000000000000,3.2000000000000000,3.7500000000000000,3.0000000000000000,2.6000000000000000,,Self-Assurance,Arranger
EMP101414,Rafa Lestari,3.2000000000000000,39,IV,S1,2,4,127.0,83,44,SC,ENTJ,19.0,9,3.0,1.0,3.0,6.0,7.0,9.0,6.0,5.0,7.0,8.0,6.0,7.0,3.0,null,3.0,4.0,7.0,null,9.0,7.0,3.7500000000000000,3.2000000000000000,3.4000000000000000,3.4000000000000000,3.0000000000000000,2.8000000000000000,3.0000000000000000,3.2000000000000000,3.0000000000000000,3.2000000000000000,Command,Responsibility,Communication
EMP101415,Hadi Adi Anggara,3.6000000000000000,58,IV,S1,2,6,96.0,26,68,null,ENFP,21.0,4,2.0,8.0,7.0,5.0,null,null,5.0,5.0,1.0,6.0,5.0,6.0,6.0,9.0,6.0,5.0,1.0,1.0,9.0,5.0,3.4000000000000000,3.5000000000000000,3.2500000000000000,3.4000000000000000,3.6000000000000000,3.7500000000000000,3.2000000000000000,3.5000000000000000,3.8000000000000000,3.4000000000000000,Connectedness,Communication,Strategic
EMP101416,Prasetyo Tri Halim,2.0000000000000000,1,III,D3,1,1,null,89,78,DS,ESTP,null,1,7.0,7.0,3.0,3.0,1.0,9.0,1.0,3.0,7.0,6.0,4.0,null,9.0,6.0,6.0,5.0,2.0,5.0,1.0,3.0,2.2500000000000000,1.7500000000000000,2.2500000000000000,2.0000000000000000,2.2500000000000000,2.5000000000000000,1.5000000000000000,2.0000000000000000,1.6666666666666667,2.5000000000000000,Adaptability,,Command
EMP101417,Arif Halim,3.0000000000000000,34,V,D3,3,3,127.0,87,55,IC,INFP,29.0,1,6.0,4.0,6.0,6.0,4.0,5.0,1.0,4.0,8.0,3.0,3.0,6.0,6.0,8.0,4.0,6.0,7.0,1.0,7.0,1.0,3.0000000000000000,2.7500000000000000,3.0000000000000000,3.2000000000000000,3.2500000000000000,2.8000000000000000,3.2000000000000000,3.4000000000000000,2.8000000000000000,3.0000000000000000,Maximizer,Self-Assurance,Individualization
EMP101418,Kartika Kurniawan,3.0000000000000000,3,IV,SMA,2,6,105.0,40,32,SC,INFJ,36.0,1,7.0,4.0,7.0,3.0,4.0,1.0,3.0,2.0,3.0,9.0,2.0,5.0,7.0,7.0,7.0,5.0,5.0,1.0,1.0,null,3.0000000000000000,3.2500000000000000,3.0000000000000000,2.5000000000000000,3.2500000000000000,2.3333333333333333,3.3333333333333333,3.0000000000000000,2.7500000000000000,3.0000000000000000,Responsibility,Belief,Strategic
EMP101419,Bella Siregar,3.0000000000000000,13,V,D3,3,1,87.0,38,31,SI,ESTP,36.0,10,7.0,2.0,7.0,9.0,4.0,8.0,6.0,1.0,6.0,6.0,1.0,4.0,6.0,1.0,6.0,7.0,2.0,2.0,null,null,2.6666666666666667,3.5000000000000000,2.3333333333333333,3.5000000000000000,3.2500000000000000,3.2500000000000000,4.0000000000000000,2.7500000000000000,3.0000000000000000,2.0000000000000000,Futuristic,Significance,Communication
EMP101420,Cahyo Rachman Indrawan,2.8000000000000000,73,IV,SMA,2,3,95.0,23,43,null,ENFP,30.0,4,6.0,2.0,2.0,8.0,3.0,5.0,7.0,1.0,6.0,5.0,6.0,9.0,7.0,5.0,5.0,1.0,6.0,3.0,2.0,7.0,2.2000000000000000,3.0000000000000000,3.0000000000000000,2.6000000000000000,2.6000000000000000,3.0000000000000000,2.6000000000000000,2.8000000000000000,3.0000000000000000,2.5000000000000000,Command,Harmony,
EMP101421,Galih Santoso,3.7500000000000000,81,V,S1,3,3,119.0,97,87,IS,ENTJ,22.0,6,7.0,8.0,4.0,1.0,7.0,1.0,2.0,5.0,6.0,2.0,3.0,5.0,null,3.0,1.0,6.0,9.0,9.0,null,9.0,2.6000000000000000,2.6000000000000000,2.7500000000000000,2.5000000000000000,2.6000000000000000,2.4000000000000000,2.0000000000000000,2.4000000000000000,2.5000000000000000,2.4000000000000000,Command,Empathy,Discipline
EMP101422,Hana Pratomo,3.4000000000000000,33,III,SMA,1,4,120.0,38,72,ID,INFJ,27.0,5,null,2.0,9.0,4.0,3.0,1.0,9.0,5.0,7.0,5.0,5.0,3.0,3.0,3.0,3.0,null,4.0,4.0,2.0,null,3.6000000000000000,4.0000000000000000,3.8000000000000000,3.0000000000000000,2.7500000000000000,3.4000000000000000,3.2000000000000000,3.4000000000000000,3.4000000000000000,3.2500000000000000,Focus,Deliberative,Achiever
EMP101423,Galih Gunawan,3.8000000000000000,69,IV,S2,2,2,111.0,25,45,ID,null,33.0,8,null,5.0,9.0,4.0,4.0,6.0,9.0,8.0,2.0,3.0,null,8.0,3.0,8.0,7.0,7.0,8.0,5.0,4.0,9.0,4.3333333333333333,3.6000000000000000,3.5000000000000000,2.8000000000000000,4.0000000000000000,4.2000000000000000,3.7500000000000000,4.0000000000000000,3.6000000000000000,4.2000000000000000,Achiever,Ideation,Maximizer
EMP101424,Yoga Aji Hidayat,3.5000000000000000,78,V,S2,3,6,null,33,93,CS,ENFJ,32.0,8,null,2.0,2.0,9.0,9.0,7.0,9.0,9.0,9.0,9.0,5.0,4.0,1.0,6.0,9.0,1.0,2.0,null,6.0,2.0,3.4000000000000000,3.2000000000000000,3.6000000000000000,4.3333333333333333,4.0000000000000000,3.6000000000000000,3.2000000000000000,3.4000000000000000,27.0000000000000000,4.0000000000000000,Context,Command,Individualization
EMP101425,Wahyu Aji Situmorang,3.8000000000000000,53,IV,SMA,2,5,null,95,44,CD,ENFJ,null,3,8.0,1.0,1.0,1.0,7.0,2.0,2.0,4.0,7.0,3.0,7.0,8.0,2.0,8.0,5.0,7.0,null,6.0,8.0,4.0,3.8000000000000000,3.7500000000000000,3.7500000000000000,4.0000000000000000,3.8000000000000000,3.6000000000000000,3.4000000000000000,4.2000000000000000,3.5000000000000000,3.8000000000000000,Restorative,Developer,
EMP101426,Utami Yulianto,2.5000000000000000,27,IV,D3,2,6,107.0,84,29,CS,ESFP,32.0,6,7.0,3.0,7.0,7.0,null,7.0,8.0,6.0,null,4.0,3.0,3.0,3.0,3.0,null,3.0,1.0,9.0,7.0,6.0,3.2000000000000000,1.8000000000000000,3.0000000000000000,3.0000000000000000,2.6666666666666667,2.2000000000000000,2.6666666666666667,3.4000000000000000,2.8000000000000000,2.6000000000000000,Learner,Achiever,Individualization
EMP101427,Arif Pratama,3.0000000000000000,53,V,S2,3,5,null,87,68,null,ESTJ,null,3,5.0,9.0,3.0,null,null,null,3.0,4.0,null,5.0,6.0,4.0,1.0,5.0,5.0,7.0,2.0,3.0,7.0,2.0,2.5000000000000000,3.0000000000000000,3.0000000000000000,3.4000000000000000,3.2500000000000000,3.8000000000000000,3.2000000000000000,3.6000000000000000,3.4000000000000000,3.4000000000000000,Command,Achiever,Significance
EMP101428,Umar Wibowo,3.6000000000000000,90,V,D3,3,2,null,42,59,CI,null,30.0,7,9.0,4.0,4.0,7.0,8.0,7.0,6.0,null,6.0,7.0,8.0,9.0,8.0,6.0,3.0,5.0,2.0,5.0,4.0,1.0,3.0000000000000000,3.6000000000000000,3.5000000000000000,3.6000000000000000,22.8000000000000000,3.6000000000000000,3.4000000000000000,3.4000000000000000,3.7500000000000000,27.2500000000000000,Positivity,Restorative,Input
EMP101429,Yoga Erlangga Hidayat,3.6000000000000000,40,III,D3,1,4,80.0,22,25,CS,ENFJ,33.0,3,6.0,8.0,2.0,5.0,8.0,1.0,1.0,3.0,7.0,4.0,3.0,null,4.0,1.0,4.0,5.0,7.0,3.0,2.0,null,3.8000000000000000,3.2000000000000000,3.3333333333333333,4.0000000000000000,3.8000000000000000,3.6000000000000000,3.6000000000000000,3.8000000000000000,3.4000000000000000,3.2000000000000000,Individualization,Context,Positivity
EMP101430,Iman Fauziah,3.0000000000000000,22,III,S1,1,4,139.0,88,90,DI,ENTJ,29.0,6,1.0,null,4.0,6.0,8.0,5.0,3.0,7.0,5.0,4.0,4.0,1.0,7.0,5.0,1.0,4.0,1.0,1.0,null,8.0,3.0000000000000000,4.3333333333333333,3.0000000000000000,3.3333333333333333,2.7500000000000000,3.2500000000000000,2.7500000000000000,3.2500000000000000,2.7500000000000000,3.2500000000000000,Significance,Competition,Harmony
EMP101431,Valdo Rahmawati,3.4000000000000000,68,IV,D3,2,1,null,33,54,ID,ISFJ,null,5,5.0,8.0,null,4.0,1.0,null,2.0,3.0,5.0,4.0,5.0,5.0,6.0,8.0,9.0,4.0,4.0,9.0,7.0,5.0,3.6666666666666667,3.2000000000000000,3.2500000000000000,3.4000000000000000,3.5000000000000000,3.4000000000000000,22.4000000000000000,3.3333333333333333,2.7500000000000000,3.4000000000000000,Woo,Positivity,Intellection
EMP101432,Lestari Hasibuan,2.7500000000000000,45,IV,D3,2,5,null,62,45,SI,ISFJ,null,10,7.0,null,4.0,1.0,9.0,4.0,4.0,3.0,5.0,1.0,9.0,7.0,9.0,1.0,5.0,6.0,1.0,5.0,3.0,7.0,3.5000000000000000,3.4000000000000000,3.0000000000000000,3.2000000000000000,3.4000000000000000,2.4000000000000000,3.2000000000000000,3.6000000000000000,2.8000000000000000,3.0000000000000000,Connectedness,Context,Focus
EMP101433,Anisa Zulfikar Rohman,4.0000000000000000,61,IV,SMA,2,2,124.0,94,70,DS,ISFP,29.0,10,2.0,9.0,8.0,5.0,6.0,4.0,6.0,null,3.0,3.0,6.0,5.0,7.0,6.0,1.0,5.0,6.0,1.0,6.0,2.0,3.0000000000000000,2.4000000000000000,2.6000000000000000,2.0000000000000000,2.4000000000000000,2.5000000000000000,2.4000000000000000,3.0000000000000000,2.6000000000000000,2.8000000000000000,Adaptability,Command,Includer
EMP101434,Vania Rachman Gunawan,2.6666666666666667,55,V,D3,3,6,null,89,93,ID,INFJ,null,8,null,7.0,4.0,null,3.0,4.0,2.0,9.0,1.0,7.0,4.0,2.0,6.0,3.0,1.0,3.0,1.0,6.0,2.0,4.0,2.5000000000000000,3.4000000000000000,3.2500000000000000,3.2000000000000000,2.8000000000000000,2.3333333333333333,2.3333333333333333,3.0000000000000000,3.0000000000000000,3.4000000000000000,Belief,Context,Consistency
EMP101435,Bayu Anggara,3.2500000000000000,25,IV,D3,2,3,null,59,92,CS,ISFP,null,6,3.0,3.0,6.0,3.0,5.0,5.0,7.0,9.0,3.0,1.0,7.0,7.0,null,2.0,6.0,4.0,9.0,3.0,6.0,7.0,3.0000000000000000,4.0000000000000000,4.0000000000000000,3.6000000000000000,3.6000000000000000,3.6666666666666667,3.0000000000000000,2.7500000000000000,2.2500000000000000,3.2000000000000000,Empathy,Restorative,Focus
EMP101436,Nabila Hartanto,3.5000000000000000,66,IV,D3,2,4,80.0,48,69,CD,ESFP,25.0,3,8.0,8.0,9.0,null,9.0,4.0,5.0,5.0,4.0,4.0,6.0,7.0,null,3.0,1.0,9.0,7.0,9.0,5.0,2.0,3.5000000000000000,3.0000000000000000,3.6000000000000000,3.0000000000000000,4.0000000000000000,3.2500000000000000,3.4000000000000000,3.2500000000000000,3.6666666666666667,2.8000000000000000,Communication,Input,
EMP101437,Kurnia Zulfikar Indrawan,4.0000000000000000,25,V,D3,3,4,125.0,75,47,CD,INTJ,35.0,2,2.0,7.0,8.0,2.0,6.0,4.0,1.0,4.0,6.0,9.0,6.0,4.0,7.0,4.0,8.0,9.0,6.0,7.0,2.0,null,3.4000000000000000,3.7500000000000000,3.6000000000000000,3.6000000000000000,3.8000000000000000,3.6000000000000000,3.6000000000000000,3.2000000000000000,3.7500000000000000,3.2000000000000000,Individualization,Empathy,Maximizer
EMP101438,Kurnia Fauziah,3.0000000000000000,7,III,SMA,1,1,140.0,57,62,SI,null,27.0,6,4.0,6.0,null,5.0,6.0,5.0,7.0,2.0,null,6.0,6.0,9.0,8.0,3.0,1.0,5.0,1.0,8.0,9.0,1.0,3.0000000000000000,2.2500000000000000,3.2500000000000000,3.0000000000000000,3.0000000000000000,3.0000000000000000,3.0000000000000000,4.0000000000000000,3.3333333333333333,2.7500000000000000,Futuristic,Significance,Responsibility
EMP101439,Oka Anugrah Hidayat,3.6000000000000000,57,IV,S2,2,5,123.0,27,32,null,ISFP,25.0,9,null,5.0,2.0,6.0,2.0,4.0,1.0,1.0,2.0,9.0,2.0,4.0,5.0,5.0,9.0,3.0,8.0,4.0,4.0,6.0,2.8000000000000000,2.2000000000000000,2.2500000000000000,2.3333333333333333,3.2000000000000000,1.6666666666666667,2.4000000000000000,2.3333333333333333,2.5000000000000000,2.6666666666666667,Connectedness,Positivity,Deliberative
EMP101440,Ari Lestari Fauziah,3.6666666666666667,62,IV,S1,2,1,119.0,22,71,IC,null,24.0,1,7.0,9.0,2.0,2.0,9.0,2.0,1.0,6.0,8.0,3.0,null,4.0,3.0,2.0,null,1.0,9.0,7.0,5.0,2.0,3.0000000000000000,3.2500000000000000,3.2000000000000000,4.0000000000000000,2.8000000000000000,3.0000000000000000,3.2000000000000000,3.2000000000000000,2.7500000000000000,3.2000000000000000,Input,Strategic,Significance
EMP101441,Mahendra Pradana,2.2000000000000000,103,III,S2,1,6,134.0,97,27,DS,ENFJ,26.0,8,4.0,7.0,7.0,2.0,7.0,5.0,null,9.0,9.0,null,2.0,3.0,9.0,8.0,null,6.0,5.0,7.0,7.0,null,2.0000000000000000,2.2500000000000000,2.0000000000000000,2.4000000000000000,2.6000000000000000,2.0000000000000000,2.6000000000000000,2.5000000000000000,2.4000000000000000,2.2500000000000000,Woo,Command,Futuristic
EMP101442,Valdo Saputra Fauziah,3.5000000000000000,65,III,SMA,1,2,94.0,28,88,DC,ESTJ,17.0,8,9.0,5.0,9.0,2.0,3.0,4.0,5.0,3.0,3.0,5.0,8.0,1.0,null,9.0,4.0,8.0,5.0,4.0,5.0,1.0,3.2500000000000000,3.7500000000000000,3.2000000000000000,3.4000000000000000,3.5000000000000000,3.2000000000000000,3.5000000000000000,3.6000000000000000,3.4000000000000000,3.7500000000000000,Deliberative,Developer,Relator
EMP101443,Teguh Iqbal Siregar,3.6000000000000000,54,IV,S1,2,2,92.0,76,32,SI,ESFJ,20.0,7,2.0,null,null,7.0,5.0,8.0,4.0,6.0,2.0,1.0,9.0,4.0,null,2.0,8.0,1.0,1.0,8.0,1.0,5.0,3.2000000000000000,3.8000000000000000,3.4000000000000000,3.5000000000000000,22.4000000000000000,3.7500000000000000,4.6666666666666667,3.0000000000000000,4.0000000000000000,3.4000000000000000,Adaptability,,Command
EMP101444,Rizky Siregar,4.2000000000000000,63,IV,S2,2,4,86.0,24,88,CD,ISFP,19.0,6,2.0,4.0,9.0,9.0,3.0,2.0,null,2.0,8.0,5.0,null,9.0,6.0,9.0,null,6.0,1.0,null,null,1.0,4.6666666666666667,4.2000000000000000,4.0000000000000000,3.5000000000000000,4.0000000000000000,4.2000000000000000,4.0000000000000000,4.0000000000000000,4.2000000000000000,4.2000000000000000,,Learner,Deliberative
EMP101445,Ayunda Qolbi Hartanto,3.6000000000000000,45,V,D3,3,2,108.0,95,96,SI,ESTP,25.0,8,4.0,6.0,5.0,4.0,4.0,9.0,1.0,1.0,6.0,3.0,1.0,3.0,7.0,1.0,2.0,9.0,8.0,8.0,4.0,null,3.0000000000000000,3.7500000000000000,3.0000000000000000,3.4000000000000000,3.2500000000000000,3.8000000000000000,3.2000000000000000,3.4000000000000000,3.7500000000000000,3.8000000000000000,Restorative,Maximizer,
EMP101446,Fitri Adi Pratomo,3.7500000000000000,67,III,SMA,1,4,94.0,65,65,SI,ENTP,18.0,5,4.0,7.0,7.0,4.0,5.0,5.0,6.0,9.0,4.0,8.0,1.0,1.0,1.0,8.0,4.0,null,9.0,2.0,4.0,2.0,3.7500000000000000,3.8000000000000000,3.8000000000000000,4.0000000000000000,4.2500000000000000,4.0000000000000000,4.0000000000000000,4.0000000000000000,4.2000000000000000,3.8000000000000000,Focus,Restorative,Intellection
EMP101447,Rendra Pramudita Situmorang,2.8000000000000000,52,III,SMA,1,4,94.0,22,83,DC,ENTP,31.0,4,7.0,9.0,9.0,5.0,2.0,4.0,9.0,null,7.0,3.0,8.0,9.0,7.0,7.0,8.0,null,8.0,5.0,6.0,9.0,3.0000000000000000,2.4000000000000000,3.2000000000000000,2.8000000000000000,3.2000000000000000,2.7500000000000000,3.0000000000000000,3.2000000000000000,2.5000000000000000,2.2500000000000000,Relator,Futuristic,Includer
EMP101448,Dewi Herlambang,3.7500000000000000,5,V,D3,3,4,null,67,27,IC,null,null,8,6.0,8.0,6.0,9.0,1.0,1.0,5.0,5.0,6.0,6.0,3.0,8.0,2.0,4.0,9.0,9.0,1.0,9.0,7.0,null,4.5000000000000000,3.7500000000000000,3.5000000000000000,4.0000000000000000,4.3333333333333333,3.7500000000000000,4.2500000000000000,3.7500000000000000,3.7500000000000000,3.7500000000000000,Deliberative,Restorative,Competition
EMP101449,Bella Hidayat,3.2000000000000000,73,III,S1,1,1,117.0,62,77,IS,ESFJ,23.0,7,1.0,6.0,8.0,5.0,5.0,2.0,7.0,4.0,4.0,3.0,5.0,9.0,7.0,7.0,5.0,null,1.0,3.0,4.0,2.0,3.0000000000000000,3.0000000000000000,3.4000000000000000,3.4000000000000000,3.5000000000000000,3.0000000000000000,3.4000000000000000,3.7500000000000000,3.4000000000000000,3.2000000000000000,Arranger,,Context
EMP101450,Fajar Iqbal Permadi,3.4000000000000000,42,IV,S2,2,4,98.0,71,63,ID,INTJ,29.0,6,1.0,5.0,2.0,1.0,2.0,3.0,7.0,1.0,3.0,8.0,6.0,6.0,6.0,2.0,9.0,7.0,1.0,5.0,7.0,3.0,3.2500000000000000,3.0000000000000000,3.2000000000000000,3.2500000000000000,3.4000000000000000,3.8000000000000000,2.4000000000000000,3.7500000000000000,3.4000000000000000,3.4000000000000000,Achiever,Strategic,Activator
EMP101451,Bayu Kusuma,3.4000000000000000,103,III,S1,1,1,125.0,100,76,DC,INTJ,25.0,6,9.0,7.0,1.0,null,null,5.0,2.0,7.0,3.0,1.0,2.0,5.0,4.0,5.0,8.0,4.0,1.0,6.0,1.0,null,3.4000000000000000,3.4000000000000000,3.8000000000000000,3.0000000000000000,3.2000000000000000,3.4000000000000000,3.0000000000000000,3.4000000000000000,3.6000000000000000,3.4000000000000000,Maximizer,Learner,Belief
EMP101452,Dimas Wibowo,3.0000000000000000,25,IV,S1,2,3,128.0,97,52,DS,INTP,20.0,9,3.0,7.0,null,9.0,1.0,8.0,5.0,null,2.0,null,5.0,9.0,5.0,7.0,6.0,2.0,5.0,4.0,8.0,3.0,2.8000000000000000,3.2000000000000000,2.8000000000000000,3.0000000000000000,3.2500000000000000,3.2000000000000000,3.0000000000000000,3.0000000000000000,3.0000000000000000,3.2000000000000000,Adaptability,Discipline,Communication
EMP101453,Adi Saputra Pratomo,3.2500000000000000,68,III,S1,1,4,106.0,75,53,ID,ESFP,27.0,8,9.0,8.0,null,4.0,9.0,6.0,8.0,3.0,3.0,1.0,9.0,5.0,7.0,5.0,8.0,8.0,null,8.0,8.0,3.0,3.4000000000000000,3.0000000000000000,4.0000000000000000,3.8000000000000000,3.7500000000000000,2.8000000000000000,3.4000000000000000,3.7500000000000000,3.4000000000000000,3.2000000000000000,Individualization,Learner,Strategic
EMP101454,Utami Adi Siregar,3.2000000000000000,45,IV,D3,2,5,null,20,63,CD,null,40.0,6,1.0,5.0,9.0,4.0,9.0,2.0,8.0,5.0,5.0,1.0,4.0,5.0,2.0,1.0,8.0,8.0,2.0,6.0,4.0,4.0,3.2000000000000000,3.7500000000000000,3.0000000000000000,4.0000000000000000,3.0000000000000000,3.0000000000000000,3.6000000000000000,3.2000000000000000,3.0000000000000000,3.4000000000000000,Connectedness,Positivity,Intellection
EMP101455,Galih Mahardika Wibowo,3.8000000000000000,68,III,SMA,1,6,83.0,39,56,CI,ESFJ,26.0,10,8.0,9.0,9.0,7.0,5.0,3.0,2.0,1.0,8.0,1.0,6.0,7.0,4.0,7.0,1.0,9.0,1.0,null,9.0,2.0,3.7500000000000000,3.6000000000000000,3.6000000000000000,4.0000000000000000,3.8000000000000000,4.0000000000000000,4.2000000000000000,3.5000000000000000,3.5000000000000000,3.6000000000000000,Learner,Achiever,Harmony
EMP101456,Nurlita Rachman Ramadhan,4.0000000000000000,59,V,SMA,3,4,123.0,99,29,null,ESFP,34.0,8,1.0,4.0,1.0,6.0,9.0,null,2.0,null,3.0,7.0,9.0,5.0,8.0,8.0,2.0,2.0,2.0,2.0,null,5.0,3.4000000000000000,3.6000000000000000,3.6000000000000000,3.4000000000000000,3.6000000000000000,3.6000000000000000,3.4000000000000000,3.6000000000000000,3.0000000000000000,3.6000000000000000,Empathy,,Arranger
EMP101457,Arif Simanjuntak,3.4000000000000000,93,IV,S2,2,5,125.0,85,51,CI,ESTJ,15.0,8,1.0,7.0,5.0,7.0,4.0,8.0,7.0,7.0,7.0,6.0,6.0,6.0,4.0,3.0,1.0,3.0,3.0,6.0,9.0,1.0,3.5000000000000000,3.2000000000000000,3.4000000000000000,3.6000000000000000,1.00000000000000000000,3.4000000000000000,3.0000000000000000,3.2000000000000000,3.0000000000000000,3.4000000000000000,Significance,Intellection,Futuristic
EMP101458,Oktavia Kusuma Pratama,3.0000000000000000,22,IV,S2,2,4,104.0,39,46,null,ENFP,33.0,5,7.0,8.0,8.0,7.0,7.0,8.0,8.0,8.0,9.0,8.0,null,9.0,2.0,8.0,5.0,7.0,1.0,7.0,3.0,5.0,3.6666666666666667,3.2500000000000000,3.0000000000000000,3.0000000000000000,3.2500000000000000,2.7500000000000000,3.5000000000000000,3.2500000000000000,2.5000000000000000,1.5000000000000000,Significance,Competition,Adaptability
EMP101459,Hadi Qolbi Ananda,3.6000000000000000,63,V,D3,3,2,98.0,74,76,DC,ISFP,30.0,4,2.0,3.0,8.0,2.0,8.0,8.0,6.0,7.0,null,9.0,5.0,1.0,4.0,5.0,3.0,5.0,3.0,1.0,5.0,6.0,2.6000000000000000,2.3333333333333333,2.4000000000000000,2.6000000000000000,2.7500000000000000,2.6000000000000000,2.5000000000000000,2.6000000000000000,2.0000000000000000,2.4000000000000000,Analytical,Intellection,Maximizer
EMP101460,Zahra Fadillah Saputra,3.8000000000000000,66,III,S1,1,4,90.0,67,22,IC,null,31.0,1,8.0,3.0,1.0,2.0,2.0,null,9.0,null,9.0,3.0,4.0,2.0,7.0,1.0,7.0,7.0,3.0,5.0,7.0,4.0,3.8000000000000000,3.2500000000000000,3.6000000000000000,3.2000000000000000,3.8000000000000000,3.8000000000000000,3.7500000000000000,3.7500000000000000,3.6000000000000000,3.0000000000000000,Arranger,Context,Empathy
EMP101461,Dimas Halim Wijaya,3.8000000000000000,76,III,S2,1,5,80.0,88,37,IS,INTJ,33.0,2,null,2.0,2.0,4.0,4.0,7.0,4.0,5.0,9.0,1.0,null,9.0,2.0,8.0,1.0,2.0,6.0,null,null,7.0,4.0000000000000000,3.6000000000000000,4.0000000000000000,4.2000000000000000,3.7500000000000000,3.6000000000000000,3.5000000000000000,4.2000000000000000,3.8000000000000000,4.0000000000000000,Belief,Positivity,Learner
EMP101462,Dwi Pratomo,3.6000000000000000,50,IV,S2,2,3,137.0,79,41,DS,INFP,31.0,1,null,5.0,4.0,2.0,null,5.0,7.0,9.0,3.0,2.0,9.0,4.0,5.0,4.0,4.0,9.0,4.0,7.0,9.0,8.0,4.0000000000000000,3.8000000000000000,4.0000000000000000,3.8000000000000000,3.2000000000000000,3.6000000000000000,3.7500000000000000,3.7500000000000000,4.0000000000000000,3.5000000000000000,Woo,Ideation,Relator
EMP101463,Budi Mahendra,3.0000000000000000,2,V,S2,3,5,88.0,85,87,SD,INFP,27.0,10,8.0,9.0,1.0,7.0,2.0,5.0,5.0,3.0,2.0,6.0,null,6.0,3.0,2.0,7.0,2.0,6.0,9.0,8.0,6.0,2.7500000000000000,2.7500000000000000,2.7500000000000000,2.7500000000000000,3.0000000000000000,3.0000000000000000,2.6666666666666667,3.0000000000000000,2.7500000000000000,3.0000000000000000,Positivity,Self-Assurance,Empathy
EMP101464,Arif Utami,2.3333333333333333,37,IV,S2,2,1,129.0,94,90,DS,ISTJ,29.0,2,4.0,1.0,9.0,6.0,7.0,9.0,9.0,1.0,3.0,2.0,8.0,1.0,9.0,4.0,8.0,6.0,8.0,5.0,1.0,9.0,3.0000000000000000,3.0000000000000000,2.6000000000000000,2.6000000000000000,3.0000000000000000,3.2000000000000000,3.2000000000000000,2.2500000000000000,3.2000000000000000,2.8000000000000000,Significance,Positivity,Includer
EMP101465,Oka Lestari Simanjuntak,2.8000000000000000,84,V,S2,3,6,94.0,83,84,CS,INFJ,22.0,6,null,9.0,2.0,5.0,1.0,5.0,1.0,8.0,8.0,7.0,6.0,8.0,2.0,4.0,null,4.0,9.0,6.0,6.0,1.0,2.6000000000000000,2.5000000000000000,2.6000000000000000,2.7500000000000000,3.6666666666666667,2.6000000000000000,2.6000000000000000,3.0000000000000000,3.0000000000000000,2.2500000000000000,,Consistency,Discipline
EMP101466,Kartika Ramadhan,2.2000000000000000,97,III,S2,1,1,null,45,93,IC,ESFJ,null,2,6.0,9.0,5.0,9.0,5.0,7.0,null,5.0,5.0,null,null,3.0,9.0,8.0,5.0,8.0,null,6.0,1.0,6.0,2.2000000000000000,1.8000000000000000,2.0000000000000000,2.5000000000000000,2.0000000000000000,2.0000000000000000,2.4000000000000000,2.2000000000000000,2.0000000000000000,2.0000000000000000,Strategic,Competition,Harmony
EMP101467,Bella Aji Siregar,3.2000000000000000,35,III,S1,1,2,89.0,29,26,CD,ISFP,23.0,10,null,4.0,null,null,4.0,8.0,8.0,3.0,1.0,4.0,9.0,6.0,4.0,9.0,3.0,8.0,3.0,3.0,3.0,9.0,3.0000000000000000,2.8000000000000000,3.4000000000000000,3.2500000000000000,4.0000000000000000,3.4000000000000000,3.4000000000000000,2.7500000000000000,3.4000000000000000,3.0000000000000000,Includer,Restorative,Ideation
EMP101468,Yuni Nugroho,3.0000000000000000,10,III,SMA,1,6,140.0,35,20,DS,ESTJ,25.0,3,5.0,6.0,4.0,7.0,3.0,6.0,5.0,4.0,4.0,9.0,2.0,6.0,1.0,7.0,9.0,4.0,3.0,4.0,3.0,5.0,3.0000000000000000,3.0000000000000000,2.6666666666666667,3.2500000000000000,2.0000000000000000,3.2500000000000000,3.0000000000000000,3.3333333333333333,2.3333333333333333,3.0000000000000000,Individualization,,
EMP101469,Rizka Wijaya Kurniawan,3.2000000000000000,32,III,S1,1,1,136.0,63,96,CI,ENFJ,27.0,1,9.0,1.0,5.0,9.0,7.0,2.0,8.0,9.0,8.0,1.0,5.0,3.0,9.0,8.0,8.0,6.0,7.0,8.0,3.0,6.0,2.7500000000000000,3.4000000000000000,3.7500000000000000,3.0000000000000000,3.2000000000000000,3.2000000000000000,3.4000000000000000,3.5000000000000000,3.5000000000000000,2.6000000000000000,Positivity,Strategic,Ideation
EMP101470,Citra Simanjuntak,3.4000000000000000,76,III,D3,1,4,82.0,64,75,DI,ESFJ,35.0,8,7.0,8.0,1.0,5.0,8.0,9.0,2.0,2.0,null,6.0,1.0,7.0,5.0,9.0,1.0,3.0,1.0,2.0,8.0,3.0,4.5000000000000000,3.4000000000000000,3.2000000000000000,4.0000000000000000,4.0000000000000000,3.3333333333333333,3.8000000000000000,4.0000000000000000,3.4000000000000000,3.6000000000000000,Adaptability,Responsibility,Competition
EMP101471,Rani Hidayat,3.8000000000000000,46,III,SMA,1,5,null,86,62,SI,INTJ,null,7,3.0,5.0,9.0,5.0,8.0,9.0,3.0,3.0,5.0,9.0,5.0,4.0,3.0,5.0,7.0,4.0,8.0,6.0,9.0,7.0,3.0000000000000000,3.0000000000000000,4.0000000000000000,4.2000000000000000,3.8000000000000000,3.8000000000000000,4.0000000000000000,4.0000000000000000,4.0000000000000000,3.6000000000000000,Harmony,Individualization,Belief
EMP101472,Mahendra Baskara Purnama,3.0000000000000000,41,III,S1,1,5,93.0,70,58,CI,INTP,24.0,3,4.0,5.0,8.0,9.0,4.0,8.0,5.0,2.0,1.0,null,8.0,3.0,6.0,3.0,1.0,1.0,2.0,1.0,4.0,9.0,2.8000000000000000,4.0000000000000000,3.0000000000000000,3.0000000000000000,3.0000000000000000,3.0000000000000000,2.7500000000000000,3.7500000000000000,3.0000000000000000,3.7500000000000000,,Communication,Strategic
EMP101473,Kurnia Lukman,2.8000000000000000,110,IV,S2,2,6,106.0,76,37,IC,INFJ,13.0,4,1.0,7.0,5.0,1.0,5.0,9.0,2.0,6.0,8.0,2.0,5.0,1.0,3.0,null,1.0,7.0,5.0,6.0,9.0,8.0,2.2500000000000000,2.8000000000000000,2.8000000000000000,2.7500000000000000,2.8000000000000000,2.8000000000000000,2.8000000000000000,3.0000000000000000,3.0000000000000000,3.0000000000000000,Ideation,,Strategic
EMP101474,Hadi Ramadhan,2.2500000000000000,28,V,S1,3,2,127.0,61,22,SC,ENFP,28.0,5,8.0,2.0,7.0,5.0,8.0,3.0,5.0,5.0,1.0,null,6.0,1.0,1.0,8.0,null,4.0,9.0,2.0,7.0,4.0,3.0000000000000000,2.2000000000000000,2.2000000000000000,2.7500000000000000,2.2500000000000000,3.2000000000000000,2.7500000000000000,1.7500000000000000,3.3333333333333333,2.4000000000000000,Communication,Maximizer,Harmony
EMP101475,Rifqi Permadi,2.4000000000000000,51,III,S1,1,5,127.0,73,53,IC,ENTJ,24.0,6,8.0,7.0,4.0,2.0,4.0,7.0,6.0,3.0,null,null,1.0,7.0,1.0,7.0,6.0,8.0,9.0,9.0,4.0,6.0,3.0000000000000000,2.6000000000000000,2.5000000000000000,2.2500000000000000,2.2000000000000000,22.0000000000000000,2.4000000000000000,2.2500000000000000,2.8000000000000000,2.4000000000000000,Developer,,Competition
EMP101476,Mahendra Wijaya Pamungkas,3.0000000000000000,95,III,D3,1,2,137.0,27,88,SD,ENTJ,32.0,5,2.0,5.0,3.0,9.0,4.0,8.0,2.0,4.0,1.0,3.0,3.0,3.0,2.0,null,2.0,9.0,null,1.0,3.0,8.0,2.6000000000000000,2.4000000000000000,3.2000000000000000,3.7500000000000000,3.6666666666666667,3.3333333333333333,3.4000000000000000,2.2500000000000000,3.2000000000000000,3.0000000000000000,Competition,Context,Connectedness
EMP101477,Putri Indrawan,2.7500000000000000,16,IV,S2,2,1,86.0,95,51,IC,ESFJ,24.0,9,null,2.0,9.0,2.0,5.0,5.0,1.0,4.0,null,6.0,null,2.0,3.0,2.0,1.0,4.0,1.0,6.0,7.0,4.0,2.7500000000000000,3.0000000000000000,2.5000000000000000,3.0000000000000000,2.0000000000000000,3.0000000000000000,3.3333333333333333,2.3333333333333333,2.6666666666666667,2.7500000000000000,Analytical,Competition,Maximizer
EMP101478,Ayunda Wibowo,1.2000000000000000,79,V,D3,3,3,88.0,34,73,DI,ENTP,24.0,5,8.0,9.0,7.0,3.0,3.0,8.0,6.0,2.0,3.0,1.0,3.0,3.0,6.0,2.0,null,8.0,8.0,3.0,9.0,9.0,1.4000000000000000,1.2500000000000000,1.6000000000000000,1.4000000000000000,1.4000000000000000,1.6000000000000000,1.7500000000000000,1.7500000000000000,1.00000000000000000000,1.6000000000000000,Significance,Focus,Responsibility
EMP101479,Oka Wibowo,2.5000000000000000,9,V,SMA,3,3,84.0,26,62,null,ENFJ,32.0,3,1.0,3.0,8.0,1.0,9.0,5.0,5.0,null,1.0,9.0,7.0,6.0,3.0,9.0,8.0,3.0,3.0,7.0,4.0,5.0,3.2500000000000000,4.0000000000000000,3.5000000000000000,3.5000000000000000,3.5000000000000000,3.5000000000000000,3.0000000000000000,3.3333333333333333,3.5000000000000000,3.0000000000000000,Significance,Consistency,Futuristic
EMP101480,Rizki Yudhistira Hartanto,3.8000000000000000,45,III,D3,1,6,105.0,52,64,CD,INTJ,22.0,3,4.0,8.0,null,6.0,1.0,3.0,1.0,3.0,1.0,2.0,8.0,1.0,6.0,3.0,6.0,1.0,7.0,9.0,6.0,8.0,4.0000000000000000,4.0000000000000000,3.7500000000000000,3.8000000000000000,3.8000000000000000,3.6000000000000000,3.8000000000000000,3.4000000000000000,3.6000000000000000,3.6000000000000000,Futuristic,,Individualization
EMP101481,Bella Situmorang,4.0000000000000000,88,V,SMA,3,2,105.0,70,93,DI,ENFJ,35.0,5,8.0,9.0,4.0,4.0,5.0,null,null,1.0,7.0,1.0,9.0,1.0,2.0,4.0,2.0,1.0,6.0,6.0,7.0,3.0,3.8000000000000000,4.4000000000000000,3.8000000000000000,3.0000000000000000,3.6000000000000000,4.2500000000000000,3.6000000000000000,4.6000000000000000,4.0000000000000000,4.2000000000000000,Responsibility,Focus,Woo
EMP101482,Dimas Suharto,3.2000000000000000,43,V,S2,3,2,116.0,38,76,CD,ENFJ,20.0,10,3.0,7.0,9.0,3.0,8.0,1.0,4.0,1.0,null,1.0,7.0,null,1.0,1.0,null,5.0,1.0,5.0,5.0,9.0,3.2000000000000000,3.2000000000000000,2.7500000000000000,3.6666666666666667,3.4000000000000000,3.5000000000000000,3.2000000000000000,3.2500000000000000,3.0000000000000000,3.4000000000000000,Individualization,Futuristic,Arranger
EMP101483,Ayunda Iqbal Fauziah,3.0000000000000000,79,III,S1,1,2,133.0,76,47,CD,ESTP,27.0,7,1.0,null,6.0,null,1.0,1.0,null,null,null,2.0,3.0,9.0,5.0,2.0,1.0,3.0,7.0,5.0,5.0,1.0,3.2500000000000000,3.0000000000000000,22.6000000000000000,3.2000000000000000,2.8000000000000000,2.6000000000000000,2.7500000000000000,3.5000000000000000,2.8000000000000000,3.2000000000000000,Adaptability,,
EMP101484,Oka Qolbi Mahendra,3.7500000000000000,15,V,S1,3,1,null,48,40,DI,ENTJ,null,7,9.0,8.0,7.0,7.0,2.0,7.0,8.0,9.0,6.0,5.0,5.0,7.0,7.0,6.0,4.0,8.0,7.0,null,6.0,8.0,3.3333333333333333,4.3333333333333333,4.0000000000000000,3.0000000000000000,3.7500000000000000,4.2500000000000000,3.7500000000000000,4.6666666666666667,3.7500000000000000,3.5000000000000000,Self-Assurance,Adaptability,Strategic
EMP101485,Maya Salsabila,3.2000000000000000,37,IV,D3,2,2,85.0,91,90,DS,ENFP,20.0,2,7.0,7.0,3.0,3.0,4.0,9.0,null,4.0,4.0,5.0,6.0,null,5.0,4.0,5.0,9.0,6.0,1.0,3.0,7.0,3.2500000000000000,3.0000000000000000,3.0000000000000000,3.5000000000000000,3.2500000000000000,3.0000000000000000,3.0000000000000000,3.2000000000000000,3.2000000000000000,3.0000000000000000,Arranger,Maximizer,Includer
EMP101486,Yoga Utama Utami,2.7500000000000000,17,IV,D3,2,4,103.0,35,97,CD,INTP,28.0,9,1.0,3.0,4.0,null,5.0,1.0,5.0,9.0,1.0,8.0,5.0,2.0,1.0,5.0,2.0,3.0,5.0,9.0,2.0,4.0,3.2500000000000000,3.3333333333333333,2.7500000000000000,2.7500000000000000,3.2500000000000000,2.5000000000000000,2.7500000000000000,2.7500000000000000,3.0000000000000000,3.0000000000000000,Intellection,Achiever,Analytical
EMP101487,Rizka Siregar,2.6000000000000000,47,IV,S1,2,6,85.0,95,74,CD,INFP,26.0,8,7.0,9.0,5.0,6.0,2.0,2.0,4.0,8.0,null,2.0,4.0,2.0,8.0,null,4.0,9.0,9.0,9.0,8.0,1.0,2.8000000000000000,2.4000000000000000,2.6000000000000000,2.5000000000000000,3.2500000000000000,3.0000000000000000,2.6000000000000000,2.5000000000000000,22.4000000000000000,2.2500000000000000,Analytical,Deliberative,Developer
EMP101488,Yuni Tri Maulida,3.0000000000000000,13,IV,D3,2,4,null,35,88,null,ESFP,null,6,5.0,5.0,3.0,8.0,1.0,7.0,1.0,4.0,2.0,5.0,null,3.0,7.0,7.0,6.0,5.0,null,5.0,1.0,9.0,2.6666666666666667,2.7500000000000000,3.0000000000000000,3.2500000000000000,3.2500000000000000,2.7500000000000000,3.2500000000000000,2.7500000000000000,3.6666666666666667,3.0000000000000000,Significance,Arranger,Restorative
EMP101489,Anisa Adi Anggara,4.0000000000000000,35,III,D3,1,1,null,61,88,IS,ESFJ,null,7,9.0,3.0,null,8.0,8.0,7.0,2.0,2.0,null,9.0,9.0,6.0,3.0,1.0,6.0,2.0,3.0,4.0,8.0,6.0,3.8000000000000000,4.0000000000000000,3.7500000000000000,3.8000000000000000,23.2000000000000000,3.7500000000000000,3.2500000000000000,4.0000000000000000,4.0000000000000000,4.0000000000000000,Ideation,Command,Maximizer
EMP101490,Rizki Nabila Utami,2.8000000000000000,81,III,S2,1,2,null,69,31,SC,INTP,null,10,6.0,3.0,3.0,3.0,3.0,4.0,9.0,6.0,9.0,2.0,5.0,5.0,8.0,9.0,6.0,9.0,3.0,4.0,null,6.0,2.5000000000000000,2.4000000000000000,2.8000000000000000,2.7500000000000000,3.0000000000000000,3.0000000000000000,3.0000000000000000,3.2500000000000000,2.4000000000000000,3.4000000000000000,Empathy,Consistency,Individualization
EMP101491,Umar Yudhistira Maulida,2.0000000000000000,64,III,S2,1,4,110.0,82,37,DI,INTJ,27.0,9,4.0,9.0,3.0,8.0,4.0,1.0,1.0,7.0,6.0,5.0,8.0,null,2.0,4.0,null,8.0,2.0,2.0,1.0,8.0,2.0000000000000000,2.0000000000000000,2.0000000000000000,1.6000000000000000,1.4000000000000000,2.2500000000000000,2.2500000000000000,2.0000000000000000,2.2500000000000000,1.6000000000000000,Context,Responsibility,Consistency
EMP101492,Bella Salsabila,3.2000000000000000,54,V,SMA,3,2,null,58,41,CI,INTP,29.0,10,1.0,3.0,4.0,1.0,5.0,9.0,4.0,6.0,5.0,3.0,8.0,6.0,6.0,9.0,1.0,3.0,2.0,6.0,null,4.0,3.7500000000000000,3.3333333333333333,3.2000000000000000,3.6666666666666667,3.0000000000000000,3.0000000000000000,3.2000000000000000,3.4000000000000000,3.2000000000000000,3.8000000000000000,Significance,Strategic,Connectedness
EMP101493,Rani Utama Nugroho,4.0000000000000000,45,III,S1,1,1,90.0,67,94,IS,null,26.0,3,1.0,8.0,3.0,4.0,6.0,2.0,7.0,5.0,2.0,1.0,7.0,5.0,3.0,3.0,4.0,9.0,8.0,7.0,9.0,4.0,4.2000000000000000,3.8000000000000000,4.0000000000000000,22.4000000000000000,3.7500000000000000,3.4000000000000000,4.0000000000000000,3.6000000000000000,3.6000000000000000,3.8000000000000000,Includer,Relator,Empathy
EMP101494,Rafa Halim Maulida,3.7500000000000000,39,IV,S1,2,6,88.0,88,22,SD,ESTP,34.0,3,2.0,2.0,4.0,3.0,2.0,1.0,5.0,9.0,9.0,null,1.0,9.0,8.0,7.0,2.0,2.0,7.0,4.0,5.0,null,3.5000000000000000,4.0000000000000000,3.8000000000000000,3.2000000000000000,3.5000000000000000,3.2500000000000000,4.0000000000000000,3.2500000000000000,4.2500000000000000,4.0000000000000000,,Woo,Intellection
EMP101495,Gita Yudhistira Maulida,3.5000000000000000,13,IV,D3,2,2,98.0,59,69,CS,ESTJ,22.0,2,3.0,6.0,4.0,8.0,8.0,null,4.0,1.0,2.0,3.0,null,5.0,9.0,8.0,2.0,8.0,8.0,null,3.0,8.0,3.0000000000000000,2.2500000000000000,3.6666666666666667,3.5000000000000000,2.5000000000000000,3.5000000000000000,3.5000000000000000,3.7500000000000000,3.2500000000000000,4.0000000000000000,Ideation,Individualization,Restorative
EMP101496,Tania Zulfikar Kurniawan,2.4000000000000000,70,V,D3,3,1,85.0,21,69,ID,ISFP,21.0,6,null,6.0,6.0,6.0,8.0,4.0,9.0,null,9.0,8.0,7.0,7.0,9.0,3.0,9.0,1.0,3.0,1.0,9.0,6.0,2.4000000000000000,2.6000000000000000,2.4000000000000000,2.2500000000000000,2.4000000000000000,2.5000000000000000,2.6000000000000000,2.2500000000000000,2.8000000000000000,2.4000000000000000,Restorative,Responsibility,Includer
EMP101497,Bayu Santoso,3.8000000000000000,65,III,D3,1,6,117.0,49,44,ID,INFJ,25.0,3,5.0,7.0,5.0,8.0,4.0,4.0,7.0,8.0,3.0,7.0,null,2.0,9.0,9.0,4.0,8.0,1.0,2.0,3.0,2.0,3.2500000000000000,3.6000000000000000,4.0000000000000000,3.6000000000000000,3.8000000000000000,4.0000000000000000,4.0000000000000000,3.7500000000000000,3.4000000000000000,3.7500000000000000,Futuristic,Analytical,Arranger
EMP101498,Luthfi Santoso,3.0000000000000000,82,III,S1,1,1,null,64,100,IC,INTJ,null,8,4.0,null,4.0,6.0,null,9.0,4.0,3.0,5.0,8.0,5.0,5.0,9.0,7.0,2.0,6.0,8.0,9.0,1.0,null,2.8000000000000000,3.2500000000000000,3.0000000000000000,2.8000000000000000,2.4000000000000000,2.8000000000000000,3.5000000000000000,3.2500000000000000,3.2000000000000000,3.2500000000000000,Relator,Competition,Belief
EMP101499,Hadi Sinaga,3.4000000000000000,65,III,SMA,1,5,null,36,54,DC,ISTJ,null,3,2.0,null,3.0,6.0,4.0,1.0,2.0,9.0,7.0,3.0,7.0,null,8.0,4.0,3.0,3.0,3.0,6.0,6.0,9.0,3.4000000000000000,3.4000000000000000,3.7500000000000000,3.2000000000000000,3.5000000000000000,3.4000000000000000,3.6000000000000000,3.6000000000000000,3.6000000000000000,3.0000000000000000,Responsibility,Harmony,Woo
EMP101500,Joko Ganesha Pratomo,2.4000000000000000,48,III,D3,1,2,138.0,32,94,ID,ENFJ,17.0,4,7.0,4.0,null,null,6.0,5.0,1.0,2.0,4.0,null,5.0,8.0,2.0,5.0,8.0,4.0,7.0,null,5.0,null,2.4000000000000000,3.0000000000000000,2.0000000000000000,2.8000000000000000,2.8000000000000000,2.6000000000000000,2.5000000000000000,2.5000000000000000,2.4000000000000000,2.6000000000000000,Command,Discipline,Achiever
EMP101501,Dinda Utama Salsabila,3.2500000000000000,35,V,D3,3,3,139.0,66,59,SC,ESFP,20.0,7,4.0,2.0,7.0,null,4.0,9.0,5.0,5.0,3.0,9.0,5.0,7.0,3.0,6.0,2.0,8.0,9.0,8.0,null,9.0,3.6000000000000000,3.7500000000000000,3.2500000000000000,3.6000000000000000,3.2000000000000000,3.6000000000000000,3.7500000000000000,3.2500000000000000,3.3333333333333333,3.6000000000000000,Woo,Input,Adaptability
EMP101502,Ayunda Gunawan,3.8000000000000000,28,V,S2,3,1,138.0,96,66,SI,ENFP,18.0,8,2.0,8.0,3.0,2.0,7.0,2.0,1.0,null,8.0,2.0,4.0,7.0,8.0,1.0,5.0,4.0,1.0,9.0,4.0,6.0,3.0000000000000000,3.2500000000000000,4.0000000000000000,3.6000000000000000,4.2000000000000000,4.0000000000000000,3.6000000000000000,4.0000000000000000,3.6000000000000000,3.4000000000000000,Input,Intellection,Self-Assurance
EMP101503,Citra Indrawan,3.7500000000000000,54,IV,S2,2,2,138.0,30,30,DI,null,36.0,4,6.0,8.0,1.0,8.0,5.0,6.0,8.0,6.0,9.0,8.0,2.0,5.0,5.0,3.0,null,1.0,1.0,5.0,2.0,1.0,3.4000000000000000,3.2500000000000000,3.6000000000000000,3.4000000000000000,3.7500000000000000,3.5000000000000000,3.8000000000000000,3.4000000000000000,3.0000000000000000,3.2500000000000000,Strategic,Consistency,Includer
EMP101504,Putri Lukman,3.8000000000000000,71,III,D3,1,5,96.0,96,34,DC,INFJ,30.0,10,2.0,7.0,6.0,6.0,null,5.0,null,9.0,4.0,6.0,6.0,3.0,6.0,5.0,9.0,4.0,7.0,7.0,8.0,4.0,3.6000000000000000,3.7500000000000000,3.5000000000000000,3.6000000000000000,3.7500000000000000,3.8000000000000000,3.8000000000000000,3.6000000000000000,4.0000000000000000,3.4000000000000000,Relator,,Command
EMP101505,Vania Jatmiko Kusuma,3.6666666666666667,21,III,SMA,1,1,null,93,28,CS,null,null,2,1.0,8.0,4.0,7.0,2.0,6.0,2.0,null,1.0,2.0,6.0,7.0,6.0,8.0,5.0,4.0,3.0,3.0,9.0,9.0,3.7500000000000000,4.0000000000000000,3.7500000000000000,4.3333333333333333,3.7500000000000000,4.5000000000000000,3.2500000000000000,3.5000000000000000,3.7500000000000000,4.2500000000000000,Communication,,Consistency
EMP101506,Putri Dharma Rahmawati,2.7500000000000000,77,IV,S2,2,3,100.0,56,88,SD,ISFJ,27.0,8,4.0,6.0,3.0,8.0,3.0,5.0,4.0,null,null,7.0,6.0,null,2.0,6.0,1.0,8.0,6.0,3.0,4.0,8.0,2.8000000000000000,3.2000000000000000,2.8000000000000000,1.7500000000000000,3.0000000000000000,3.0000000000000000,2.8000000000000000,2.4000000000000000,3.0000000000000000,3.0000000000000000,Communication,Belief,Learner
EMP101507,Hadi Herlambang,3.0000000000000000,72,IV,S1,2,4,null,97,49,CI,INTP,null,4,7.0,1.0,9.0,7.0,9.0,1.0,6.0,4.0,2.0,2.0,1.0,3.0,5.0,5.0,8.0,3.0,1.0,4.0,7.0,null,2.8000000000000000,3.0000000000000000,3.0000000000000000,2.8000000000000000,2.8000000000000000,2.6000000000000000,3.0000000000000000,2.6000000000000000,3.0000000000000000,2.5000000000000000,Input,Harmony,Communication
EMP101508,Iman Zulfikar,3.6000000000000000,78,IV,D3,2,5,132.0,87,34,DS,ESTP,23.0,4,9.0,1.0,4.0,1.0,9.0,9.0,9.0,4.0,null,3.0,9.0,5.0,3.0,8.0,4.0,2.0,9.0,8.0,3.0,2.0,3.5000000000000000,3.6000000000000000,3.4000000000000000,3.7500000000000000,3.0000000000000000,3.2000000000000000,3.2000000000000000,3.6000000000000000,3.6000000000000000,3.6000000000000000,Self-Assurance,Activator,Includer
EMP101509,Satya Tri Kusuma,3.6666666666666667,6,III,S2,1,6,134.0,74,74,DC,null,26.0,1,8.0,6.0,4.0,9.0,null,2.0,1.0,3.0,3.0,6.0,2.0,3.0,1.0,5.0,null,8.0,9.0,1.0,4.0,9.0,3.0000000000000000,3.2500000000000000,2.7500000000000000,3.7500000000000000,3.5000000000000000,2.7500000000000000,3.5000000000000000,3.3333333333333333,3.5000000000000000,3.6666666666666667,Strategic,Competition,Connectedness
EMP101510,Fitri Rachman Gunawan,3.3333333333333333,32,V,D3,3,6,128.0,83,56,CI,ISFJ,17.0,4,5.0,1.0,4.0,3.0,4.0,7.0,1.0,null,7.0,4.0,4.0,6.0,4.0,2.0,5.0,6.0,2.0,3.0,9.0,null,3.5000000000000000,3.2500000000000000,3.2500000000000000,3.4000000000000000,3.7500000000000000,3.6000000000000000,3.6000000000000000,3.8000000000000000,3.6666666666666667,4.0000000000000000,Analytical,Activator,Significance
EMP101511,Indra Rachman Siregar,2.8000000000000000,65,V,S1,3,6,null,73,63,ID,ESTP,null,10,5.0,5.0,1.0,6.0,7.0,2.0,7.0,5.0,4.0,7.0,6.0,3.0,7.0,2.0,2.0,9.0,6.0,9.0,5.0,4.0,2.2000000000000000,2.4000000000000000,2.7500000000000000,2.8000000000000000,2.5000000000000000,2.6000000000000000,3.0000000000000000,2.6000000000000000,2.8000000000000000,3.0000000000000000,Futuristic,Adaptability,Harmony
EMP101512,Vania Permadi,3.2500000000000000,24,IV,S1,2,5,136.0,55,26,null,ENTP,27.0,5,2.0,3.0,3.0,4.0,4.0,1.0,null,9.0,8.0,1.0,8.0,5.0,1.0,8.0,7.0,5.0,2.0,2.0,1.0,2.0,3.6000000000000000,2.8000000000000000,2.6000000000000000,2.6000000000000000,2.6000000000000000,3.0000000000000000,2.6000000000000000,3.0000000000000000,2.8000000000000000,3.5000000000000000,Harmony,Context,Analytical
EMP101513,Ayu Gunawan,2.0000000000000000,27,IV,D3,2,3,null,69,37,IC,ESFJ,null,6,3.0,3.0,7.0,9.0,7.0,null,8.0,7.0,6.0,8.0,9.0,7.0,3.0,7.0,2.0,null,7.0,null,9.0,6.0,3.2500000000000000,2.6000000000000000,2.6000000000000000,2.5000000000000000,2.4000000000000000,2.0000000000000000,2.2000000000000000,2.5000000000000000,2.6000000000000000,2.6000000000000000,Relator,Input,Communication
EMP101514,Julia Pramudita Situmorang,2.6000000000000000,65,III,SMA,1,5,94.0,31,93,null,ESFP,27.0,3,2.0,8.0,9.0,6.0,8.0,5.0,7.0,1.0,3.0,4.0,8.0,7.0,1.0,5.0,8.0,6.0,5.0,2.0,3.0,8.0,2.8000000000000000,3.0000000000000000,2.4000000000000000,2.4000000000000000,2.5000000000000000,2.6000000000000000,2.4000000000000000,3.2000000000000000,3.0000000000000000,2.4000000000000000,Context,Achiever,Ideation
EMP101515,Intan Indrawan,3.4000000000000000,59,III,S2,1,5,122.0,87,91,CS,ESFP,37.0,6,1.0,8.0,9.0,2.0,2.0,null,3.0,5.0,2.0,1.0,5.0,4.0,4.0,8.0,7.0,4.0,4.0,9.0,6.0,4.0,3.4000000000000000,3.4000000000000000,3.2000000000000000,3.0000000000000000,3.0000000000000000,3.6666666666666667,3.8000000000000000,3.2500000000000000,3.0000000000000000,3.2500000000000000,,Strategic,Achiever
EMP101516,Galih Pradana,3.0000000000000000,78,III,D3,1,6,85.0,85,76,null,ESFP,30.0,4,8.0,4.0,4.0,1.0,8.0,8.0,5.0,8.0,8.0,8.0,null,6.0,4.0,2.0,3.0,9.0,7.0,9.0,2.0,3.0,3.0000000000000000,3.0000000000000000,3.2000000000000000,3.7500000000000000,3.4000000000000000,3.0000000000000000,3.2000000000000000,3.0000000000000000,3.2500000000000000,3.0000000000000000,Strategic,,Harmony
EMP101517,Galih Saputra Nugroho,3.0000000000000000,20,IV,S2,2,2,null,77,48,DI,ESFP,null,1,1.0,9.0,null,9.0,8.0,5.0,4.0,8.0,2.0,3.0,2.0,6.0,8.0,9.0,7.0,null,2.0,7.0,null,1.0,3.0000000000000000,3.2500000000000000,3.0000000000000000,3.2500000000000000,2.3333333333333333,2.3333333333333333,2.5000000000000000,3.0000000000000000,3.0000000000000000,2.7500000000000000,Positivity,Input,Deliberative
EMP101518,Ayunda Mahendra,2.6000000000000000,25,III,S1,1,2,125.0,27,59,SI,ISTJ,34.0,9,8.0,8.0,7.0,1.0,1.0,9.0,1.0,null,9.0,9.0,3.0,4.0,7.0,2.0,null,4.0,4.0,6.0,1.0,5.0,2.5000000000000000,2.5000000000000000,2.7500000000000000,2.5000000000000000,2.7500000000000000,3.0000000000000000,2.6000000000000000,2.4000000000000000,2.4000000000000000,2.7500000000000000,Woo,Ideation,Significance
EMP101519,Rendra Baskara Pamungkas,2.5000000000000000,30,IV,D3,2,5,120.0,71,48,IC,INFJ,29.0,5,7.0,9.0,1.0,7.0,2.0,1.0,2.0,9.0,6.0,8.0,7.0,6.0,9.0,9.0,5.0,1.0,4.0,8.0,3.0,7.0,2.8000000000000000,3.0000000000000000,3.0000000000000000,2.2000000000000000,3.0000000000000000,2.7500000000000000,3.5000000000000000,2.6000000000000000,2.4000000000000000,2.6000000000000000,Connectedness,Context,Strategic
EMP101520,Dimas Tamba,3.8000000000000000,75,III,D3,1,3,100.0,82,79,CS,inftj,24.0,5,null,9.0,5.0,9.0,2.0,9.0,9.0,6.0,5.0,9.0,4.0,4.0,8.0,3.0,2.0,9.0,2.0,1.0,8.0,3.0,3.5000000000000000,3.7500000000000000,4.2000000000000000,4.2000000000000000,4.2000000000000000,3.6000000000000000,4.0000000000000000,3.8000000000000000,3.4000000000000000,3.5000000000000000,Woo,Analytical,Activator
EMP101521,Utami Utami,3.0000000000000000,92,V,SMA,3,5,104.0,59,99,DS,INFP,36.0,10,6.0,2.0,1.0,8.0,null,7.0,9.0,3.0,null,2.0,2.0,2.0,6.0,5.0,1.0,7.0,1.0,1.0,8.0,5.0,3.2000000000000000,2.7500000000000000,2.6000000000000000,3.4000000000000000,3.0000000000000000,2.4000000000000000,2.8000000000000000,2.3333333333333333,2.7500000000000000,2.8000000000000000,Competition,Activator,Focus
EMP101522,Lestari Permadi,3.7500000000000000,19,V,S1,3,5,139.0,28,95,IC,ENFP,19.0,1,null,3.0,6.0,5.0,5.0,2.0,7.0,8.0,3.0,null,3.0,7.0,8.0,3.0,9.0,2.0,9.0,6.0,3.0,6.0,3.7500000000000000,3.5000000000000000,3.6666666666666667,4.5000000000000000,3.7500000000000000,3.7500000000000000,3.5000000000000000,3.3333333333333333,3.6666666666666667,3.7500000000000000,Harmony,Communication,Command
EMP101523,Maya Halim,3.2500000000000000,17,III,S2,1,4,123.0,20,76,null,ISTJ,26.0,9,9.0,8.0,1.0,9.0,6.0,5.0,5.0,2.0,4.0,4.0,8.0,9.0,3.0,7.0,1.0,2.0,3.0,8.0,8.0,4.0,3.5000000000000000,3.5000000000000000,3.7500000000000000,2.5000000000000000,3.5000000000000000,4.0000000000000000,4.0000000000000000,3.5000000000000000,3.2500000000000000,3.0000000000000000,,Positivity,Connectedness
EMP101524,Putri Jatmiko Salsabila,3.6666666666666667,35,III,S1,1,6,null,68,35,SC,ISTJ,null,6,7.0,3.0,null,9.0,2.0,2.0,4.0,7.0,6.0,3.0,8.0,1.0,9.0,1.0,6.0,1.0,7.0,2.0,5.0,2.0,3.6000000000000000,3.8000000000000000,3.6000000000000000,3.8000000000000000,3.8000000000000000,3.4000000000000000,3.6000000000000000,3.4000000000000000,3.0000000000000000,3.8000000000000000,Intellection,Achiever,Strategic
EMP101525,Rani Aji Indrawan,3.2000000000000000,74,IV,SMA,2,3,99.0,69,99,CI,ISTJ,39.0,3,7.0,4.0,5.0,9.0,7.0,7.0,2.0,6.0,7.0,2.0,4.0,7.0,3.0,2.0,7.0,7.0,7.0,9.0,6.0,4.0,2.8000000000000000,3.0000000000000000,2.8000000000000000,3.0000000000000000,3.5000000000000000,2.8000000000000000,3.4000000000000000,3.0000000000000000,3.8000000000000000,3.4000000000000000,Self-Assurance,Connectedness,
EMP101526,Ayu Maulida,3.0000000000000000,43,IV,S1,2,6,null,79,53,DI,ISFP,null,9,7.0,null,9.0,1.0,1.0,6.0,3.0,8.0,3.0,9.0,6.0,8.0,1.0,2.0,3.0,2.0,4.0,4.0,8.0,null,2.8000000000000000,3.2000000000000000,3.2000000000000000,3.2000000000000000,3.0000000000000000,3.0000000000000000,2.8000000000000000,3.2000000000000000,3.0000000000000000,3.0000000000000000,Competition,Harmony,Connectedness
EMP101527,Eko Nugroho,4.0000000000000000,20,V,S2,3,4,99.0,27,74,SD,ESTP,24.0,9,6.0,3.0,5.0,8.0,3.0,9.0,9.0,4.0,3.0,8.0,4.0,5.0,9.0,2.0,null,2.0,7.0,5.0,7.0,5.0,3.5000000000000000,4.3333333333333333,3.7500000000000000,2.6666666666666667,4.0000000000000000,3.7500000000000000,4.0000000000000000,4.6666666666666667,3.7500000000000000,3.3333333333333333,Focus,Connectedness,Futuristic
EMP101528,Wahyu Nabila Anggara,4.0000000000000000,96,III,D3,1,5,129.0,65,34,IS,INTJ,24.0,9,4.0,9.0,6.0,8.0,4.0,9.0,6.0,8.0,2.0,4.0,9.0,9.0,null,9.0,7.0,4.0,1.0,6.0,7.0,2.0,3.0000000000000000,3.5000000000000000,3.4000000000000000,2.6000000000000000,2.8000000000000000,2.6000000000000000,2.5000000000000000,2.5000000000000000,2.6666666666666667,3.2000000000000000,Individualization,Deliberative,Maximizer
EMP101529,Dian Qolbi Santoso,2.7500000000000000,27,V,SMA,3,3,84.0,28,78,CD,ISTP,29.0,3,3.0,5.0,4.0,6.0,5.0,null,2.0,6.0,2.0,2.0,4.0,3.0,null,6.0,2.0,7.0,2.0,null,null,2.0,3.0000000000000000,2.8000000000000000,2.8000000000000000,2.2000000000000000,3.2000000000000000,2.7500000000000000,2.8000000000000000,2.8000000000000000,22.0000000000000000,2.8000000000000000,Belief,Input,Positivity
EMP101530,Bella Ananda,2.7500000000000000,37,IV,D3,2,1,86.0,65,89,DS,null,22.0,4,1.0,7.0,3.0,9.0,3.0,5.0,2.0,6.0,null,null,null,5.0,5.0,2.0,8.0,9.0,6.0,2.0,4.0,4.0,3.2000000000000000,21.8000000000000000,2.8000000000000000,3.0000000000000000,3.0000000000000000,3.0000000000000000,3.2000000000000000,3.0000000000000000,2.8000000000000000,3.0000000000000000,Activator,Harmony,Achiever
EMP101531,Cahyo Firmansyah,3.0000000000000000,55,III,S2,1,2,93.0,99,53,null,ISTP,29.0,2,7.0,6.0,9.0,7.0,4.0,1.0,3.0,5.0,5.0,3.0,4.0,5.0,1.0,2.0,8.0,6.0,4.0,6.0,2.0,3.0,3.0000000000000000,3.5000000000000000,2.7500000000000000,2.8000000000000000,2.8000000000000000,3.5000000000000000,3.2000000000000000,3.0000000000000000,2.8000000000000000,3.0000000000000000,Includer,Responsibility,Analytical
EMP101532,Nurlita Lestari,2.7500000000000000,17,V,S1,3,2,134.0,31,65,DI,ISFJ,23.0,3,4.0,7.0,8.0,4.0,9.0,1.0,7.0,2.0,6.0,4.0,9.0,4.0,3.0,7.0,1.0,2.0,9.0,9.0,8.0,5.0,3.0000000000000000,2.6666666666666667,2.7500000000000000,3.0000000000000000,3.2500000000000000,3.0000000000000000,2.5000000000000000,3.0000000000000000,2.3333333333333333,2.7500000000000000,Input,Maximizer,Strategic
EMP101533,Fajar Hasibuan,2.8000000000000000,25,IV,D3,2,1,135.0,24,91,DC,ENFP,23.0,3,2.0,1.0,5.0,2.0,2.0,5.0,9.0,6.0,4.0,8.0,1.0,8.0,1.0,6.0,3.0,4.0,9.0,3.0,4.0,4.0,3.2000000000000000,3.0000000000000000,3.2000000000000000,2.6000000000000000,2.7500000000000000,3.2000000000000000,3.0000000000000000,3.4000000000000000,3.0000000000000000,2.8000000000000000,Focus,Input,Connectedness
EMP101534,Nadia Kusuma Zulfikar,3.2500000000000000,76,V,S1,3,5,114.0,61,62,null,ENFP,21.0,4,9.0,7.0,4.0,5.0,2.0,3.0,7.0,7.0,6.0,6.0,4.0,7.0,7.0,7.0,4.0,2.0,3.0,5.0,1.0,7.0,3.2000000000000000,3.4000000000000000,2.5000000000000000,3.4000000000000000,3.0000000000000000,3.2500000000000000,3.4000000000000000,3.0000000000000000,3.0000000000000000,3.4000000000000000,,Achiever,Competition
EMP101535,Dimas Halim,4.0000000000000000,47,IV,D3,2,2,130.0,31,58,DI,ESTP,32.0,3,1.0,9.0,7.0,6.0,7.0,2.0,null,null,7.0,7.0,7.0,2.0,2.0,8.0,2.0,1.0,null,8.0,8.0,4.0,4.0000000000000000,4.2000000000000000,4.0000000000000000,4.2000000000000000,4.2000000000000000,4.2500000000000000,3.6000000000000000,4.2000000000000000,4.0000000000000000,4.0000000000000000,Maximizer,Input,Significance
EMP101536,Indra Syahputra,3.7500000000000000,25,III,S1,1,5,100.0,95,59,SD,null,23.0,2,9.0,6.0,7.0,3.0,2.0,6.0,8.0,4.0,4.0,9.0,null,9.0,null,2.0,8.0,2.0,6.0,1.0,null,3.0,3.8000000000000000,3.7500000000000000,3.6666666666666667,3.6000000000000000,3.6000000000000000,4.0000000000000000,3.7500000000000000,3.5000000000000000,3.6000000000000000,3.6000000000000000,Woo,Arranger,Analytical
EMP101537,Kartika Candra Firmansyah,3.2000000000000000,37,III,S1,1,3,null,37,54,IC,ISTP,null,10,5.0,2.0,6.0,8.0,3.0,1.0,1.0,2.0,5.0,2.0,3.0,3.0,9.0,2.0,2.0,5.0,9.0,1.0,7.0,5.0,3.4000000000000000,3.7500000000000000,3.6000000000000000,3.2500000000000000,3.4000000000000000,3.2500000000000000,3.6000000000000000,2.6000000000000000,3.5000000000000000,3.0000000000000000,Input,,Analytical
EMP101538,Satya Sinaga,3.5000000000000000,12,V,SMA,3,5,99.0,99,93,SC,ESTP,28.0,1,9.0,5.0,6.0,7.0,2.0,7.0,8.0,1.0,2.0,6.0,4.0,1.0,9.0,9.0,4.0,4.0,5.0,2.0,8.0,4.0,4.0000000000000000,3.0000000000000000,4.0000000000000000,3.7500000000000000,4.0000000000000000,3.5000000000000000,3.7500000000000000,3.0000000000000000,3.2500000000000000,22.8000000000000000,Analytical,Strategic,Input
EMP101539,Intan Wijaya Ridwan,2.0000000000000000,87,IV,D3,2,5,85.0,91,63,CS,ESFP,16.0,5,1.0,null,3.0,1.0,8.0,7.0,5.0,3.0,4.0,null,1.0,2.0,2.0,1.0,9.0,4.0,9.0,2.0,2.0,7.0,2.3333333333333333,2.0000000000000000,2.0000000000000000,1.6666666666666667,2.2000000000000000,2.6000000000000000,2.0000000000000000,2.0000000000000000,1.6000000000000000,2.0000000000000000,Responsibility,Futuristic,Input
EMP101540,Oktavia Herlambang,3.2500000000000000,82,III,S1,1,3,85.0,87,90,DS,null,19.0,6,1.0,1.0,3.0,1.0,9.0,6.0,null,5.0,5.0,7.0,2.0,7.0,5.0,2.0,6.0,8.0,6.0,3.0,4.0,null,3.0000000000000000,3.0000000000000000,2.7500000000000000,3.0000000000000000,2.5000000000000000,3.2500000000000000,3.0000000000000000,3.0000000000000000,2.5000000000000000,3.0000000000000000,Belief,Consistency,Discipline
EMP101541,Ayunda Adi Kurniawan,3.2000000000000000,47,III,D3,1,6,89.0,45,24,ID,null,24.0,1,6.0,2.0,6.0,5.0,1.0,null,5.0,null,3.0,6.0,8.0,1.0,7.0,8.0,2.0,5.0,8.0,8.0,6.0,7.0,2.8000000000000000,3.0000000000000000,27.5000000000000000,3.2000000000000000,3.0000000000000000,2.6666666666666667,3.0000000000000000,4.0000000000000000,2.8000000000000000,3.2000000000000000,Futuristic,Maximizer,Empathy
EMP101542,Rama Firmansyah,3.0000000000000000,54,V,D3,3,6,114.0,94,46,SD,INTP,30.0,8,8.0,null,7.0,1.0,3.0,7.0,4.0,7.0,2.0,6.0,7.0,5.0,5.0,8.0,9.0,9.0,null,3.0,4.0,1.0,3.4000000000000000,3.0000000000000000,3.0000000000000000,2.5000000000000000,2.2500000000000000,2.8000000000000000,3.2000000000000000,3.2000000000000000,3.0000000000000000,3.2000000000000000,Arranger,Achiever,Developer
EMP101543,Iman Rahmawati,2.8000000000000000,91,V,SMA,3,2,82.0,88,75,CS,ENTJ,17.0,10,null,2.0,null,9.0,null,9.0,2.0,7.0,null,4.0,5.0,4.0,1.0,null,1.0,3.0,4.0,4.0,9.0,2.0,3.2500000000000000,2.8000000000000000,3.2000000000000000,3.2000000000000000,3.2000000000000000,2.8000000000000000,3.0000000000000000,2.6000000000000000,2.2500000000000000,3.6000000000000000,Developer,Significance,Relator
EMP101544,Dewi Wibowo,3.5000000000000000,78,IV,SMA,2,2,123.0,52,31,null,INFJ,37.0,4,3.0,null,1.0,4.0,1.0,8.0,8.0,5.0,7.0,2.0,6.0,8.0,1.0,6.0,6.0,5.0,null,5.0,7.0,3.0,3.2000000000000000,3.4000000000000000,3.4000000000000000,3.3333333333333333,3.5000000000000000,3.2000000000000000,3.7500000000000000,3.4000000000000000,4.2000000000000000,3.8000000000000000,Discipline,Competition,Maximizer
EMP101545,Fajar Santoso,3.2000000000000000,52,III,S2,1,2,130.0,40,98,CI,ISFP,25.0,2,5.0,3.0,4.0,null,2.0,3.0,6.0,2.0,3.0,4.0,6.0,9.0,5.0,4.0,9.0,9.0,null,6.0,1.0,5.0,3.2000000000000000,2.6000000000000000,2.6000000000000000,3.2000000000000000,3.2000000000000000,3.0000000000000000,3.0000000000000000,2.7500000000000000,3.4000000000000000,3.2000000000000000,,Adaptability,Significance
EMP101546,Zahra Candra Salsabila,3.5000000000000000,26,IV,S2,2,3,88.0,68,20,DC,ISTP,21.0,5,5.0,4.0,6.0,5.0,1.0,8.0,4.0,3.0,1.0,7.0,5.0,6.0,5.0,3.0,6.0,1.0,9.0,8.0,2.0,4.0,3.4000000000000000,3.2000000000000000,3.0000000000000000,3.0000000000000000,3.6000000000000000,3.8000000000000000,3.4000000000000000,3.4000000000000000,3.4000000000000000,3.2500000000000000,Communication,Input,Restorative
EMP101547,Iman Maulana,3.5000000000000000,12,IV,S2,2,5,136.0,31,61,IS,ISFJ,29.0,3,6.0,null,8.0,2.0,8.0,6.0,9.0,5.0,1.0,3.0,2.0,3.0,3.0,6.0,2.0,null,7.0,1.0,8.0,3.0,4.0000000000000000,3.7500000000000000,3.0000000000000000,3.2500000000000000,3.5000000000000000,4.0000000000000000,3.7500000000000000,3.0000000000000000,3.2500000000000000,3.7500000000000000,Relator,,Developer
EMP101548,Fitri Saputra Tamba,4.0000000000000000,43,V,SMA,3,4,103.0,54,25,null,INTP,41.0,9,7.0,7.0,3.0,2.0,6.0,5.0,3.0,2.0,5.0,null,null,6.0,4.0,4.0,5.0,4.0,2.0,5.0,1.0,5.0,4.0000000000000000,4.2000000000000000,3.8000000000000000,3.2500000000000000,3.8000000000000000,4.2500000000000000,4.2500000000000000,3.7500000000000000,3.6000000000000000,3.2500000000000000,,Adaptability,Futuristic
EMP101549,Cahyo Zulfikar Utami,3.2500000000000000,13,IV,S1,2,1,88.0,49,82,ID,INFP,31.0,1,5.0,1.0,1.0,3.0,7.0,6.0,3.0,6.0,3.0,5.0,3.0,5.0,5.0,5.0,8.0,1.0,9.0,9.0,4.0,4.0,3.5000000000000000,3.6666666666666667,3.5000000000000000,3.0000000000000000,3.0000000000000000,2.6666666666666667,3.3333333333333333,3.3333333333333333,3.5000000000000000,3.2500000000000000,Maximizer,Belief,Command
EMP101550,Ayunda Firmansyah,3.2000000000000000,59,V,D3,3,3,null,55,90,IC,ESFJ,31.0,3,4.0,4.0,9.0,8.0,2.0,4.0,2.0,1.0,3.0,null,7.0,4.0,6.0,1.0,3.0,null,2.0,3.0,8.0,9.0,3.4000000000000000,3.2000000000000000,3.4000000000000000,3.4000000000000000,3.0000000000000000,3.0000000000000000,3.4000000000000000,3.0000000000000000,3.7500000000000000,3.2000000000000000,,Futuristic,Command
EMP101551,Hana Saputra Pamungkas,3.2000000000000000,39,III,SMA,1,5,86.0,96,64,CS,INFP,34.0,4,1.0,8.0,9.0,8.0,1.0,6.0,9.0,9.0,9.0,4.0,2.0,null,2.0,null,1.0,3.0,4.0,8.0,2.0,6.0,3.2000000000000000,3.6000000000000000,2.7500000000000000,2.8000000000000000,3.6666666666666667,3.0000000000000000,3.0000000000000000,3.2500000000000000,3.5000000000000000,3.2000000000000000,Futuristic,Positivity,Analytical
EMP101552,Evi Dharma Pamungkas,4.0000000000000000,61,III,S2,1,5,129.0,28,37,CS,ESFP,30.0,8,3.0,3.0,5.0,8.0,5.0,6.0,9.0,1.0,2.0,9.0,9.0,7.0,null,9.0,9.0,4.0,6.0,null,7.0,1.0,3.5000000000000000,3.8000000000000000,4.0000000000000000,4.4000000000000000,4.0000000000000000,4.0000000000000000,3.5000000000000000,3.8000000000000000,3.6000000000000000,4.0000000000000000,Responsibility,Maximizer,Positivity
EMP101553,Oktavia Rohman,2.0000000000000000,42,IV,D3,2,4,null,89,68,DC,ISTP,null,3,2.0,6.0,3.0,2.0,3.0,5.0,8.0,9.0,null,6.0,8.0,8.0,9.0,3.0,6.0,8.0,3.0,7.0,5.0,5.0,1.5000000000000000,1.8000000000000000,2.2000000000000000,2.2000000000000000,2.0000000000000000,2.0000000000000000,2.0000000000000000,2.2000000000000000,2.4000000000000000,2.0000000000000000,Futuristic,Context,Relator
EMP101554,Adit Jatmiko Setiawan,2.8000000000000000,61,V,D3,3,4,97.0,37,97,SC,ENFP,28.0,4,8.0,4.0,5.0,5.0,4.0,1.0,3.0,2.0,8.0,6.0,3.0,8.0,5.0,8.0,9.0,9.0,8.0,6.0,3.0,6.0,2.2000000000000000,3.5000000000000000,3.0000000000000000,2.6000000000000000,3.2500000000000000,2.8000000000000000,3.2500000000000000,2.6000000000000000,2.6000000000000000,2.7500000000000000,Deliberative,Empathy,Restorative
EMP101555,Bayu Nabila Lestari,2.8000000000000000,32,IV,D3,2,2,116.0,100,69,null,ESFJ,37.0,8,3.0,4.0,7.0,6.0,6.0,6.0,5.0,1.0,8.0,7.0,7.0,5.0,7.0,null,7.0,4.0,2.0,7.0,null,9.0,2.8000000000000000,3.2500000000000000,2.5000000000000000,2.6000000000000000,3.0000000000000000,2.7500000000000000,2.8000000000000000,3.4000000000000000,2.6000000000000000,2.5000000000000000,Self-Assurance,Individualization,Analytical
EMP101556,Satya Pramudita Rahmawati,2.8000000000000000,64,V,SMA,3,6,100.0,76,38,SI,ESFP,33.0,8,2.0,1.0,6.0,7.0,4.0,7.0,4.0,9.0,4.0,3.0,6.0,null,8.0,6.0,9.0,8.0,8.0,5.0,8.0,3.0,2.0000000000000000,2.4000000000000000,1.8000000000000000,2.0000000000000000,2.0000000000000000,2.0000000000000000,2.2000000000000000,1.8000000000000000,2.4000000000000000,2.0000000000000000,Connectedness,,Maximizer
EMP101557,Rendra Zulfikar Wijaya,3.2500000000000000,7,V,SMA,3,4,93.0,24,39,CD,ENFJ,33.0,8,1.0,8.0,4.0,5.0,4.0,null,6.0,5.0,9.0,5.0,7.0,8.0,1.0,5.0,7.0,5.0,9.0,7.0,7.0,4.0,3.2500000000000000,3.7500000000000000,2.6666666666666667,3.0000000000000000,3.3333333333333333,4.0000000000000000,3.0000000000000000,3.2500000000000000,3.0000000000000000,3.0000000000000000,Significance,Arranger,Achiever
EMP101558,Novi Halim Ramadhan,3.5000000000000000,87,IV,SMA,2,6,113.0,98,42,SC,ENTP,29.0,10,9.0,null,3.0,8.0,2.0,4.0,9.0,6.0,8.0,1.0,3.0,2.0,8.0,9.0,7.0,6.0,4.0,6.0,9.0,2.0,3.4000000000000000,3.6000000000000000,3.5000000000000000,3.2000000000000000,3.0000000000000000,3.2500000000000000,3.0000000000000000,3.6000000000000000,3.2000000000000000,3.0000000000000000,Discipline,Intellection,Individualization
EMP101559,Hana Lestari Wijaya,3.8000000000000000,55,III,SMA,1,2,86.0,97,83,CD,INTP,33.0,3,1.0,2.0,9.0,5.0,2.0,1.0,2.0,4.0,2.0,1.0,1.0,6.0,3.0,9.0,4.0,4.0,8.0,1.0,8.0,8.0,3.0000000000000000,3.2000000000000000,3.2000000000000000,3.8000000000000000,4.2500000000000000,3.8000000000000000,3.5000000000000000,4.0000000000000000,4.2500000000000000,3.0000000000000000,Harmony,Consistency,Futuristic
EMP101560,Gita Maulida,3.6000000000000000,84,IV,S1,2,2,86.0,60,82,null,null,22.0,5,1.0,9.0,4.0,9.0,6.0,7.0,4.0,7.0,8.0,2.0,null,3.0,2.0,5.0,6.0,8.0,3.0,3.0,1.0,3.0,3.2000000000000000,3.7500000000000000,3.0000000000000000,2.6000000000000000,3.2500000000000000,3.8000000000000000,3.6000000000000000,3.8000000000000000,3.2000000000000000,3.2500000000000000,Individualization,,
EMP101561,Mahendra Qolbi Pamungkas,3.2500000000000000,82,III,S1,1,5,138.0,20,67,SI,ENTJ,34.0,5,7.0,2.0,1.0,1.0,2.0,8.0,9.0,3.0,1.0,8.0,4.0,2.0,8.0,6.0,1.0,8.0,4.0,1.0,6.0,null,3.2000000000000000,3.2500000000000000,3.2500000000000000,22.6000000000000000,3.6666666666666667,3.6000000000000000,3.2500000000000000,3.0000000000000000,3.0000000000000000,3.0000000000000000,Developer,Deliberative,Futuristic
EMP101562,Cahyo Lukman,2.2500000000000000,80,V,S1,3,3,137.0,25,27,IC,INFJ,27.0,10,2.0,1.0,7.0,5.0,2.0,2.0,null,8.0,3.0,null,1.0,7.0,3.0,6.0,6.0,2.0,6.0,7.0,null,2.0,2.4000000000000000,2.6666666666666667,2.4000000000000000,2.8000000000000000,2.0000000000000000,2.5000000000000000,2.4000000000000000,3.0000000000000000,2.6000000000000000,2.2000000000000000,Competition,Communication,Includer
EMP101563,Nugroho Yudhistira Nugroho,3.0000000000000000,90,III,SMA,1,6,null,48,21,DS,ISTP,null,10,3.0,7.0,5.0,6.0,1.0,2.0,8.0,9.0,1.0,3.0,1.0,5.0,3.0,8.0,5.0,4.0,2.0,5.0,4.0,6.0,2.4000000000000000,3.0000000000000000,3.2500000000000000,3.2000000000000000,3.0000000000000000,2.8000000000000000,2.8000000000000000,2.2000000000000000,3.0000000000000000,2.7500000000000000,Woo,Competition,Intellection
EMP101564,Prasetyo Pramudita Purnama,3.0000000000000000,37,V,D3,3,6,null,89,63,SI,INTJ,29.0,10,6.0,3.0,6.0,9.0,3.0,7.0,6.0,8.0,7.0,2.0,4.0,2.0,8.0,9.0,1.0,4.0,5.0,5.0,8.0,8.0,3.0000000000000000,3.0000000000000000,3.2000000000000000,3.0000000000000000,3.2000000000000000,2.8000000000000000,3.4000000000000000,2.7500000000000000,3.0000000000000000,3.0000000000000000,Ideation,Context,Discipline
EMP101565,Oka Subekti,3.2000000000000000,82,III,D3,1,6,null,34,21,CI,null,null,3,6.0,6.0,3.0,4.0,4.0,2.0,8.0,5.0,5.0,1.0,2.0,6.0,1.0,3.0,null,1.0,3.0,3.0,9.0,4.0,3.5000000000000000,3.2500000000000000,3.4000000000000000,3.4000000000000000,2.6000000000000000,2.6666666666666667,3.4000000000000000,3.2500000000000000,2.7500000000000000,3.0000000000000000,Consistency,Self-Assurance,Achiever
EMP101566,Iman Purnama,2.7500000000000000,39,V,D3,3,2,139.0,78,30,CI,ESFP,21.0,8,8.0,6.0,4.0,6.0,9.0,2.0,2.0,5.0,7.0,6.0,2.0,9.0,1.0,6.0,8.0,6.0,3.0,4.0,8.0,null,2.5000000000000000,3.4000000000000000,3.2000000000000000,3.0000000000000000,3.0000000000000000,3.2000000000000000,27.0000000000000000,3.2000000000000000,3.4000000000000000,3.0000000000000000,Adaptability,Individualization,Strategic
EMP101567,Putri Santoso,2.6000000000000000,62,III,S1,1,1,136.0,96,93,IC,ESFP,25.0,1,5.0,8.0,1.0,7.0,3.0,1.0,8.0,1.0,4.0,7.0,8.0,null,7.0,3.0,3.0,9.0,9.0,null,1.0,1.0,2.7500000000000000,2.6000000000000000,2.7500000000000000,2.8000000000000000,2.7500000000000000,3.0000000000000000,1.3333333333333333,3.0000000000000000,2.5000000000000000,2.4000000000000000,Achiever,Harmony,Learner
EMP101568,Anisa Setiawan,3.6000000000000000,35,V,D3,3,2,108.0,65,28,IS,INTP,35.0,5,5.0,6.0,2.0,2.0,5.0,null,7.0,8.0,7.0,8.0,6.0,5.0,5.0,6.0,3.0,7.0,1.0,4.0,7.0,2.0,2.8000000000000000,3.6000000000000000,3.5000000000000000,3.5000000000000000,3.5000000000000000,3.4000000000000000,3.6000000000000000,4.0000000000000000,3.8000000000000000,3.2000000000000000,Individualization,Intellection,Communication
EMP101569,Cahyo Pramudita Nugroho,2.3333333333333333,16,IV,S2,2,4,117.0,35,38,SI,ISTP,27.0,3,4.0,3.0,null,9.0,4.0,8.0,5.0,4.0,null,1.0,3.0,6.0,4.0,2.0,1.0,8.0,1.0,4.0,null,6.0,2.7500000000000000,2.5000000000000000,3.0000000000000000,2.7500000000000000,2.2500000000000000,3.2500000000000000,2.6666666666666667,3.0000000000000000,3.0000000000000000,3.2500000000000000,Includer,,Command
EMP101570,Putri Zulfikar Lukman,3.4000000000000000,52,V,S2,3,5,98.0,95,83,SC,INFJ,30.0,2,1.0,7.0,4.0,3.0,null,1.0,3.0,2.0,7.0,8.0,2.0,2.0,6.0,6.0,null,null,1.0,8.0,8.0,4.0,3.4000000000000000,3.2000000000000000,3.2000000000000000,3.4000000000000000,3.6000000000000000,3.4000000000000000,3.4000000000000000,4.3333333333333333,3.2500000000000000,3.4000000000000000,,Communication,Futuristic
EMP101571,Nurlita Pratomo,3.7500000000000000,56,III,S2,1,3,112.0,98,55,SI,null,36.0,2,5.0,2.0,6.0,2.0,2.0,7.0,3.0,4.0,null,6.0,6.0,2.0,5.0,9.0,7.0,2.0,4.0,8.0,1.0,5.0,3.6000000000000000,3.2500000000000000,3.4000000000000000,3.8000000000000000,3.0000000000000000,3.6000000000000000,3.8000000000000000,3.5000000000000000,3.6000000000000000,3.6000000000000000,Focus,Achiever,Connectedness
EMP101572,Kartika Mahardika Sinaga,2.7500000000000000,49,IV,S2,2,5,94.0,51,23,CD,ESTJ,27.0,9,3.0,6.0,6.0,3.0,9.0,7.0,6.0,6.0,9.0,9.0,8.0,null,1.0,4.0,1.0,3.0,3.0,5.0,null,null,2.2000000000000000,3.4000000000000000,3.0000000000000000,3.3333333333333333,2.7500000000000000,2.5000000000000000,2.0000000000000000,2.5000000000000000,2.3333333333333333,2.6000000000000000,Includer,Maximizer,Futuristic
EMP101573,Citra Aji Sinaga,3.7500000000000000,69,IV,S1,2,2,138.0,72,76,DC,ESTP,17.0,3,2.0,3.0,7.0,7.0,8.0,9.0,7.0,7.0,8.0,2.0,1.0,6.0,7.0,6.0,1.0,7.0,6.0,6.0,1.0,8.0,4.3333333333333333,3.7500000000000000,3.5000000000000000,3.0000000000000000,3.2000000000000000,3.4000000000000000,3.4000000000000000,3.4000000000000000,3.0000000000000000,2.7500000000000000,Focus,Self-Assurance,Responsibility
EMP101574,Nurlita Zulfikar Zulfikar,4.0000000000000000,90,V,S1,3,2,138.0,45,97,SD,null,37.0,7,8.0,2.0,9.0,9.0,3.0,7.0,7.0,1.0,null,9.0,9.0,1.0,3.0,9.0,3.0,1.0,2.0,3.0,6.0,null,3.8000000000000000,4.2000000000000000,4.6000000000000000,4.6000000000000000,4.4000000000000000,4.3333333333333333,4.2000000000000000,3.6666666666666667,4.2500000000000000,3.8000000000000000,Futuristic,,
EMP101575,Tania Halim Halim,2.6000000000000000,32,V,S1,3,2,null,24,25,null,ISTJ,null,4,1.0,6.0,6.0,7.0,8.0,5.0,4.0,5.0,8.0,5.0,6.0,null,1.0,6.0,2.0,4.0,null,9.0,3.0,2.0,2.5000000000000000,2.4000000000000000,2.2000000000000000,3.0000000000000000,2.5000000000000000,2.8000000000000000,2.4000000000000000,2.2000000000000000,2.6000000000000000,2.8000000000000000,Positivity,,Futuristic
EMP101576,Putri Rachman Ginting,3.8000000000000000,46,IV,S2,2,4,139.0,74,57,null,INFP,28.0,2,4.0,3.0,2.0,9.0,9.0,7.0,1.0,3.0,8.0,7.0,1.0,7.0,7.0,7.0,8.0,7.0,2.0,1.0,6.0,5.0,3.8000000000000000,3.7500000000000000,3.6000000000000000,3.8000000000000000,4.0000000000000000,3.4000000000000000,3.8000000000000000,4.0000000000000000,3.4000000000000000,3.6000000000000000,Discipline,Adaptability,Achiever
EMP101577,Rifqi Ganesha Kusuma,3.2000000000000000,61,III,D3,1,5,null,92,43,ID,ISTJ,null,2,2.0,6.0,3.0,4.0,5.0,3.0,2.0,2.0,5.0,null,3.0,8.0,1.0,2.0,8.0,9.0,1.0,6.0,8.0,7.0,3.4000000000000000,3.0000000000000000,3.0000000000000000,3.2500000000000000,3.5000000000000000,3.2500000000000000,3.0000000000000000,3.4000000000000000,3.2000000000000000,3.0000000000000000,Deliberative,,Ideation
EMP101578,Adit Rahmawati,3.6000000000000000,48,V,D3,3,3,139.0,89,20,CD,ENTP,35.0,6,6.0,4.0,5.0,4.0,7.0,8.0,1.0,null,7.0,5.0,1.0,9.0,null,null,4.0,8.0,4.0,2.0,6.0,4.0,3.4000000000000000,3.6000000000000000,3.8000000000000000,3.6000000000000000,3.2000000000000000,3.6000000000000000,3.6000000000000000,3.0000000000000000,3.0000000000000000,3.2000000000000000,Arranger,Strategic,Competition
EMP101579,Evi Lukman,4.0000000000000000,41,III,SMA,1,3,null,54,87,CI,INFP,null,6,9.0,7.0,8.0,null,8.0,5.0,5.0,4.0,4.0,8.0,1.0,9.0,null,3.0,5.0,5.0,6.0,7.0,null,4.0,4.0000000000000000,4.2000000000000000,4.4000000000000000,4.0000000000000000,4.0000000000000000,4.2000000000000000,3.7500000000000000,4.0000000000000000,4.2000000000000000,3.7500000000000000,,Futuristic,Self-Assurance
EMP101580,Wulan Iqbal Firmansyah,3.5000000000000000,20,V,S2,3,3,null,21,94,SI,ESTJ,null,1,9.0,7.0,8.0,null,4.0,null,8.0,3.0,7.0,1.0,null,1.0,3.0,9.0,4.0,1.0,9.0,2.0,5.0,8.0,3.2500000000000000,3.5000000000000000,3.5000000000000000,3.7500000000000000,2.6666666666666667,3.5000000000000000,4.0000000000000000,3.5000000000000000,3.2500000000000000,4.0000000000000000,Command,Maximizer,Positivity
EMP101581,Fitri Handayani,3.0000000000000000,69,IV,SMA,2,1,84.0,55,36,IS,ESFJ,29.0,7,5.0,2.0,5.0,1.0,2.0,6.0,5.0,4.0,3.0,5.0,null,null,2.0,3.0,3.0,7.0,8.0,6.0,3.0,4.0,2.6000000000000000,3.2500000000000000,2.8000000000000000,2.6000000000000000,3.2000000000000000,3.0000000000000000,3.0000000000000000,3.0000000000000000,3.4000000000000000,3.2000000000000000,Communication,Discipline,Developer
EMP101582,Kartika Nabila Wibowo,2.6666666666666667,65,V,D3,3,5,116.0,47,86,DI,ISTP,23.0,7,2.0,3.0,8.0,null,4.0,3.0,3.0,9.0,8.0,8.0,3.0,null,4.0,9.0,null,8.0,7.0,4.0,5.0,6.0,2.6000000000000000,2.2500000000000000,2.6000000000000000,2.7500000000000000,2.4000000000000000,3.0000000000000000,3.0000000000000000,2.8000000000000000,2.2500000000000000,3.0000000000000000,Restorative,Intellection,Command
EMP101583,Rani Salsabila,4.0000000000000000,20,IV,SMA,2,5,125.0,49,63,DC,ISTP,39.0,5,2.0,1.0,8.0,3.0,6.0,9.0,2.0,2.0,9.0,3.0,3.0,3.0,6.0,1.0,7.0,2.0,5.0,9.0,4.0,7.0,3.6666666666666667,28.0000000000000000,3.3333333333333333,3.7500000000000000,4.5000000000000000,4.2500000000000000,4.5000000000000000,3.5000000000000000,3.3333333333333333,3.5000000000000000,Competition,Learner,Context
EMP101584,Dimas Saputra,3.7500000000000000,42,III,D3,1,2,81.0,31,21,SD,ISTJ,29.0,1,2.0,5.0,8.0,7.0,6.0,4.0,1.0,6.0,3.0,null,9.0,8.0,1.0,9.0,8.0,8.0,5.0,1.0,7.0,9.0,4.0000000000000000,4.0000000000000000,3.7500000000000000,3.8000000000000000,4.0000000000000000,3.8000000000000000,4.0000000000000000,3.8000000000000000,3.6000000000000000,4.0000000000000000,Ideation,Intellection,Maximizer
EMP101585,Yoga Hasibuan,2.6666666666666667,55,III,S1,1,2,98.0,84,84,IC,ESTJ,22.0,10,9.0,1.0,2.0,7.0,9.0,6.0,7.0,1.0,8.0,7.0,9.0,2.0,1.0,8.0,2.0,2.0,6.0,3.0,null,1.0,2.5000000000000000,1.6666666666666667,2.2000000000000000,2.2000000000000000,2.0000000000000000,2.4000000000000000,2.4000000000000000,2.0000000000000000,1.8000000000000000,2.5000000000000000,Communication,,Empathy
EMP101586,Kurnia Yulianto,2.8000000000000000,24,V,S2,3,4,128.0,87,29,CS,ISTP,20.0,5,5.0,9.0,5.0,3.0,7.0,7.0,3.0,6.0,1.0,1.0,9.0,6.0,1.0,9.0,7.0,1.0,6.0,1.0,null,1.0,2.6000000000000000,3.0000000000000000,2.6000000000000000,2.2500000000000000,2.6000000000000000,3.4000000000000000,3.2000000000000000,3.0000000000000000,2.6666666666666667,2.8000000000000000,Ideation,Connectedness,Adaptability
EMP101587,Rizki Dharma Lukman,3.8000000000000000,88,IV,S1,2,3,138.0,34,81,CI,INTJ,25.0,6,9.0,2.0,3.0,2.0,2.0,2.0,3.0,5.0,4.0,1.0,8.0,7.0,1.0,2.0,4.0,9.0,5.0,1.0,6.0,5.0,3.8000000000000000,4.0000000000000000,3.2000000000000000,3.6000000000000000,3.7500000000000000,3.4000000000000000,3.7500000000000000,3.7500000000000000,3.6666666666666667,3.8000000000000000,Relator,,Positivity
EMP101588,Joko Jatmiko Handayani,3.0000000000000000,108,III,S1,1,5,128.0,81,36,CI,ENTJ,26.0,10,7.0,null,null,4.0,4.0,4.0,8.0,5.0,1.0,4.0,9.0,5.0,null,7.0,4.0,7.0,null,8.0,4.0,7.0,2.8000000000000000,3.0000000000000000,3.2000000000000000,3.0000000000000000,3.0000000000000000,3.0000000000000000,3.2000000000000000,3.0000000000000000,3.0000000000000000,3.2500000000000000,Empathy,Intellection,Ideation
EMP101589,Joko Adi Utami,2.8000000000000000,99,IV,S2,2,6,121.0,84,86,null,ISTJ,29.0,9,null,6.0,4.0,9.0,8.0,2.0,8.0,7.0,2.0,3.0,8.0,7.0,4.0,1.0,null,null,3.0,7.0,4.0,null,3.0000000000000000,2.6000000000000000,2.6000000000000000,2.6000000000000000,2.4000000000000000,3.2000000000000000,2.6000000000000000,3.0000000000000000,1.6666666666666667,2.4000000000000000,Includer,Command,Positivity
EMP101590,Citra Nugroho,3.2000000000000000,52,III,SMA,1,1,105.0,87,25,CD,ENFJ,38.0,7,3.0,1.0,2.0,1.0,6.0,4.0,2.0,5.0,null,6.0,3.0,7.0,7.0,null,null,1.0,3.0,6.0,2.0,2.0,3.4000000000000000,3.4000000000000000,3.2500000000000000,3.0000000000000000,2.7500000000000000,3.0000000000000000,3.2500000000000000,2.8000000000000000,3.0000000000000000,3.2000000000000000,Connectedness,Discipline,Self-Assurance
EMP101591,Andi Situmorang,3.4000000000000000,71,III,S2,1,2,117.0,60,85,null,ENFP,32.0,3,2.0,7.0,4.0,1.0,1.0,6.0,4.0,8.0,6.0,null,8.0,9.0,3.0,1.0,7.0,null,7.0,4.0,7.0,8.0,3.7500000000000000,3.6000000000000000,3.4000000000000000,3.5000000000000000,3.4000000000000000,3.7500000000000000,3.4000000000000000,3.8000000000000000,2.7500000000000000,3.4000000000000000,Belief,Consistency,Restorative
EMP101592,Luthfi Syahputra,3.0000000000000000,34,IV,SMA,2,1,null,31,79,SD,INTP,null,9,9.0,4.0,null,5.0,8.0,8.0,6.0,7.0,null,2.0,6.0,2.0,3.0,8.0,5.0,1.0,6.0,null,2.0,9.0,2.8000000000000000,2.4000000000000000,2.7500000000000000,2.5000000000000000,2.5000000000000000,3.0000000000000000,2.5000000000000000,3.2000000000000000,3.4000000000000000,3.2500000000000000,Achiever,,Deliberative
EMP101593,Citra Subekti,2.0000000000000000,45,V,D3,3,1,null,24,72,SC,ESFP,26.0,8,1.0,7.0,7.0,null,9.0,7.0,6.0,2.0,1.0,6.0,3.0,1.0,6.0,4.0,7.0,4.0,9.0,9.0,6.0,1.0,1.8000000000000000,2.2500000000000000,2.4000000000000000,2.2000000000000000,1.7500000000000000,2.0000000000000000,2.2000000000000000,2.2000000000000000,2.0000000000000000,2.2000000000000000,Deliberative,Adaptability,Individualization
EMP101594,Nugroho Rachman Pratomo,4.0000000000000000,61,IV,D3,2,6,null,90,95,IC,ENFP,null,5,9.0,8.0,7.0,4.0,3.0,2.0,1.0,3.0,5.0,1.0,6.0,7.0,6.0,7.0,6.0,3.0,1.0,8.0,8.0,6.0,5.0000000000000000,3.8000000000000000,3.6000000000000000,4.2500000000000000,3.8000000000000000,4.0000000000000000,3.8000000000000000,3.8000000000000000,4.0000000000000000,4.2000000000000000,Harmony,Futuristic,Command
EMP101595,Yoga Erlangga Pratomo,3.4000000000000000,41,III,SMA,1,4,89.0,33,72,CS,ESFP,27.0,3,6.0,7.0,3.0,null,1.0,7.0,9.0,9.0,3.0,8.0,4.0,8.0,8.0,3.0,2.0,7.0,8.0,null,9.0,7.0,3.2000000000000000,3.2500000000000000,3.6000000000000000,3.0000000000000000,3.6000000000000000,3.5000000000000000,3.2000000000000000,3.0000000000000000,3.2000000000000000,3.6000000000000000,Competition,Positivity,Maximizer
EMP101596,Dimas Dharma Subekti,3.8000000000000000,50,V,D3,3,3,112.0,61,74,SD,ISFP,24.0,10,2.0,8.0,7.0,6.0,5.0,1.0,8.0,1.0,7.0,null,null,2.0,4.0,7.0,7.0,5.0,null,8.0,5.0,7.0,3.8000000000000000,4.0000000000000000,4.0000000000000000,4.0000000000000000,3.6666666666666667,3.6000000000000000,4.2500000000000000,3.7500000000000000,3.8000000000000000,3.7500000000000000,Responsibility,Empathy,Significance
EMP101597,Wahyu Hartanto,2.5000000000000000,52,V,SMA,3,5,137.0,93,83,SD,ISFJ,38.0,4,5.0,6.0,5.0,null,1.0,7.0,null,4.0,4.0,3.0,9.0,8.0,2.0,2.0,5.0,9.0,1.0,4.0,7.0,9.0,2.0000000000000000,2.2500000000000000,2.6000000000000000,2.4000000000000000,2.8000000000000000,3.0000000000000000,2.6000000000000000,2.4000000000000000,2.5000000000000000,2.6000000000000000,Significance,Arranger,Includer
EMP101598,Citra Halim,3.0000000000000000,18,III,S2,1,2,null,26,37,CS,INTP,null,5,null,6.0,3.0,4.0,3.0,3.0,1.0,2.0,6.0,null,8.0,null,1.0,6.0,6.0,4.0,8.0,3.0,2.0,5.0,4.0000000000000000,4.3333333333333333,3.2500000000000000,2.6666666666666667,3.3333333333333333,3.0000000000000000,3.5000000000000000,3.6666666666666667,3.5000000000000000,3.0000000000000000,Communication,Futuristic,Achiever
EMP101599,Fitri Aji Permadi,2.7500000000000000,64,V,D3,3,1,120.0,67,44,CS,ESFJ,24.0,2,1.0,6.0,6.0,2.0,8.0,9.0,9.0,5.0,null,2.0,6.0,2.0,1.0,1.0,8.0,2.0,7.0,2.0,1.0,4.0,3.0000000000000000,2.2000000000000000,2.6000000000000000,2.4000000000000000,1.00000000000000000000,2.8000000000000000,3.0000000000000000,2.2000000000000000,3.0000000000000000,2.4000000000000000,,Futuristic,Connectedness
EMP101600,Ari Qolbi Simanjuntak,3.0000000000000000,54,V,SMA,3,6,106.0,81,80,SC,ISFJ,20.0,6,4.0,5.0,5.0,9.0,7.0,9.0,5.0,9.0,null,8.0,2.0,4.0,6.0,7.0,2.0,1.0,2.0,null,3.0,7.0,3.4000000000000000,3.0000000000000000,2.2500000000000000,2.8000000000000000,2.6000000000000000,3.0000000000000000,3.6000000000000000,2.2500000000000000,3.4000000000000000,2.6000000000000000,Self-Assurance,Includer,Woo
EMP101601,Ayunda Pratama,3.0000000000000000,33,V,D3,3,2,86.0,39,45,CI,ENFJ,33.0,10,7.0,null,3.0,1.0,2.0,4.0,1.0,null,2.0,4.0,5.0,2.0,4.0,null,7.0,5.0,2.0,8.0,null,6.0,3.2000000000000000,3.5000000000000000,2.6000000000000000,2.8000000000000000,2.8000000000000000,2.8000000000000000,3.0000000000000000,3.6000000000000000,3.0000000000000000,3.2000000000000000,Competition,Responsibility,Context
EMP101602,Zaki Erlangga Hartanto,3.3333333333333333,43,III,SMA,1,4,83.0,66,57,null,ENFP,38.0,6,1.0,7.0,6.0,8.0,9.0,8.0,9.0,3.0,6.0,3.0,9.0,3.0,1.0,8.0,6.0,3.0,null,6.0,5.0,2.0,2.0000000000000000,2.0000000000000000,2.4000000000000000,1.5000000000000000,2.3333333333333333,2.4000000000000000,2.0000000000000000,2.2500000000000000,2.2000000000000000,2.2000000000000000,Learner,Strategic,
EMP101603,Andi Jatmiko Hidayat,3.2000000000000000,61,V,S2,3,3,88.0,61,63,SD,ENFP,22.0,6,null,2.0,8.0,4.0,null,null,6.0,null,9.0,4.0,5.0,4.0,6.0,9.0,8.0,6.0,6.0,2.0,4.0,null,3.4000000000000000,3.0000000000000000,3.4000000000000000,3.4000000000000000,3.0000000000000000,2.6666666666666667,3.7500000000000000,3.2000000000000000,2.8000000000000000,3.7500000000000000,Achiever,Intellection,Deliberative
EMP101604,Anisa Anugrah Santoso,2.8000000000000000,43,III,D3,1,5,117.0,39,64,SI,INFP,37.0,7,6.0,6.0,1.0,2.0,2.0,6.0,8.0,9.0,1.0,2.0,7.0,1.0,4.0,1.0,8.0,null,null,1.0,2.0,9.0,2.7500000000000000,2.6000000000000000,2.4000000000000000,3.8000000000000000,3.2000000000000000,2.2000000000000000,3.0000000000000000,3.0000000000000000,3.0000000000000000,3.5000000000000000,Developer,Deliberative,
EMP101605,Ahmad Nabila Wijaya,4.4000000000000000,57,V,S1,3,2,117.0,90,21,DS,ESFJ,28.0,4,4.0,4.0,null,5.0,2.0,6.0,1.0,4.0,9.0,8.0,null,1.0,6.0,7.0,8.0,1.0,7.0,2.0,6.0,7.0,3.2000000000000000,2.7500000000000000,2.8000000000000000,3.4000000000000000,3.7500000000000000,2.8000000000000000,3.0000000000000000,3.2000000000000000,2.8000000000000000,3.2500000000000000,Analytical,Activator,Responsibility
EMP101606,Nugroho Siregar,3.0000000000000000,18,III,D3,1,3,127.0,88,46,CD,ENFJ,22.0,9,9.0,6.0,4.0,7.0,2.0,3.0,7.0,1.0,9.0,3.0,7.0,7.0,null,8.0,2.0,4.0,1.0,4.0,9.0,6.0,2.7500000000000000,2.7500000000000000,3.2500000000000000,2.7500000000000000,3.0000000000000000,2.3333333333333333,3.2500000000000000,3.7500000000000000,3.5000000000000000,3.5000000000000000,Analytical,Futuristic,Communication
EMP101607,Rama Indrawan,2.7500000000000000,74,III,S1,1,2,122.0,86,92,CD,ESTJ,25.0,2,null,6.0,8.0,9.0,6.0,7.0,6.0,3.0,null,1.0,6.0,1.0,6.0,8.0,3.0,7.0,5.0,2.0,null,8.0,2.6000000000000000,2.8000000000000000,2.8000000000000000,2.8000000000000000,2.2500000000000000,2.8000000000000000,2.8000000000000000,2.7500000000000000,2.2500000000000000,2.6000000000000000,Adaptability,Discipline,Restorative
EMP101608,Budi Iqbal Pamungkas,2.7500000000000000,75,III,SMA,1,3,117.0,67,42,CD,ISFJ,37.0,10,7.0,4.0,null,2.0,9.0,5.0,1.0,5.0,1.0,null,8.0,4.0,2.0,2.0,9.0,6.0,6.0,7.0,null,1.0,2.2000000000000000,2.7500000000000000,2.6000000000000000,2.4000000000000000,2.8000000000000000,2.7500000000000000,2.8000000000000000,3.0000000000000000,2.2000000000000000,3.0000000000000000,Developer,Maximizer,Adaptability
EMP101609,Zahra Erlangga Siregar,4.4000000000000000,68,III,S2,1,2,85.0,53,87,SD,ISFJ,19.0,6,3.0,2.0,4.0,6.0,5.0,3.0,6.0,1.0,6.0,9.0,9.0,2.0,5.0,8.0,2.0,6.0,1.0,3.0,7.0,7.0,3.4000000000000000,3.0000000000000000,3.0000000000000000,3.4000000000000000,3.4000000000000000,3.4000000000000000,2.7500000000000000,3.2500000000000000,3.2000000000000000,3.2000000000000000,Relator,Analytical,Futuristic
EMP101610,Kartika Hasibuan,3.0000000000000000,20,V,S1,3,6,94.0,34,76,null,ISTJ,28.0,3,null,8.0,9.0,5.0,null,6.0,6.0,1.0,2.0,2.0,9.0,3.0,7.0,6.0,8.0,9.0,9.0,4.0,6.0,9.0,3.3333333333333333,3.0000000000000000,3.5000000000000000,3.0000000000000000,3.5000000000000000,3.0000000000000000,3.0000000000000000,3.6666666666666667,3.0000000000000000,2.7500000000000000,Command,Maximizer,Achiever
EMP101611,Arif Setiawan,3.2500000000000000,96,V,S1,3,2,122.0,57,76,CI,ENTJ,25.0,5,7.0,null,4.0,7.0,2.0,2.0,2.0,1.0,5.0,7.0,6.0,5.0,5.0,4.0,null,8.0,9.0,3.0,7.0,2.0,3.6000000000000000,3.6000000000000000,4.0000000000000000,3.6000000000000000,3.7500000000000000,3.6000000000000000,2.6666666666666667,3.6000000000000000,3.0000000000000000,3.6000000000000000,Discipline,Analytical,Developer
EMP101612,Tania Situmorang,2.6000000000000000,37,V,SMA,3,6,126.0,83,78,DI,ENTJ,27.0,3,3.0,9.0,4.0,5.0,9.0,6.0,4.0,6.0,3.0,8.0,1.0,2.0,3.0,7.0,4.0,9.0,6.0,null,4.0,2.0,2.2000000000000000,3.0000000000000000,2.8000000000000000,3.3333333333333333,2.4000000000000000,2.2000000000000000,2.6000000000000000,2.2500000000000000,2.0000000000000000,2.3333333333333333,Maximizer,Intellection,Learner
EMP101613,Mahendra Saputra,4.4000000000000000,68,III,S1,1,4,116.0,92,41,DS,INFP,26.0,2,5.0,3.0,1.0,5.0,8.0,8.0,1.0,1.0,3.0,8.0,6.0,6.0,5.0,4.0,3.0,6.0,6.0,2.0,1.0,3.0,2.5000000000000000,3.8000000000000000,3.6000000000000000,3.4000000000000000,3.0000000000000000,4.6666666666666667,3.5000000000000000,3.6000000000000000,3.2000000000000000,3.2500000000000000,Learner,,Woo
EMP101614,Rendra Rohman,2.8000000000000000,57,V,S2,3,2,null,96,33,IS,ISTP,null,7,3.0,2.0,5.0,7.0,2.0,8.0,6.0,1.0,5.0,null,4.0,7.0,9.0,9.0,2.0,1.0,1.0,9.0,6.0,3.0,2.6000000000000000,2.8000000000000000,2.0000000000000000,2.6000000000000000,3.4000000000000000,2.8000000000000000,2.6000000000000000,3.0000000000000000,3.0000000000000000,2.8000000000000000,Achiever,Individualization,Includer
EMP101615,Gita Pamungkas,3.0000000000000000,23,III,SMA,1,3,null,80,62,SD,INTP,39.0,4,7.0,6.0,2.0,9.0,1.0,3.0,2.0,null,1.0,3.0,6.0,1.0,4.0,3.0,2.0,2.0,8.0,8.0,5.0,3.0,2.7500000000000000,3.2500000000000000,3.0000000000000000,3.0000000000000000,3.2500000000000000,2.7500000000000000,2.7500000000000000,2.6666666666666667,2.7500000000000000,3.2500000000000000,Learner,Includer,Deliberative
EMP101616,Zaki Lestari,3.6000000000000000,97,III,S2,1,1,101.0,45,73,DS,null,25.0,7,2.0,6.0,9.0,null,1.0,4.0,null,3.0,8.0,6.0,9.0,5.0,3.0,5.0,1.0,null,3.0,2.0,6.0,3.0,3.6000000000000000,4.0000000000000000,3.6000000000000000,3.6000000000000000,4.0000000000000000,3.6000000000000000,3.6000000000000000,4.2500000000000000,3.5000000000000000,3.6000000000000000,Activator,Arranger,Significance
EMP101617,Satya Dharma Sinaga,3.2000000000000000,43,III,D3,1,4,null,66,99,CI,ISTJ,null,1,4.0,4.0,7.0,2.0,6.0,5.0,5.0,1.0,9.0,3.0,4.0,null,9.0,null,3.0,9.0,1.0,6.0,null,null,3.0000000000000000,3.5000000000000000,3.2000000000000000,3.5000000000000000,3.0000000000000000,3.2000000000000000,3.0000000000000000,3.0000000000000000,3.2500000000000000,2.8000000000000000,Activator,Responsibility,Discipline
EMP101618,Julia Wijaya Santoso,3.6000000000000000,88,III,S1,1,5,131.0,54,31,IC,INTP,27.0,4,2.0,7.0,6.0,9.0,4.0,9.0,9.0,9.0,6.0,2.0,5.0,8.0,5.0,2.0,4.0,null,5.0,null,6.0,null,3.4000000000000000,3.5000000000000000,4.0000000000000000,3.5000000000000000,4.0000000000000000,3.4000000000000000,3.8000000000000000,3.0000000000000000,3.8000000000000000,3.6666666666666667,Intellection,Self-Assurance,Strategic
EMP101619,Fitri Jatmiko Siregar,4.0000000000000000,4,III,SMA,1,5,84.0,89,89,CS,ENTP,34.0,8,9.0,5.0,null,5.0,8.0,7.0,8.0,1.0,7.0,6.0,7.0,5.0,4.0,7.0,3.0,8.0,null,null,2.0,3.0,3.0000000000000000,27.0000000000000000,3.7500000000000000,3.0000000000000000,3.0000000000000000,4.3333333333333333,3.3333333333333333,4.0000000000000000,3.0000000000000000,3.7500000000000000,Activator,Empathy,Ideation
EMP101620,Galih Salsabila,3.2500000000000000,61,III,D3,1,1,106.0,63,64,SD,ESTJ,30.0,9,6.0,1.0,null,7.0,3.0,7.0,2.0,7.0,6.0,3.0,5.0,6.0,9.0,2.0,2.0,6.0,2.0,2.0,8.0,6.0,2.6000000000000000,3.2000000000000000,3.2500000000000000,2.6000000000000000,2.5000000000000000,3.0000000000000000,3.5000000000000000,2.8000000000000000,2.2500000000000000,2.4000000000000000,Developer,Individualization,Positivity
EMP101621,Citra Lukman,3.0000000000000000,45,IV,S2,2,1,92.0,54,83,CI,ENFP,24.0,6,6.0,5.0,8.0,3.0,1.0,2.0,6.0,8.0,2.0,3.0,9.0,3.0,4.0,8.0,9.0,8.0,2.0,1.0,4.0,5.0,2.8000000000000000,2.6000000000000000,2.8000000000000000,3.2000000000000000,2.4000000000000000,2.8000000000000000,3.6000000000000000,2.8000000000000000,3.0000000000000000,3.2000000000000000,Competition,Strategic,Maximizer
EMP101622,Joko Lestari Nugroho,3.3333333333333333,60,V,SMA,3,5,83.0,32,74,IC,ISTJ,29.0,9,7.0,4.0,null,7.0,8.0,3.0,5.0,2.0,6.0,2.0,5.0,2.0,2.0,8.0,7.0,6.0,5.0,null,4.0,8.0,3.2000000000000000,3.5000000000000000,3.8000000000000000,3.6000000000000000,3.0000000000000000,3.4000000000000000,4.2500000000000000,3.6000000000000000,3.6000000000000000,3.0000000000000000,,Positivity,Achiever
EMP101623,Mahendra Baskara Handayani,3.5000000000000000,24,V,S1,3,5,99.0,95,51,CD,ISTP,26.0,9,6.0,3.0,4.0,null,4.0,7.0,5.0,4.0,3.0,6.0,null,3.0,null,7.0,5.0,2.0,8.0,8.0,3.0,9.0,3.7500000000000000,3.8000000000000000,3.6666666666666667,4.0000000000000000,3.4000000000000000,3.5000000000000000,3.7500000000000000,3.2500000000000000,3.2000000000000000,3.2000000000000000,Command,Developer,Achiever
EMP101624,Yoga Fauziah,3.2000000000000000,48,IV,S1,2,4,124.0,76,58,DS,ENFP,31.0,8,5.0,7.0,2.0,6.0,9.0,7.0,3.0,4.0,9.0,5.0,6.0,1.0,7.0,4.0,9.0,7.0,9.0,8.0,4.0,8.0,3.6000000000000000,3.0000000000000000,3.0000000000000000,3.4000000000000000,3.2000000000000000,3.2000000000000000,3.2000000000000000,3.2000000000000000,3.6000000000000000,3.0000000000000000,Arranger,Achiever,
EMP101625,Rama Siregar,2.4000000000000000,28,IV,SMA,2,6,139.0,81,89,DS,INFP,35.0,4,4.0,6.0,4.0,2.0,4.0,5.0,6.0,null,3.0,2.0,2.0,3.0,2.0,9.0,3.0,8.0,8.0,null,9.0,1.0,2.5000000000000000,2.4000000000000000,2.0000000000000000,2.6000000000000000,2.0000000000000000,2.8000000000000000,3.2000000000000000,2.4000000000000000,3.0000000000000000,3.0000000000000000,Command,Responsibility,Consistency
EMP101626,Ahmad Purnama,2.4000000000000000,55,V,D3,3,2,118.0,88,88,SC,INFJ,27.0,2,9.0,8.0,5.0,null,7.0,8.0,8.0,null,6.0,1.0,4.0,2.0,7.0,5.0,7.0,2.0,2.0,null,3.0,null,2.4000000000000000,2.0000000000000000,2.2000000000000000,2.4000000000000000,2.4000000000000000,2.2000000000000000,2.2000000000000000,2.4000000000000000,2.7500000000000000,2.6000000000000000,Input,Belief,Developer
EMP101627,Zahra Ramadhan,4.0000000000000000,84,V,D3,3,1,null,88,78,DC,null,27.0,2,3.0,6.0,9.0,2.0,9.0,6.0,4.0,1.0,6.0,7.0,6.0,8.0,null,9.0,1.0,6.0,null,4.0,9.0,7.0,3.8000000000000000,3.8000000000000000,3.8000000000000000,4.0000000000000000,4.4000000000000000,3.5000000000000000,4.2000000000000000,3.8000000000000000,4.2000000000000000,3.6000000000000000,Context,Woo,Command
EMP101628,Arif Lestari Hartanto,3.8000000000000000,74,III,S1,1,4,82.0,70,97,DI,ENFP,28.0,7,5.0,9.0,9.0,4.0,2.0,1.0,3.0,2.0,1.0,9.0,6.0,4.0,7.0,1.0,null,null,2.0,3.0,1.0,8.0,4.0000000000000000,3.4000000000000000,3.2500000000000000,3.5000000000000000,3.5000000000000000,3.6000000000000000,3.8000000000000000,3.4000000000000000,3.6000000000000000,4.0000000000000000,Focus,Maximizer,
EMP101629,Wulan Indrawan,3.0000000000000000,37,V,SMA,3,2,85.0,79,69,CS,ISTJ,23.0,9,5.0,2.0,5.0,4.0,null,2.0,3.0,2.0,3.0,4.0,7.0,1.0,null,8.0,7.0,3.0,3.0,9.0,9.0,6.0,3.2500000000000000,3.0000000000000000,3.6000000000000000,3.0000000000000000,3.2500000000000000,3.4000000000000000,3.2000000000000000,2.4000000000000000,3.0000000000000000,2.8000000000000000,Command,Responsibility,
EMP101630,Rendra Firmansyah,3.5000000000000000,34,IV,S1,2,3,86.0,36,95,CD,ESTP,22.0,8,5.0,2.0,7.0,2.0,4.0,5.0,6.0,4.0,4.0,null,5.0,7.0,8.0,6.0,1.0,1.0,6.0,3.0,5.0,2.0,3.0000000000000000,4.0000000000000000,3.7500000000000000,3.5000000000000000,3.5000000000000000,3.4000000000000000,3.4000000000000000,3.3333333333333333,3.4000000000000000,3.5000000000000000,Includer,Context,Consistency
EMP101631,Ari Halim Suharto,2.6666666666666667,73,V,SMA,3,5,123.0,76,88,SC,ENFJ,27.0,1,4.0,8.0,7.0,9.0,7.0,3.0,6.0,9.0,6.0,7.0,2.0,6.0,null,6.0,2.0,4.0,4.0,3.0,8.0,9.0,2.0000000000000000,2.6000000000000000,3.0000000000000000,2.6000000000000000,3.4000000000000000,2.3333333333333333,3.2000000000000000,2.3333333333333333,3.4000000000000000,2.4000000000000000,Discipline,Arranger,Communication
EMP101632,Putri Ginting,3.6000000000000000,74,V,S2,3,6,113.0,45,83,IC,ISFJ,22.0,2,6.0,1.0,6.0,9.0,3.0,1.0,6.0,3.0,7.0,1.0,7.0,2.0,4.0,6.0,2.0,5.0,8.0,6.0,3.0,7.0,4.0000000000000000,3.2000000000000000,3.2000000000000000,3.6000000000000000,3.5000000000000000,3.4000000000000000,3.6000000000000000,3.0000000000000000,3.4000000000000000,3.4000000000000000,Futuristic,Belief,Positivity
EMP101633,Intan Saputra Rohman,3.4000000000000000,27,V,S2,3,4,95.0,62,67,CS,INTJ,33.0,7,2.0,7.0,8.0,8.0,8.0,9.0,null,7.0,2.0,5.0,4.0,8.0,8.0,6.0,9.0,4.0,7.0,7.0,6.0,8.0,3.7500000000000000,3.6000000000000000,3.4000000000000000,3.7500000000000000,3.0000000000000000,2.7500000000000000,3.0000000000000000,3.8000000000000000,3.6000000000000000,3.3333333333333333,Connectedness,,Discipline
EMP101634,Maya Hartanto,2.6000000000000000,53,IV,S2,2,1,null,45,54,CD,ENTJ,null,4,1.0,5.0,7.0,3.0,null,2.0,6.0,7.0,9.0,2.0,9.0,3.0,6.0,7.0,8.0,7.0,7.0,7.0,3.0,7.0,2.0000000000000000,2.8000000000000000,3.0000000000000000,3.2500000000000000,2.3333333333333333,3.0000000000000000,2.6000000000000000,2.4000000000000000,2.0000000000000000,3.0000000000000000,Includer,Communication,Input
EMP101635,Rama Erlangga Ginting,3.3333333333333333,64,III,D3,1,5,80.0,60,82,SC,INFP,25.0,7,4.0,5.0,3.0,9.0,6.0,7.0,6.0,7.0,1.0,6.0,7.0,1.0,1.0,8.0,4.0,9.0,8.0,1.0,5.0,7.0,3.2500000000000000,3.0000000000000000,3.2000000000000000,3.2500000000000000,3.4000000000000000,3.0000000000000000,3.2000000000000000,3.6000000000000000,3.4000000000000000,3.2000000000000000,Harmony,Developer,Individualization
EMP101636,Rizka Aji Putra,3.6000000000000000,32,III,S1,1,2,81.0,81,91,null,ENTJ,19.0,7,7.0,null,1.0,1.0,7.0,4.0,7.0,7.0,3.0,3.0,5.0,null,4.0,2.0,9.0,9.0,7.0,4.0,1.0,4.0,3.8000000000000000,3.4000000000000000,3.7500000000000000,3.7500000000000000,3.4000000000000000,3.7500000000000000,3.4000000000000000,4.2500000000000000,3.4000000000000000,3.4000000000000000,Futuristic,Strategic,Adaptability
EMP101637,Joko Maulana,2.6000000000000000,54,III,D3,1,3,null,30,75,SI,ISTP,null,1,2.0,3.0,9.0,8.0,3.0,5.0,null,4.0,4.0,null,7.0,5.0,1.0,5.0,7.0,4.0,1.0,6.0,1.0,8.0,2.6666666666666667,2.4000000000000000,2.5000000000000000,2.3333333333333333,2.6000000000000000,3.0000000000000000,3.0000000000000000,2.6000000000000000,2.5000000000000000,2.4000000000000000,Achiever,Competition,Consistency
EMP101638,Prasetyo Rachman Halim,2.8000000000000000,48,V,SMA,3,5,82.0,39,64,SI,ESFP,21.0,5,4.0,3.0,null,4.0,9.0,9.0,null,3.0,1.0,6.0,7.0,1.0,5.0,1.0,1.0,2.0,6.0,4.0,3.0,8.0,3.0000000000000000,2.4000000000000000,2.5000000000000000,3.2500000000000000,2.7500000000000000,2.2500000000000000,3.0000000000000000,3.6000000000000000,2.6000000000000000,2.7500000000000000,Maximizer,Connectedness,Adaptability
EMP101639,Rani Dharma Sinaga,1.7500000000000000,65,V,D3,3,4,119.0,96,76,null,ESTP,21.0,4,null,1.0,8.0,4.0,4.0,6.0,8.0,2.0,7.0,1.0,3.0,8.0,9.0,8.0,1.0,7.0,3.0,8.0,7.0,8.0,2.4000000000000000,1.8000000000000000,2.2000000000000000,1.4000000000000000,2.4000000000000000,2.2500000000000000,2.2000000000000000,2.0000000000000000,1.8000000000000000,2.2000000000000000,,Strategic,Maximizer
EMP101640,Rendra Zulfikar,3.2500000000000000,54,IV,SMA,2,5,126.0,71,88,IC,INTP,29.0,8,7.0,5.0,7.0,3.0,5.0,4.0,9.0,2.0,8.0,2.0,4.0,2.0,6.0,9.0,8.0,7.0,3.0,5.0,8.0,9.0,3.7500000000000000,3.6000000000000000,3.4000000000000000,3.5000000000000000,3.6000000000000000,3.4000000000000000,3.6000000000000000,3.2000000000000000,3.0000000000000000,3.8000000000000000,Connectedness,Learner,Arranger
EMP101641,Wahyu Herlambang,2.8000000000000000,46,III,S2,1,6,null,59,32,CD,INTP,null,8,6.0,5.0,4.0,1.0,9.0,3.0,null,7.0,6.0,8.0,3.0,8.0,3.0,8.0,2.0,9.0,7.0,4.0,2.0,6.0,3.2500000000000000,2.2500000000000000,1.7500000000000000,2.4000000000000000,2.6000000000000000,3.0000000000000000,3.0000000000000000,3.0000000000000000,2.4000000000000000,3.0000000000000000,Competition,Belief,Woo
EMP101642,Rani Iqbal Tamba,4.2000000000000000,28,III,D3,1,4,86.0,47,81,SD,null,32.0,1,7.0,9.0,7.0,1.0,4.0,7.0,5.0,5.0,6.0,7.0,8.0,3.0,1.0,9.0,2.0,4.0,3.0,9.0,7.0,6.0,3.6000000000000000,3.7500000000000000,3.5000000000000000,3.5000000000000000,3.6000000000000000,3.8000000000000000,3.7500000000000000,4.0000000000000000,3.2000000000000000,4.0000000000000000,Includer,Ideation,Belief
EMP101643,Nurlita Santoso,3.0000000000000000,42,III,S1,1,6,null,34,91,DI,ISFJ,null,9,null,8.0,5.0,6.0,1.0,2.0,null,1.0,6.0,3.0,1.0,1.0,1.0,7.0,5.0,9.0,6.0,3.0,9.0,3.0,2.8000000000000000,3.8000000000000000,4.2500000000000000,3.5000000000000000,3.0000000000000000,3.2000000000000000,2.8000000000000000,3.0000000000000000,2.6000000000000000,2.6000000000000000,Consistency,Achiever,Communication
EMP101644,Hadi Purnama,3.4000000000000000,33,V,S1,3,2,107.0,73,31,CS,INFJ,25.0,1,3.0,9.0,2.0,1.0,9.0,5.0,7.0,1.0,5.0,6.0,2.0,1.0,6.0,6.0,7.0,7.0,4.0,4.0,null,2.0,3.4000000000000000,3.2000000000000000,3.0000000000000000,3.0000000000000000,3.2500000000000000,3.7500000000000000,3.4000000000000000,3.6666666666666667,3.0000000000000000,3.2500000000000000,Activator,Intellection,Harmony
EMP101645,Bella Tri Wibowo,3.4000000000000000,57,V,D3,3,3,90.0,63,51,CS,ESTJ,13.0,8,5.0,1.0,4.0,2.0,4.0,2.0,4.0,9.0,4.0,null,9.0,1.0,3.0,5.0,8.0,2.0,7.0,8.0,5.0,5.0,3.8000000000000000,3.5000000000000000,3.6000000000000000,3.2000000000000000,3.8000000000000000,3.2500000000000000,3.2000000000000000,3.6000000000000000,3.2000000000000000,3.6000000000000000,Maximizer,Includer,Competition
EMP101646,Rizki Utama Permadi,2.0000000000000000,53,V,S1,3,6,91.0,34,50,SD,ISTJ,24.0,2,null,6.0,3.0,1.0,7.0,1.0,7.0,5.0,8.0,3.0,2.0,5.0,8.0,8.0,2.0,null,9.0,8.0,2.0,6.0,2.2500000000000000,2.0000000000000000,1.7500000000000000,2.4000000000000000,21.6000000000000000,2.0000000000000000,1.8000000000000000,2.2500000000000000,2.2000000000000000,2.8000000000000000,Maximizer,Competition,Learner
EMP101647,Nugroho Erlangga Wijaya,2.2000000000000000,38,V,D3,3,1,120.0,66,89,SI,INTP,26.0,7,6.0,8.0,7.0,6.0,1.0,5.0,3.0,2.0,9.0,2.0,3.0,4.0,5.0,7.0,1.0,2.0,6.0,2.0,2.0,1.0,2.0000000000000000,2.6000000000000000,2.3333333333333333,2.2000000000000000,2.2500000000000000,2.6000000000000000,2.8000000000000000,2.0000000000000000,2.6666666666666667,2.0000000000000000,Context,Intellection,Includer
EMP101648,Wulan Nabila Pratama,4.0000000000000000,51,V,S2,3,4,117.0,42,28,DI,INFJ,14.0,4,8.0,7.0,9.0,3.0,9.0,1.0,5.0,5.0,1.0,8.0,4.0,1.0,3.0,6.0,9.0,1.0,8.0,7.0,null,4.0,4.0000000000000000,4.4000000000000000,3.8000000000000000,3.8000000000000000,4.2000000000000000,3.6000000000000000,4.0000000000000000,3.6000000000000000,4.0000000000000000,3.6000000000000000,Empathy,Developer,Futuristic
EMP101649,Eko Ginting,2.3333333333333333,42,V,SMA,3,2,null,85,99,null,INTP,null,2,5.0,9.0,5.0,3.0,6.0,5.0,8.0,3.0,4.0,5.0,1.0,8.0,1.0,3.0,9.0,6.0,6.0,4.0,9.0,6.0,3.0000000000000000,21.4000000000000000,2.5000000000000000,2.4000000000000000,3.0000000000000000,2.6000000000000000,2.2500000000000000,2.8000000000000000,2.2000000000000000,2.6000000000000000,Adaptability,Harmony,Analytical
EMP101650,Adit Wibowo,3.5000000000000000,51,IV,S1,2,2,null,20,27,DC,INFP,null,2,2.0,9.0,2.0,8.0,3.0,3.0,7.0,8.0,null,2.0,7.0,3.0,8.0,3.0,5.0,4.0,null,9.0,5.0,9.0,3.8000000000000000,3.7500000000000000,4.2500000000000000,3.6000000000000000,3.4000000000000000,4.2000000000000000,4.0000000000000000,3.2500000000000000,3.6000000000000000,4.0000000000000000,Achiever,,Consistency
EMP101651,Hana Siregar,2.7500000000000000,20,IV,S1,2,6,null,98,61,CD,INFP,null,2,5.0,2.0,2.0,2.0,null,9.0,2.0,4.0,4.0,9.0,6.0,5.0,8.0,null,4.0,4.0,1.0,5.0,6.0,6.0,2.0000000000000000,2.7500000000000000,3.2500000000000000,2.6666666666666667,2.2500000000000000,3.0000000000000000,2.0000000000000000,3.0000000000000000,3.3333333333333333,2.7500000000000000,Focus,Arranger,
EMP101652,Ayu Fauziah,3.4000000000000000,31,III,D3,1,1,114.0,65,33,DI,INFP,19.0,7,5.0,4.0,2.0,8.0,4.0,6.0,5.0,8.0,7.0,5.0,6.0,7.0,null,3.0,null,5.0,9.0,5.0,8.0,9.0,3.4000000000000000,3.2000000000000000,22.0000000000000000,3.6000000000000000,3.3333333333333333,2.6000000000000000,3.2000000000000000,4.0000000000000000,3.0000000000000000,3.2500000000000000,Communication,Significance,Discipline
EMP101653,Kurnia Lestari Mahendra,2.5000000000000000,11,IV,S1,2,2,null,43,57,DC,INFP,null,8,9.0,8.0,5.0,null,8.0,9.0,7.0,3.0,9.0,9.0,5.0,2.0,7.0,5.0,3.0,3.0,5.0,4.0,7.0,1.0,2.0000000000000000,2.5000000000000000,3.0000000000000000,2.0000000000000000,2.5000000000000000,2.3333333333333333,2.5000000000000000,2.7500000000000000,2.3333333333333333,2.5000000000000000,Activator,Developer,Input
EMP101654,Bayu Pramudita Nugroho,2.7500000000000000,34,V,S1,3,2,null,79,54,CI,ISTJ,40.0,3,9.0,5.0,1.0,8.0,2.0,7.0,2.0,5.0,3.0,8.0,1.0,7.0,1.0,5.0,5.0,null,4.0,1.0,2.0,6.0,3.0000000000000000,2.2500000000000000,3.0000000000000000,3.0000000000000000,3.0000000000000000,2.8000000000000000,2.8000000000000000,2.4000000000000000,3.2500000000000000,2.8000000000000000,Command,Belief,Harmony
EMP101655,Dimas Zulfikar,3.7500000000000000,29,IV,SMA,2,5,null,79,54,SI,ENFP,32.0,4,3.0,4.0,null,8.0,2.0,2.0,5.0,6.0,6.0,8.0,5.0,6.0,6.0,6.0,7.0,1.0,8.0,8.0,6.0,2.0,3.2000000000000000,3.2000000000000000,3.0000000000000000,3.4000000000000000,3.6000000000000000,3.2000000000000000,3.2000000000000000,3.5000000000000000,3.0000000000000000,3.0000000000000000,Learner,Analytical,Consistency
EMP101656,Vania Erlangga Ridwan,3.2000000000000000,63,V,SMA,3,5,106.0,99,92,IS,null,24.0,1,9.0,6.0,3.0,9.0,9.0,5.0,null,6.0,7.0,3.0,9.0,7.0,9.0,8.0,7.0,3.0,2.0,2.0,7.0,9.0,3.2000000000000000,3.2000000000000000,4.0000000000000000,3.4000000000000000,3.2000000000000000,3.4000000000000000,3.2000000000000000,3.0000000000000000,2.5000000000000000,3.2500000000000000,,Empathy,
EMP101657,Teguh Syahputra,2.7500000000000000,7,IV,D3,2,6,124.0,93,62,DC,null,20.0,3,3.0,6.0,null,null,9.0,8.0,9.0,6.0,2.0,8.0,null,8.0,6.0,null,4.0,7.0,6.0,4.0,1.0,5.0,2.5000000000000000,3.0000000000000000,2.7500000000000000,2.5000000000000000,3.0000000000000000,2.7500000000000000,2.5000000000000000,2.0000000000000000,2.7500000000000000,3.3333333333333333,Command,Significance,Responsibility
EMP101658,Yoga Halim Wijaya,3.0000000000000000,91,V,S1,3,6,null,95,70,CS,INFJ,null,3,8.0,6.0,4.0,5.0,2.0,4.0,7.0,1.0,7.0,7.0,3.0,null,3.0,4.0,9.0,4.0,1.0,4.0,2.0,8.0,3.0000000000000000,3.0000000000000000,2.8000000000000000,2.8000000000000000,3.2000000000000000,2.3333333333333333,3.0000000000000000,2.8000000000000000,2.2500000000000000,3.0000000000000000,Strategic,Deliberative,Arranger
EMP101659,Iman Putra,3.2000000000000000,84,IV,S1,2,6,82.0,57,74,IC,ISTP,17.0,1,9.0,3.0,null,4.0,6.0,2.0,3.0,1.0,5.0,5.0,2.0,3.0,6.0,7.0,null,6.0,4.0,null,2.0,6.0,3.0000000000000000,3.4000000000000000,3.4000000000000000,3.0000000000000000,3.0000000000000000,2.4000000000000000,3.0000000000000000,4.3333333333333333,3.7500000000000000,3.2500000000000000,Consistency,Adaptability,Ideation
EMP101660,Rizka Yulianto,3.0000000000000000,64,IV,S1,2,4,129.0,76,45,DC,INTJ,27.0,3,5.0,7.0,2.0,2.0,2.0,7.0,2.0,6.0,9.0,7.0,4.0,9.0,null,2.0,6.0,6.0,6.0,8.0,4.0,2.0,3.0000000000000000,2.8000000000000000,3.4000000000000000,3.0000000000000000,2.7500000000000000,3.0000000000000000,3.2000000000000000,2.6000000000000000,2.8000000000000000,3.0000000000000000,Analytical,Arranger,Input
EMP101661,Adit Yulianto,2.7500000000000000,20,V,S1,3,3,80.0,21,58,IS,ISTJ,26.0,7,4.0,5.0,5.0,7.0,1.0,null,8.0,5.0,null,2.0,3.0,6.0,7.0,6.0,8.0,null,1.0,3.0,5.0,3.0,3.5000000000000000,3.2500000000000000,4.2500000000000000,3.0000000000000000,3.5000000000000000,4.0000000000000000,3.2500000000000000,3.7500000000000000,3.0000000000000000,3.0000000000000000,Responsibility,Restorative,Activator
EMP101662,Oktavia Rachman Wibowo,2.6000000000000000,49,III,S1,1,6,124.0,58,28,CI,ESTJ,19.0,9,9.0,6.0,9.0,null,null,1.0,9.0,7.0,3.0,9.0,7.0,9.0,8.0,4.0,1.0,5.0,2.0,9.0,4.0,6.0,2.6000000000000000,2.6000000000000000,2.6000000000000000,2.2500000000000000,3.2500000000000000,2.6000000000000000,2.7500000000000000,2.8000000000000000,2.5000000000000000,2.4000000000000000,Relator,Restorative,Focus
EMP101663,Ahmad Lukman,3.2000000000000000,44,IV,S1,2,6,null,87,86,DS,ENTJ,null,8,7.0,4.0,2.0,3.0,2.0,null,7.0,7.0,7.0,3.0,null,4.0,6.0,3.0,4.0,8.0,6.0,6.0,2.0,6.0,3.0000000000000000,3.4000000000000000,3.0000000000000000,3.6666666666666667,3.5000000000000000,3.4000000000000000,3.2000000000000000,3.0000000000000000,3.0000000000000000,3.0000000000000000,Relator,Deliberative,Intellection
EMP101664,Oka Dharma Pamungkas,3.0000000000000000,54,IV,S1,2,6,91.0,54,25,CD,INFJ,32.0,1,9.0,null,5.0,1.0,4.0,2.0,6.0,3.0,5.0,8.0,9.0,5.0,8.0,9.0,null,2.0,2.0,2.0,4.0,3.0,3.0000000000000000,2.7500000000000000,3.0000000000000000,3.0000000000000000,2.7500000000000000,2.8000000000000000,3.0000000000000000,2.6666666666666667,2.8000000000000000,2.6000000000000000,Strategic,Discipline,Belief
EMP101665,Satya Salsabila,2.5000000000000000,48,III,D3,1,4,96.0,27,30,DI,INFP,23.0,6,5.0,8.0,2.0,3.0,7.0,4.0,6.0,9.0,4.0,2.0,null,7.0,9.0,4.0,9.0,9.0,4.0,8.0,2.0,7.0,3.0000000000000000,2.5000000000000000,2.4000000000000000,2.5000000000000000,2.4000000000000000,2.6000000000000000,2.2000000000000000,2.5000000000000000,2.2500000000000000,2.2000000000000000,Restorative,Achiever,Harmony
EMP101666,Zahra Ganesha Hidayat,3.2000000000000000,63,IV,SMA,2,4,128.0,63,58,null,INTJ,25.0,3,9.0,5.0,null,4.0,5.0,8.0,9.0,7.0,4.0,null,9.0,3.0,5.0,4.0,4.0,5.0,9.0,1.0,1.0,1.0,3.0000000000000000,3.0000000000000000,3.7500000000000000,3.4000000000000000,3.2500000000000000,2.6000000000000000,3.2000000000000000,3.6000000000000000,3.2000000000000000,3.2000000000000000,,Includer,Maximizer
EMP101667,Dinda Qolbi Siregar,2.7500000000000000,5,IV,D3,2,1,null,26,50,IS,null,null,3,3.0,3.0,6.0,8.0,5.0,8.0,6.0,4.0,5.0,3.0,3.0,9.0,1.0,4.0,2.0,3.0,2.0,6.0,3.0,4.0,3.3333333333333333,3.0000000000000000,3.5000000000000000,3.0000000000000000,3.3333333333333333,2.7500000000000000,3.2500000000000000,2.0000000000000000,2.2500000000000000,2.0000000000000000,Adaptability,Discipline,Harmony
EMP101668,Hana Situmorang,2.8000000000000000,62,IV,S1,2,5,117.0,92,92,CS,ENFP,24.0,10,3.0,9.0,5.0,1.0,8.0,8.0,3.0,7.0,2.0,8.0,9.0,9.0,4.0,5.0,8.0,9.0,3.0,7.0,2.0,9.0,2.8000000000000000,3.0000000000000000,3.0000000000000000,3.2000000000000000,2.6000000000000000,3.0000000000000000,2.2500000000000000,2.7500000000000000,2.7500000000000000,2.7500000000000000,Positivity,,Woo
EMP101669,Dimas Rahmawati,2.8000000000000000,41,IV,SMA,2,2,130.0,84,31,SI,ISFP,24.0,10,3.0,9.0,3.0,4.0,6.0,3.0,3.0,8.0,null,4.0,5.0,6.0,8.0,null,3.0,5.0,1.0,5.0,null,8.0,2.6000000000000000,2.5000000000000000,2.4000000000000000,2.2500000000000000,2.5000000000000000,3.2000000000000000,2.6000000000000000,2.2000000000000000,3.2500000000000000,3.0000000000000000,Intellection,Futuristic,Analytical
EMP101670,Mahendra Erlangga Lukman,3.4000000000000000,48,IV,SMA,2,3,92.0,40,64,SC,ISFJ,19.0,8,3.0,4.0,8.0,9.0,null,1.0,3.0,3.0,7.0,1.0,1.0,1.0,8.0,6.0,4.0,1.0,8.0,4.0,4.0,6.0,3.2500000000000000,3.5000000000000000,3.6000000000000000,3.2000000000000000,3.4000000000000000,3.4000000000000000,22.2000000000000000,3.2500000000000000,3.6000000000000000,3.2500000000000000,Restorative,Includer,Communication
EMP101671,Fitri Ramadhan,2.8000000000000000,47,IV,S2,2,1,126.0,93,46,DI,ESFJ,17.0,2,3.0,4.0,2.0,1.0,8.0,7.0,4.0,9.0,9.0,5.0,2.0,8.0,1.0,2.0,3.0,2.0,6.0,4.0,5.0,5.0,2.6000000000000000,2.8000000000000000,2.8000000000000000,2.8000000000000000,2.5000000000000000,2.8000000000000000,3.4000000000000000,2.8000000000000000,2.6000000000000000,3.0000000000000000,Activator,Individualization,Developer
EMP101672,Iman Hasibuan,3.2000000000000000,52,V,S1,3,2,90.0,97,64,SI,null,37.0,6,2.0,null,2.0,7.0,6.0,null,4.0,null,6.0,5.0,3.0,5.0,2.0,null,3.0,8.0,8.0,9.0,8.0,7.0,3.0000000000000000,3.2000000000000000,3.2000000000000000,3.2000000000000000,3.6000000000000000,3.0000000000000000,2.8000000000000000,2.6000000000000000,3.0000000000000000,3.0000000000000000,Ideation,Relator,Empathy
EMP101673,Bayu Salsabila,3.0000000000000000,41,III,S1,1,1,118.0,30,70,IC,ESTP,21.0,3,null,8.0,4.0,5.0,6.0,1.0,5.0,5.0,1.0,4.0,5.0,2.0,8.0,9.0,6.0,4.0,3.0,4.0,9.0,2.0,3.2000000000000000,3.7500000000000000,3.0000000000000000,3.2500000000000000,3.2000000000000000,2.7500000000000000,3.2000000000000000,3.0000000000000000,3.4000000000000000,3.0000000000000000,Consistency,Focus,Achiever
EMP101674,Ahmad Lestari,2.5000000000000000,78,III,D3,1,5,null,39,20,SD,ISTJ,null,6,4.0,2.0,4.0,3.0,5.0,9.0,9.0,3.0,8.0,6.0,6.0,2.0,5.0,5.0,null,null,null,3.0,4.0,3.0,3.0000000000000000,2.2000000000000000,2.8000000000000000,2.2000000000000000,3.0000000000000000,2.6000000000000000,3.0000000000000000,2.7500000000000000,3.0000000000000000,3.0000000000000000,Consistency,Learner,
EMP101675,Mahendra Indrawan,2.5000000000000000,43,IV,S2,2,4,null,35,38,DC,ENTP,27.0,9,2.0,1.0,5.0,3.0,4.0,9.0,4.0,8.0,4.0,6.0,8.0,null,7.0,3.0,5.0,1.0,7.0,9.0,7.0,9.0,3.0000000000000000,3.3333333333333333,3.6666666666666667,2.6000000000000000,3.0000000000000000,2.0000000000000000,3.0000000000000000,2.6000000000000000,2.6000000000000000,2.0000000000000000,Intellection,Achiever,
EMP101676,Andi Pamungkas,4.0000000000000000,20,III,S1,1,6,125.0,99,48,DC,ENTJ,23.0,10,5.0,5.0,9.0,8.0,1.0,9.0,null,7.0,3.0,4.0,9.0,1.0,6.0,1.0,4.0,3.0,5.0,9.0,null,2.0,3.7500000000000000,4.0000000000000000,4.6666666666666667,3.7500000000000000,4.0000000000000000,4.0000000000000000,4.2500000000000000,4.0000000000000000,5.0000000000000000,3.7500000000000000,Deliberative,Empathy,Futuristic
EMP101677,Sari Baskara Lestari,2.6000000000000000,89,III,SMA,1,1,null,71,21,DI,ESFJ,null,10,null,7.0,8.0,1.0,1.0,8.0,6.0,2.0,5.0,9.0,6.0,1.0,6.0,6.0,8.0,7.0,7.0,9.0,9.0,5.0,2.6000000000000000,2.8000000000000000,3.0000000000000000,2.6000000000000000,2.5000000000000000,2.0000000000000000,2.4000000000000000,2.2000000000000000,2.6666666666666667,2.5000000000000000,Competition,Responsibility,Analytical
EMP101678,Arif Indrawan,3.2000000000000000,26,IV,S1,2,3,125.0,89,45,CI,ENFP,30.0,7,9.0,null,2.0,8.0,5.0,5.0,5.0,4.0,null,9.0,3.0,3.0,4.0,2.0,1.0,5.0,8.0,3.0,7.0,3.0,2.8000000000000000,3.2000000000000000,3.0000000000000000,3.5000000000000000,2.8000000000000000,3.2000000000000000,3.0000000000000000,3.2000000000000000,22.4000000000000000,3.2000000000000000,Analytical,Maximizer,Developer
EMP101679,Dinda Rohman,3.3333333333333333,52,IV,S1,2,3,null,80,80,DS,null,null,6,5.0,5.0,3.0,5.0,9.0,9.0,4.0,5.0,2.0,3.0,null,7.0,9.0,7.0,null,3.0,4.0,3.0,6.0,9.0,3.0000000000000000,3.0000000000000000,3.2000000000000000,2.7500000000000000,3.0000000000000000,2.5000000000000000,3.0000000000000000,2.8000000000000000,3.0000000000000000,2.5000000000000000,Focus,Includer,Woo
EMP101680,Zaki Santoso,3.6000000000000000,26,III,S1,1,2,null,32,31,DC,null,null,9,6.0,1.0,8.0,null,8.0,null,6.0,6.0,7.0,8.0,5.0,5.0,8.0,9.0,null,6.0,3.0,6.0,2.0,1.0,4.0000000000000000,3.2000000000000000,3.7500000000000000,3.8000000000000000,4.2500000000000000,3.6000000000000000,3.8000000000000000,3.4000000000000000,4.2500000000000000,4.5000000000000000,Significance,Self-Assurance,Strategic
EMP101681,Oktavia Fadillah Firmansyah,3.3333333333333333,49,III,SMA,1,3,115.0,85,79,null,ENFJ,24.0,1,8.0,5.0,4.0,null,3.0,2.0,2.0,1.0,6.0,4.0,8.0,3.0,8.0,9.0,5.0,2.0,6.0,9.0,4.0,1.0,3.0000000000000000,3.0000000000000000,22.2000000000000000,3.2000000000000000,3.0000000000000000,3.5000000000000000,3.8000000000000000,3.7500000000000000,2.8000000000000000,3.4000000000000000,Activator,,Communication
EMP101682,Ayu Adi Putra,2.8000000000000000,72,IV,S2,2,4,98.0,58,21,CI,INFJ,29.0,9,6.0,null,7.0,5.0,9.0,7.0,8.0,9.0,4.0,8.0,null,6.0,4.0,9.0,9.0,1.0,4.0,1.0,4.0,5.0,3.0000000000000000,2.7500000000000000,3.0000000000000000,2.2500000000000000,2.8000000000000000,2.7500000000000000,2.8000000000000000,3.0000000000000000,2.8000000000000000,2.4000000000000000,Self-Assurance,Belief,
EMP101683,Ahmad Firmansyah,4.4000000000000000,27,V,D3,3,3,82.0,97,29,CS,INTP,22.0,1,8.0,null,8.0,9.0,3.0,2.0,3.0,9.0,null,4.0,4.0,4.0,null,9.0,6.0,1.0,2.0,null,4.0,7.0,4.0000000000000000,4.4000000000000000,3.7500000000000000,28.5000000000000000,4.2000000000000000,5.2500000000000000,4.4000000000000000,4.0000000000000000,4.5000000000000000,4.6000000000000000,Focus,,Maximizer
EMP101684,Bella Utama Ramadhan,3.6000000000000000,98,IV,SMA,2,1,90.0,63,86,IC,ENTP,27.0,1,4.0,6.0,8.0,9.0,7.0,6.0,null,9.0,6.0,1.0,9.0,6.0,5.0,3.0,2.0,5.0,2.0,5.0,6.0,8.0,3.8000000000000000,3.0000000000000000,3.6000000000000000,3.2500000000000000,3.7500000000000000,3.6000000000000000,3.7500000000000000,3.7500000000000000,3.6000000000000000,3.6000000000000000,Responsibility,Discipline,Competition
EMP101685,Zahra Saputra,2.8000000000000000,71,V,S1,3,3,null,56,61,null,ESFP,null,2,null,9.0,2.0,5.0,3.0,2.0,8.0,8.0,5.0,7.0,7.0,2.0,6.0,6.0,7.0,3.0,5.0,4.0,4.0,1.0,2.8000000000000000,2.8000000000000000,3.2000000000000000,3.2000000000000000,3.0000000000000000,27.0000000000000000,3.2000000000000000,1.6666666666666667,3.0000000000000000,3.0000000000000000,Intellection,Strategic,Competition
EMP101686,Prasetyo Suharto,3.2000000000000000,56,V,SMA,3,1,132.0,92,23,SI,ENFP,38.0,1,7.0,2.0,6.0,2.0,9.0,1.0,1.0,5.0,5.0,1.0,9.0,4.0,6.0,2.0,4.0,null,8.0,8.0,8.0,8.0,2.8000000000000000,3.5000000000000000,3.2000000000000000,3.2000000000000000,3.0000000000000000,3.5000000000000000,3.0000000000000000,3.0000000000000000,3.0000000000000000,3.5000000000000000,Discipline,Harmony,Positivity
EMP101687,Rizka Wijaya Gunawan,3.0000000000000000,68,IV,S2,2,5,null,65,77,SI,ENTP,null,4,4.0,1.0,1.0,8.0,4.0,9.0,1.0,9.0,5.0,8.0,1.0,2.0,1.0,7.0,4.0,1.0,3.0,null,8.0,4.0,3.3333333333333333,3.2000000000000000,3.6000000000000000,2.5000000000000000,3.7500000000000000,2.8000000000000000,3.0000000000000000,3.4000000000000000,3.0000000000000000,3.7500000000000000,Strategic,Focus,Competition
EMP101688,Intan Santoso,2.7500000000000000,67,V,S2,3,1,121.0,69,75,SC,INFP,19.0,5,7.0,7.0,4.0,8.0,3.0,2.0,3.0,4.0,4.0,1.0,9.0,1.0,3.0,1.0,9.0,4.0,null,6.0,8.0,8.0,3.4000000000000000,3.0000000000000000,2.6000000000000000,3.2000000000000000,3.2000000000000000,2.2000000000000000,2.8000000000000000,2.7500000000000000,3.0000000000000000,2.7500000000000000,Includer,Significance,Responsibility
EMP101689,Rendra Yudhistira Suharto,2.8000000000000000,79,IV,S1,2,6,93.0,46,42,SC,INTP,27.0,7,4.0,7.0,4.0,2.0,8.0,6.0,5.0,5.0,2.0,8.0,7.0,1.0,8.0,4.0,5.0,4.0,9.0,9.0,1.0,5.0,2.6000000000000000,2.8000000000000000,2.8000000000000000,2.6000000000000000,2.6000000000000000,2.8000000000000000,2.8000000000000000,3.0000000000000000,3.2000000000000000,2.8000000000000000,Woo,Responsibility,Arranger
EMP101690,Utami Gunawan,3.0000000000000000,27,III,D3,1,4,95.0,42,41,SD,ENTP,24.0,8,3.0,1.0,9.0,1.0,3.0,7.0,9.0,1.0,4.0,1.0,8.0,3.0,5.0,8.0,2.0,6.0,3.0,8.0,5.0,2.0,2.8000000000000000,3.6000000000000000,3.4000000000000000,3.2500000000000000,3.6000000000000000,3.8000000000000000,2.7500000000000000,3.0000000000000000,3.0000000000000000,3.5000000000000000,Analytical,Relator,Context
EMP101691,Nabila Siregar,3.8000000000000000,55,V,S2,3,2,null,70,69,SI,ISTJ,null,9,6.0,1.0,8.0,1.0,null,9.0,null,7.0,1.0,7.0,null,7.0,4.0,3.0,8.0,8.0,7.0,null,8.0,9.0,2.4000000000000000,3.2000000000000000,2.8000000000000000,2.6000000000000000,3.0000000000000000,3.0000000000000000,3.2500000000000000,2.6000000000000000,2.7500000000000000,2.6000000000000000,Focus,Responsibility,Activator
EMP101692,Cahyo Aji Sinaga,3.0000000000000000,35,III,SMA,1,5,92.0,58,53,SI,INFP,32.0,4,3.0,8.0,3.0,2.0,6.0,1.0,1.0,6.0,8.0,7.0,5.0,5.0,6.0,null,2.0,5.0,7.0,4.0,9.0,1.0,3.0000000000000000,3.5000000000000000,2.7500000000000000,3.2000000000000000,3.4000000000000000,2.8000000000000000,3.5000000000000000,2.8000000000000000,3.0000000000000000,2.8000000000000000,Focus,Activator,Maximizer
EMP101693,Hadi Kurniawan,3.0000000000000000,59,IV,SMA,2,1,140.0,68,87,IC,ENTP,33.0,5,4.0,7.0,2.0,2.0,3.0,1.0,7.0,2.0,6.0,null,4.0,8.0,5.0,1.0,8.0,4.0,7.0,9.0,6.0,null,2.8000000000000000,2.7500000000000000,3.6666666666666667,3.4000000000000000,2.6000000000000000,3.4000000000000000,3.2000000000000000,2.8000000000000000,3.6666666666666667,3.0000000000000000,,Deliberative,Self-Assurance
EMP101694,Intan Kusuma Wijaya,3.0000000000000000,41,IV,D3,2,6,104.0,35,79,ID,INTP,25.0,9,null,4.0,4.0,8.0,9.0,3.0,6.0,7.0,3.0,4.0,8.0,null,3.0,1.0,6.0,5.0,5.0,8.0,8.0,9.0,3.8000000000000000,3.2000000000000000,3.7500000000000000,3.0000000000000000,3.2000000000000000,3.2000000000000000,2.7500000000000000,3.4000000000000000,3.0000000000000000,3.3333333333333333,Achiever,Deliberative,Consistency
EMP101695,Rama Nabila Ridwan,3.4000000000000000,65,IV,S2,2,3,95.0,26,49,CS,ESFP,25.0,5,9.0,6.0,1.0,2.0,7.0,4.0,6.0,3.0,9.0,null,2.0,6.0,6.0,9.0,4.0,null,5.0,4.0,8.0,8.0,3.0000000000000000,2.6666666666666667,2.6000000000000000,2.7500000000000000,3.5000000000000000,3.4000000000000000,4.2000000000000000,4.0000000000000000,4.5000000000000000,3.5000000000000000,Significance,Arranger,Individualization
EMP101696,Budi Lestari,3.7500000000000000,43,IV,S1,2,3,110.0,71,55,SC,ENFP,22.0,10,1.0,9.0,4.0,3.0,4.0,1.0,7.0,1.0,8.0,9.0,7.0,3.0,6.0,3.0,7.0,6.0,8.0,6.0,2.0,7.0,2.4000000000000000,4.0000000000000000,2.8000000000000000,2.6000000000000000,2.8000000000000000,3.0000000000000000,2.8000000000000000,2.8000000000000000,2.2000000000000000,2.8000000000000000,Activator,Focus,Positivity
EMP101697,Nadia Pamungkas,2.8000000000000000,52,V,S1,3,2,97.0,67,28,CD,ENTP,38.0,7,1.0,1.0,8.0,6.0,3.0,3.0,2.0,2.0,4.0,3.0,1.0,9.0,6.0,null,2.0,8.0,5.0,5.0,3.0,3.0,3.4000000000000000,2.6666666666666667,3.0000000000000000,2.4000000000000000,3.0000000000000000,2.8000000000000000,2.8000000000000000,2.4000000000000000,3.2000000000000000,3.2000000000000000,Harmony,Connectedness,Restorative
EMP101698,Adit Yudhistira Pratama,1.6000000000000000,56,IV,D3,2,4,null,65,90,SI,INTJ,28.0,8,9.0,1.0,3.0,6.0,2.0,4.0,9.0,7.0,1.0,5.0,2.0,2.0,5.0,null,6.0,1.0,3.0,1.0,3.0,9.0,1.7500000000000000,1.3333333333333333,2.0000000000000000,1.4000000000000000,1.8000000000000000,1.8000000000000000,1.6000000000000000,2.2500000000000000,1.4000000000000000,2.0000000000000000,Analytical,Command,Strategic
EMP101699,Zaki Baskara Rahmawati,3.4000000000000000,34,IV,S1,2,4,80.0,95,64,SC,ENFJ,27.0,3,8.0,2.0,7.0,3.0,1.0,4.0,8.0,3.0,5.0,2.0,1.0,1.0,4.0,null,2.0,8.0,1.0,8.0,7.0,9.0,3.4000000000000000,3.4000000000000000,3.0000000000000000,3.6000000000000000,3.8000000000000000,3.6000000000000000,3.0000000000000000,3.5000000000000000,3.3333333333333333,3.6000000000000000,Discipline,Strategic,Arranger
EMP101700,Nabila Indrawan,2.8000000000000000,101,V,SMA,3,5,null,88,94,DC,ESTP,41.0,8,8.0,9.0,7.0,5.0,1.0,3.0,3.0,1.0,1.0,3.0,3.0,2.0,6.0,null,2.0,9.0,4.0,4.0,2.0,3.0,3.2000000000000000,3.0000000000000000,3.2000000000000000,2.8000000000000000,2.6000000000000000,3.0000000000000000,2.6000000000000000,2.2500000000000000,2.6000000000000000,2.6000000000000000,Input,Consistency,Harmony
EMP101701,Mahendra Saputra Herlambang,3.5000000000000000,133,IV,S2,2,1,125.0,85,88,CS,ENTP,27.0,2,1.0,3.0,1.0,6.0,8.0,null,6.0,9.0,6.0,5.0,3.0,4.0,3.0,4.0,null,7.0,6.0,5.0,2.0,5.0,2.8000000000000000,3.4000000000000000,3.2500000000000000,22.2000000000000000,3.4000000000000000,3.2000000000000000,3.4000000000000000,2.8000000000000000,2.2500000000000000,3.2500000000000000,Restorative,Connectedness,Intellection
EMP101702,Fitri Mahardika Gunawan,2.7500000000000000,23,V,S1,3,1,108.0,74,41,CS,INFP,34.0,2,4.0,2.0,8.0,7.0,3.0,3.0,null,1.0,8.0,5.0,1.0,9.0,6.0,7.0,5.0,7.0,2.0,1.0,5.0,7.0,2.3333333333333333,3.0000000000000000,3.0000000000000000,3.0000000000000000,2.7500000000000000,3.0000000000000000,2.3333333333333333,3.7500000000000000,2.5000000000000000,2.6666666666666667,Input,Positivity,Includer
EMP101703,Ayunda Hasibuan,2.5000000000000000,1,V,D3,3,4,112.0,21,64,SI,ISTJ,22.0,7,null,2.0,4.0,2.0,5.0,8.0,6.0,8.0,null,5.0,null,5.0,5.0,5.0,1.0,1.0,1.0,1.0,6.0,5.0,2.5000000000000000,2.0000000000000000,2.7500000000000000,2.3333333333333333,2.2500000000000000,2.7500000000000000,3.0000000000000000,3.2500000000000000,2.6666666666666667,2.6666666666666667,Responsibility,Achiever,Restorative
EMP101704,Novi Ramadhan,2.3333333333333333,17,V,D3,3,4,103.0,27,70,DS,null,27.0,9,6.0,3.0,8.0,6.0,9.0,7.0,2.0,null,2.0,4.0,4.0,6.0,9.0,6.0,4.0,8.0,2.0,4.0,3.0,1.0,2.5000000000000000,2.5000000000000000,2.5000000000000000,2.6666666666666667,2.5000000000000000,2.5000000000000000,2.0000000000000000,2.5000000000000000,2.3333333333333333,2.5000000000000000,Activator,Connectedness,Relator
EMP101705,Lestari Purnama,3.0000000000000000,64,III,D3,1,4,83.0,27,68,null,INFP,13.0,5,1.0,null,5.0,4.0,7.0,2.0,4.0,1.0,8.0,5.0,5.0,5.0,null,4.0,4.0,3.0,7.0,7.0,2.0,3.0,2.8000000000000000,3.2000000000000000,2.2500000000000000,3.0000000000000000,3.0000000000000000,3.0000000000000000,2.5000000000000000,3.0000000000000000,2.6000000000000000,2.5000000000000000,Positivity,Communication,Consistency
EMP101706,Lestari Utama Santoso,3.2000000000000000,56,IV,S1,2,5,null,70,63,DI,ESTP,null,6,4.0,1.0,1.0,8.0,2.0,null,7.0,4.0,1.0,5.0,8.0,5.0,null,1.0,7.0,5.0,1.0,2.0,8.0,4.0,3.8000000000000000,3.2000000000000000,3.2000000000000000,3.0000000000000000,3.2000000000000000,3.2000000000000000,3.5000000000000000,3.2000000000000000,3.0000000000000000,2.8000000000000000,Achiever,Maximizer,
EMP101707,Hana Maulida,3.0000000000000000,55,V,S2,3,2,136.0,27,66,CI,INFJ,32.0,7,7.0,1.0,4.0,4.0,3.0,2.0,7.0,3.0,3.0,5.0,2.0,1.0,7.0,4.0,8.0,3.0,null,9.0,6.0,9.0,3.4000000000000000,3.0000000000000000,2.8000000000000000,3.0000000000000000,2.4000000000000000,3.6000000000000000,3.0000000000000000,3.0000000000000000,2.6000000000000000,2.7500000000000000,Arranger,Discipline,Individualization
EMP101708,Rani Anugrah Maulana,3.5000000000000000,6,IV,D3,2,5,106.0,76,97,CI,INFP,32.0,8,2.0,2.0,6.0,4.0,6.0,7.0,1.0,7.0,1.0,1.0,5.0,4.0,6.0,8.0,6.0,8.0,9.0,null,2.0,1.0,3.0000000000000000,3.3333333333333333,3.2500000000000000,3.0000000000000000,3.2500000000000000,3.2500000000000000,3.0000000000000000,3.7500000000000000,3.5000000000000000,2.0000000000000000,Intellection,Self-Assurance,Deliberative
EMP101709,Dinda Ginting,3.0000000000000000,25,V,D3,3,2,140.0,78,80,SI,INTJ,33.0,8,7.0,6.0,null,1.0,9.0,6.0,9.0,4.0,2.0,null,9.0,2.0,2.0,5.0,2.0,5.0,6.0,1.0,2.0,7.0,3.5000000000000000,2.8000000000000000,2.2500000000000000,2.8000000000000000,3.2500000000000000,3.2000000000000000,3.8000000000000000,3.2000000000000000,3.2000000000000000,3.2000000000000000,Communication,Arranger,Self-Assurance
EMP101710,Arif Anggara,3.2000000000000000,128,III,SMA,1,5,99.0,90,75,CS,ENFJ,25.0,10,null,3.0,2.0,null,1.0,7.0,null,6.0,4.0,6.0,2.0,2.0,7.0,1.0,6.0,4.0,2.0,5.0,5.0,3.0,3.6000000000000000,3.2000000000000000,3.5000000000000000,3.0000000000000000,2.8000000000000000,3.7500000000000000,3.2000000000000000,3.2000000000000000,3.4000000000000000,3.4000000000000000,Woo,Activator,Achiever
EMP101711,Lestari Saputra Gunawan,3.0000000000000000,51,IV,SMA,2,3,104.0,94,32,IC,null,30.0,8,7.0,2.0,5.0,2.0,1.0,9.0,5.0,null,5.0,4.0,4.0,2.0,7.0,2.0,8.0,2.0,8.0,null,null,4.0,3.5000000000000000,2.8000000000000000,2.8000000000000000,3.0000000000000000,2.5000000000000000,2.8000000000000000,2.5000000000000000,2.7500000000000000,2.3333333333333333,3.2000000000000000,Includer,Analytical,Developer
EMP101712,Luthfi Nugroho,2.2500000000000000,42,III,S2,1,2,138.0,82,25,null,INFP,25.0,6,2.0,6.0,9.0,9.0,7.0,5.0,4.0,6.0,8.0,5.0,3.0,6.0,5.0,5.0,2.0,1.0,8.0,7.0,4.0,7.0,3.2500000000000000,2.6000000000000000,3.2500000000000000,2.4000000000000000,2.8000000000000000,2.4000000000000000,2.5000000000000000,3.0000000000000000,2.8000000000000000,2.2500000000000000,Consistency,Harmony,Achiever
EMP101713,Nabila Yudhistira Kusuma,2.8000000000000000,69,III,SMA,1,4,94.0,37,55,IS,null,30.0,5,8.0,9.0,2.0,7.0,9.0,8.0,4.0,7.0,6.0,6.0,9.0,9.0,4.0,null,7.0,9.0,4.0,2.0,2.0,1.0,2.4000000000000000,3.2000000000000000,3.0000000000000000,3.0000000000000000,3.2000000000000000,3.0000000000000000,2.6000000000000000,2.6000000000000000,2.8000000000000000,2.6666666666666667,Restorative,Responsibility,Ideation
EMP101714,Bella Setiawan,3.5000000000000000,52,IV,S1,2,5,120.0,52,97,null,INFP,23.0,3,4.0,4.0,2.0,1.0,3.0,3.0,7.0,1.0,9.0,null,8.0,4.0,2.0,9.0,7.0,3.0,6.0,null,9.0,5.0,3.7500000000000000,3.2000000000000000,4.0000000000000000,3.4000000000000000,3.5000000000000000,3.4000000000000000,3.5000000000000000,3.6000000000000000,4.0000000000000000,4.0000000000000000,Connectedness,Focus,Analytical
EMP101715,Ayunda Rahmawati,4.2000000000000000,61,IV,S2,2,4,null,25,58,CI,ENFJ,null,10,6.0,4.0,1.0,7.0,7.0,9.0,null,null,4.0,4.0,6.0,1.0,null,9.0,4.0,5.0,7.0,6.0,1.0,8.0,4.6000000000000000,4.2000000000000000,3.7500000000000000,4.2000000000000000,4.0000000000000000,4.2000000000000000,4.2000000000000000,3.8000000000000000,3.6000000000000000,4.2000000000000000,,,Context
EMP101716,Kartika Handayani,3.6000000000000000,126,III,S1,1,1,137.0,38,53,DS,ISTJ,17.0,7,4.0,3.0,8.0,2.0,2.0,1.0,8.0,4.0,7.0,3.0,5.0,5.0,4.0,5.0,null,5.0,5.0,null,9.0,3.0,3.8000000000000000,3.4000000000000000,3.2000000000000000,3.6000000000000000,3.6000000000000000,3.6000000000000000,3.2000000000000000,3.4000000000000000,3.7500000000000000,3.8000000000000000,Deliberative,Analytical,Individualization
EMP101717,Fitri Zulfikar,2.5000000000000000,28,IV,S2,2,2,139.0,78,26,null,ESFP,32.0,5,4.0,null,9.0,8.0,2.0,2.0,6.0,8.0,2.0,4.0,2.0,1.0,7.0,8.0,2.0,8.0,9.0,8.0,7.0,6.0,3.0000000000000000,3.0000000000000000,2.8000000000000000,3.2500000000000000,3.0000000000000000,3.0000000000000000,3.2000000000000000,2.8000000000000000,3.0000000000000000,3.0000000000000000,Ideation,Adaptability,Harmony
EMP101718,Intan Kurniawan,3.0000000000000000,28,IV,S1,2,4,91.0,39,88,CS,ENFP,25.0,2,9.0,3.0,null,5.0,4.0,7.0,1.0,5.0,1.0,7.0,8.0,3.0,5.0,null,4.0,3.0,7.0,8.0,7.0,7.0,3.0000000000000000,2.7500000000000000,3.0000000000000000,2.8000000000000000,3.2000000000000000,3.7500000000000000,2.6000000000000000,2.8000000000000000,3.0000000000000000,2.8000000000000000,Belief,,Intellection
EMP101719,Hadi Yudhistira Yulianto,2.7500000000000000,61,IV,SMA,2,4,null,57,31,DC,ENTJ,32.0,3,8.0,2.0,3.0,2.0,6.0,2.0,4.0,6.0,2.0,null,3.0,4.0,6.0,5.0,4.0,8.0,6.0,5.0,8.0,5.0,3.0000000000000000,2.8000000000000000,2.5000000000000000,2.8000000000000000,2.6000000000000000,2.8000000000000000,2.8000000000000000,2.8000000000000000,2.6000000000000000,2.6000000000000000,Individualization,Communication,Strategic
EMP101720,Teguh Dharma Wijaya,2.8000000000000000,48,V,S2,3,2,117.0,53,88,CI,ESFP,16.0,10,3.0,2.0,4.0,9.0,8.0,2.0,4.0,1.0,8.0,1.0,2.0,3.0,8.0,9.0,9.0,4.0,6.0,3.0,8.0,9.0,2.6000000000000000,3.5000000000000000,3.2500000000000000,3.8000000000000000,3.4000000000000000,3.0000000000000000,3.0000000000000000,2.8000000000000000,3.2500000000000000,3.2000000000000000,Arranger,Adaptability,Activator
EMP101721,Julia Halim Suharto,2.6000000000000000,35,IV,D3,2,6,113.0,44,29,IC,ISTJ,20.0,10,5.0,3.0,4.0,6.0,3.0,7.0,9.0,5.0,3.0,6.0,7.0,2.0,3.0,4.0,null,7.0,9.0,1.0,8.0,9.0,2.6000000000000000,2.0000000000000000,3.0000000000000000,3.0000000000000000,2.6000000000000000,2.6000000000000000,3.0000000000000000,2.6000000000000000,2.4000000000000000,3.0000000000000000,Adaptability,Learner,Achiever
EMP101722,Dian Indrawan,2.8000000000000000,46,IV,SMA,2,3,92.0,45,23,CI,ESFJ,31.0,2,null,7.0,3.0,null,9.0,null,7.0,7.0,1.0,6.0,4.0,null,null,4.0,7.0,1.0,5.0,9.0,1.0,8.0,3.0000000000000000,3.0000000000000000,3.0000000000000000,2.6000000000000000,2.6000000000000000,2.5000000000000000,3.0000000000000000,2.7500000000000000,2.5000000000000000,2.8000000000000000,Restorative,Developer,Woo
EMP101723,Satya Rohman,3.0000000000000000,39,III,S1,1,1,138.0,28,73,IC,INTP,27.0,7,5.0,null,3.0,null,1.0,5.0,2.0,6.0,4.0,5.0,4.0,4.0,7.0,7.0,7.0,null,9.0,1.0,8.0,9.0,2.4000000000000000,2.7500000000000000,2.8000000000000000,2.6000000000000000,2.2000000000000000,2.4000000000000000,3.0000000000000000,2.4000000000000000,3.0000000000000000,2.0000000000000000,Deliberative,Developer,Strategic
EMP101724,Dwi Tri Subekti,3.0000000000000000,2,V,D3,3,2,82.0,75,51,CI,ESTJ,12.0,9,4.0,3.0,3.0,1.0,1.0,3.0,9.0,4.0,5.0,9.0,3.0,null,6.0,null,9.0,1.0,2.0,9.0,7.0,2.0,3.0000000000000000,2.5000000000000000,3.5000000000000000,3.0000000000000000,4.0000000000000000,2.2500000000000000,2.5000000000000000,3.0000000000000000,3.0000000000000000,3.0000000000000000,Self-Assurance,,Discipline
EMP101725,Bayu Ganesha Ananda,2.8000000000000000,29,IV,SMA,2,3,103.0,50,60,CS,INFJ,30.0,9,8.0,6.0,2.0,6.0,6.0,4.0,6.0,5.0,6.0,1.0,7.0,null,7.0,1.0,1.0,9.0,2.0,7.0,1.0,3.0,2.4000000000000000,2.7500000000000000,3.2000000000000000,3.0000000000000000,2.6000000000000000,2.5000000000000000,2.7500000000000000,3.2000000000000000,2.8000000000000000,2.4000000000000000,Strategic,Individualization,Connectedness
EMP101726,Dimas Anggara,4.0000000000000000,80,III,S1,1,4,120.0,55,93,SD,ENFJ,30.0,4,2.0,6.0,1.0,2.0,2.0,6.0,7.0,7.0,4.0,4.0,null,null,2.0,7.0,3.0,2.0,4.0,null,2.0,5.0,4.2500000000000000,3.6000000000000000,3.8000000000000000,3.6000000000000000,3.8000000000000000,3.8000000000000000,2.0000000000000000,3.2000000000000000,3.2000000000000000,3.6000000000000000,Developer,Positivity,Futuristic
EMP101727,Rendra Kusuma Subekti,3.6000000000000000,26,III,S1,1,4,null,77,22,IC,ISFJ,null,5,3.0,4.0,1.0,3.0,6.0,null,2.0,9.0,5.0,1.0,1.0,9.0,7.0,null,2.0,2.0,3.0,null,null,3.0,3.6000000000000000,3.8000000000000000,3.6000000000000000,3.8000000000000000,3.5000000000000000,3.8000000000000000,3.6666666666666667,3.6000000000000000,3.4000000000000000,3.2500000000000000,Connectedness,Deliberative,Developer
EMP101728,Hana Ganesha Pradana,2.3333333333333333,56,III,D3,1,1,null,38,74,DI,ISFJ,20.0,8,2.0,6.0,8.0,9.0,3.0,7.0,1.0,4.0,1.0,8.0,7.0,3.0,5.0,9.0,6.0,3.0,4.0,null,4.0,6.0,2.8000000000000000,2.4000000000000000,3.2500000000000000,3.0000000000000000,2.4000000000000000,2.6000000000000000,3.0000000000000000,3.0000000000000000,2.8000000000000000,2.8000000000000000,Discipline,Command,Woo
EMP101729,Oktavia Wijaya,2.6000000000000000,32,IV,SMA,2,5,116.0,26,93,null,ISFP,19.0,6,7.0,8.0,8.0,4.0,2.0,null,9.0,2.0,null,3.0,6.0,9.0,1.0,6.0,3.0,2.0,1.0,3.0,7.0,8.0,3.2500000000000000,2.6000000000000000,2.4000000000000000,3.2000000000000000,2.6000000000000000,3.0000000000000000,2.8000000000000000,2.8000000000000000,3.0000000000000000,2.4000000000000000,Empathy,Self-Assurance,Responsibility
EMP101730,Indra Salsabila,3.6666666666666667,38,IV,SMA,2,6,115.0,23,29,CI,ISFP,27.0,5,4.0,8.0,1.0,8.0,1.0,8.0,7.0,4.0,6.0,8.0,null,5.0,9.0,2.0,5.0,4.0,7.0,3.0,8.0,8.0,3.0000000000000000,3.5000000000000000,3.6000000000000000,3.0000000000000000,3.2000000000000000,3.6000000000000000,3.6000000000000000,3.2000000000000000,3.5000000000000000,3.0000000000000000,Belief,Connectedness,Adaptability
EMP101731,Fajar Rohman,2.6000000000000000,85,V,SMA,3,3,123.0,45,67,DI,ISFP,21.0,5,2.0,8.0,8.0,4.0,1.0,1.0,null,1.0,8.0,5.0,null,8.0,7.0,8.0,1.0,1.0,2.0,9.0,null,5.0,2.8000000000000000,3.3333333333333333,2.5000000000000000,2.6000000000000000,2.6000000000000000,3.2500000000000000,3.4000000000000000,3.0000000000000000,2.8000000000000000,2.2000000000000000,Ideation,Connectedness,Command
EMP101732,Oka Siregar,4.0000000000000000,47,IV,S2,2,5,89.0,55,46,DI,null,20.0,8,6.0,4.0,2.0,6.0,9.0,3.0,8.0,6.0,8.0,4.0,5.0,2.0,6.0,2.0,8.0,4.0,null,6.0,4.0,1.0,3.4000000000000000,4.2000000000000000,3.7500000000000000,4.0000000000000000,3.8000000000000000,4.0000000000000000,3.5000000000000000,3.6000000000000000,4.2000000000000000,4.2000000000000000,Discipline,Relator,Adaptability
EMP101733,Galih Yudhistira Situmorang,2.7500000000000000,23,IV,D3,2,3,null,64,77,SC,ISTJ,null,2,9.0,3.0,9.0,5.0,7.0,1.0,8.0,8.0,2.0,7.0,6.0,3.0,5.0,9.0,null,2.0,8.0,4.0,5.0,1.0,3.2500000000000000,3.0000000000000000,3.0000000000000000,3.2500000000000000,2.7500000000000000,2.3333333333333333,3.0000000000000000,2.7500000000000000,2.5000000000000000,2.5000000000000000,Developer,Achiever,Belief
EMP101734,Utami Adi Setiawan,2.8000000000000000,62,IV,D3,2,5,101.0,48,57,SD,INTJ,25.0,6,5.0,null,2.0,9.0,5.0,5.0,5.0,2.0,1.0,1.0,2.0,6.0,5.0,2.0,3.0,7.0,2.0,8.0,6.0,9.0,21.8000000000000000,3.2000000000000000,2.0000000000000000,3.2000000000000000,2.7500000000000000,3.0000000000000000,3.2000000000000000,2.6000000000000000,3.2500000000000000,2.5000000000000000,Significance,Woo,Responsibility
EMP101735,Citra Fadillah Saputra,3.0000000000000000,66,V,D3,3,6,null,58,33,SC,null,null,8,9.0,7.0,null,6.0,5.0,8.0,5.0,5.0,5.0,9.0,5.0,9.0,3.0,8.0,9.0,3.0,4.0,8.0,5.0,6.0,3.2000000000000000,2.5000000000000000,2.7500000000000000,2.3333333333333333,3.0000000000000000,3.7500000000000000,3.0000000000000000,3.2000000000000000,2.8000000000000000,3.2000000000000000,Harmony,Ideation,Learner
EMP101736,Novi Lestari Pamungkas,3.2000000000000000,73,IV,D3,2,4,null,59,60,IC,ESFJ,29.0,10,1.0,7.0,6.0,4.0,2.0,6.0,6.0,null,1.0,8.0,7.0,7.0,1.0,4.0,null,9.0,5.0,1.0,7.0,1.0,3.5000000000000000,3.4000000000000000,3.3333333333333333,3.2000000000000000,3.7500000000000000,3.4000000000000000,3.2000000000000000,3.4000000000000000,3.2500000000000000,3.4000000000000000,Individualization,Communication,Command
EMP101737,Oktavia Halim Lestari,3.2000000000000000,48,IV,SMA,2,1,88.0,53,88,IC,ENFJ,24.0,4,3.0,9.0,6.0,1.0,7.0,7.0,null,3.0,2.0,3.0,1.0,null,6.0,6.0,3.0,4.0,8.0,1.0,7.0,5.0,2.7500000000000000,2.8000000000000000,3.7500000000000000,3.0000000000000000,3.0000000000000000,3.2000000000000000,3.6000000000000000,3.0000000000000000,3.6000000000000000,26.2500000000000000,Restorative,Adaptability,Deliberative
EMP101738,Anisa Kusuma Hidayat,3.0000000000000000,61,III,S2,1,2,null,46,90,CD,ENTP,39.0,7,8.0,6.0,8.0,2.0,2.0,8.0,3.0,8.0,2.0,3.0,8.0,4.0,4.0,5.0,3.0,5.0,5.0,3.0,9.0,4.0,3.2500000000000000,3.2000000000000000,3.2000000000000000,2.7500000000000000,3.2000000000000000,3.2000000000000000,3.2500000000000000,4.0000000000000000,3.5000000000000000,3.2000000000000000,Competition,Significance,
EMP101739,Wulan Rahmawati,4.0000000000000000,61,IV,S2,2,1,88.0,80,89,IS,INFJ,34.0,8,3.0,null,8.0,2.0,7.0,8.0,7.0,2.0,6.0,3.0,6.0,7.0,9.0,4.0,2.0,6.0,6.0,7.0,null,5.0,4.0000000000000000,3.6000000000000000,3.2500000000000000,3.5000000000000000,3.2000000000000000,2.8000000000000000,3.0000000000000000,2.6000000000000000,3.0000000000000000,2.7500000000000000,Harmony,Connectedness,Competition
EMP101740,Hadi Setiawan,2.0000000000000000,56,IV,SMA,2,5,128.0,65,95,CD,ISTP,28.0,1,5.0,7.0,3.0,5.0,5.0,5.0,5.0,1.0,8.0,2.0,null,5.0,9.0,9.0,7.0,2.0,3.0,9.0,2.0,8.0,3.0000000000000000,3.5000000000000000,3.6000000000000000,4.0000000000000000,3.0000000000000000,3.4000000000000000,2.5000000000000000,3.2500000000000000,3.2000000000000000,3.6000000000000000,Strategic,Input,Connectedness
EMP101741,Satya Indrawan,3.3333333333333333,113,IV,S1,2,4,null,91,52,SD,ESTJ,24.0,5,2.0,1.0,3.0,6.0,6.0,4.0,1.0,1.0,null,9.0,3.0,5.0,3.0,4.0,1.0,1.0,9.0,8.0,5.0,6.0,3.4000000000000000,3.2000000000000000,3.4000000000000000,3.2000000000000000,3.2000000000000000,3.4000000000000000,3.0000000000000000,3.4000000000000000,2.5000000000000000,3.4000000000000000,Empathy,Competition,Discipline
EMP101742,Arif Ridwan,3.2500000000000000,43,III,D3,1,2,132.0,30,65,CI,INTP,10.0,2,4.0,1.0,9.0,2.0,null,4.0,9.0,1.0,7.0,4.0,8.0,8.0,7.0,5.0,3.0,3.0,9.0,7.0,null,null,3.4000000000000000,3.4000000000000000,3.2000000000000000,2.7500000000000000,3.4000000000000000,2.7500000000000000,3.6000000000000000,3.2000000000000000,3.0000000000000000,3.6000000000000000,Adaptability,Significance,Futuristic
EMP101743,Iman Setiawan,3.2500000000000000,12,IV,S1,2,2,93.0,35,54,SC,INTP,27.0,6,4.0,2.0,9.0,3.0,2.0,2.0,6.0,null,8.0,6.0,7.0,9.0,4.0,null,8.0,7.0,2.0,7.0,5.0,4.0,3.2500000000000000,4.3333333333333333,3.0000000000000000,3.0000000000000000,3.0000000000000000,3.0000000000000000,3.2500000000000000,3.5000000000000000,5.0000000000000000,2.5000000000000000,Significance,Belief,Input
EMP101744,Putri Saputra Saputra,2.6000000000000000,48,III,S2,1,2,115.0,36,73,DS,ENFP,25.0,4,2.0,2.0,1.0,2.0,6.0,2.0,3.0,7.0,3.0,4.0,5.0,8.0,7.0,5.0,2.0,5.0,2.0,7.0,null,3.0,3.0000000000000000,2.5000000000000000,2.6000000000000000,2.5000000000000000,2.2000000000000000,2.4000000000000000,2.4000000000000000,2.6000000000000000,2.8000000000000000,3.0000000000000000,Maximizer,Relator,Discipline
EMP101745,Utami Pramudita Kurniawan,22.4000000000000000,66,IV,SMA,2,2,118.0,67,29,DC,ESFP,34.0,6,3.0,1.0,null,6.0,2.0,null,6.0,9.0,8.0,8.0,8.0,8.0,4.0,null,2.0,7.0,4.0,6.0,9.0,1.0,3.7500000000000000,3.2000000000000000,3.4000000000000000,3.8000000000000000,3.2000000000000000,3.6000000000000000,3.4000000000000000,3.5000000000000000,3.0000000000000000,3.8000000000000000,Self-Assurance,Individualization,
EMP101746,Rani Tri Kusuma,3.6000000000000000,44,IV,S1,2,2,118.0,71,37,IS,ESTJ,27.0,6,9.0,7.0,9.0,6.0,1.0,9.0,4.0,1.0,7.0,3.0,5.0,8.0,4.0,1.0,9.0,3.0,2.0,9.0,8.0,1.0,3.6000000000000000,3.6000000000000000,3.2000000000000000,3.2000000000000000,3.3333333333333333,3.7500000000000000,3.4000000000000000,3.8000000000000000,4.8000000000000000,2.8000000000000000,Achiever,,Belief
EMP101747,Bayu Erlangga Permadi,2.8000000000000000,39,IV,D3,2,3,null,65,74,CD,ISTJ,33.0,1,2.0,7.0,3.0,2.0,5.0,7.0,8.0,7.0,7.0,4.0,3.0,null,5.0,2.0,6.0,9.0,8.0,6.0,4.0,7.0,2.6000000000000000,3.0000000000000000,2.5000000000000000,2.6000000000000000,2.8000000000000000,2.3333333333333333,2.8000000000000000,2.8000000000000000,2.6000000000000000,2.6000000000000000,Input,Focus,Empathy
EMP101748,Wulan Rohman,4.0000000000000000,58,III,SMA,1,3,133.0,73,70,IC,ENFJ,34.0,2,7.0,1.0,4.0,7.0,7.0,6.0,6.0,1.0,2.0,4.0,4.0,1.0,4.0,7.0,6.0,8.0,4.0,null,2.0,3.0,4.2500000000000000,3.8000000000000000,3.0000000000000000,4.2000000000000000,4.0000000000000000,27.5000000000000000,4.2500000000000000,4.2000000000000000,4.0000000000000000,4.2000000000000000,Positivity,Arranger,Relator
EMP101749,Novi Adi Subekti,2.2500000000000000,22,III,D3,1,4,85.0,65,52,SI,ISTJ,18.0,4,5.0,9.0,3.0,1.0,7.0,9.0,8.0,null,6.0,3.0,7.0,7.0,6.0,4.0,6.0,6.0,6.0,2.0,5.0,9.0,3.2500000000000000,3.2500000000000000,2.7500000000000000,2.7500000000000000,2.3333333333333333,3.2500000000000000,3.2500000000000000,3.5000000000000000,3.0000000000000000,3.0000000000000000,Discipline,Intellection,Learner
EMP101750,Oktavia Ridwan,3.4000000000000000,86,IV,S2,2,4,null,32,37,null,ENFJ,null,5,3.0,3.0,7.0,8.0,2.0,7.0,null,7.0,7.0,1.0,6.0,1.0,7.0,6.0,1.0,4.0,9.0,null,9.0,8.0,3.6000000000000000,3.6666666666666667,3.2000000000000000,3.4000000000000000,3.0000000000000000,3.4000000000000000,3.6000000000000000,3.6000000000000000,2.7500000000000000,3.2500000000000000,Relator,Intellection,Harmony
EMP101751,Ayu Salsabila,3.0000000000000000,43,IV,S1,2,4,null,38,52,null,ESFJ,24.0,4,2.0,6.0,4.0,1.0,4.0,8.0,2.0,2.0,4.0,4.0,8.0,7.0,5.0,2.0,4.0,5.0,7.0,1.0,8.0,7.0,3.0000000000000000,2.8000000000000000,3.2500000000000000,2.6000000000000000,3.4000000000000000,2.2500000000000000,3.0000000000000000,3.2500000000000000,3.0000000000000000,3.0000000000000000,Responsibility,Positivity,Strategic
EMP101752,Julia Dharma Situmorang,3.2000000000000000,72,V,SMA,3,1,132.0,26,20,CI,ISFP,34.0,2,6.0,7.0,9.0,9.0,9.0,9.0,7.0,9.0,2.0,8.0,1.0,7.0,5.0,8.0,3.0,9.0,1.0,6.0,8.0,8.0,3.2500000000000000,3.0000000000000000,2.8000000000000000,3.2000000000000000,3.5000000000000000,2.8000000000000000,3.2500000000000000,3.2500000000000000,4.0000000000000000,3.4000000000000000,Context,,Intellection
EMP101753,Adi Tamba,3.5000000000000000,116,IV,D3,2,1,null,74,56,CS,INFP,null,10,1.0,8.0,2.0,5.0,5.0,8.0,6.0,2.0,7.0,5.0,1.0,1.0,7.0,1.0,7.0,8.0,7.0,3.0,4.0,5.0,3.4000000000000000,3.4000000000000000,2.8000000000000000,3.2500000000000000,3.4000000000000000,3.6000000000000000,3.2000000000000000,3.5000000000000000,3.6000000000000000,3.8000000000000000,Deliberative,Belief,Developer
EMP101754,Luthfi Mahendra,3.7500000000000000,39,V,S2,3,5,114.0,50,62,SI,ISFJ,31.0,9,4.0,3.0,1.0,8.0,null,8.0,7.0,4.0,6.0,null,4.0,8.0,5.0,1.0,null,7.0,6.0,5.0,9.0,7.0,4.0000000000000000,3.2000000000000000,3.4000000000000000,3.8000000000000000,3.4000000000000000,3.0000000000000000,3.2000000000000000,3.6000000000000000,4.3333333333333333,3.2000000000000000,Consistency,Woo,Individualization
EMP101755,Rafa Utami,3.2500000000000000,10,IV,D3,2,2,110.0,43,71,DI,ESFJ,26.0,8,null,2.0,3.0,5.0,6.0,3.0,1.0,4.0,2.0,9.0,null,3.0,1.0,2.0,3.0,1.0,1.0,7.0,9.0,3.0,2.5000000000000000,3.5000000000000000,3.5000000000000000,3.0000000000000000,3.2500000000000000,3.0000000000000000,3.3333333333333333,2.6666666666666667,3.7500000000000000,3.0000000000000000,Context,,
EMP101756,Rendra Hasibuan,3.0000000000000000,48,III,S1,1,2,132.0,83,83,CD,ISTJ,17.0,6,4.0,6.0,null,8.0,3.0,2.0,null,8.0,9.0,1.0,3.0,null,1.0,8.0,6.0,2.0,7.0,null,3.0,4.0,2.8000000000000000,2.8000000000000000,2.0000000000000000,2.5000000000000000,2.2500000000000000,3.0000000000000000,3.0000000000000000,2.8000000000000000,3.0000000000000000,2.6000000000000000,Strategic,Includer,Individualization
EMP101757,Rifqi Mahendra,3.5000000000000000,67,V,SMA,3,3,89.0,77,28,SC,ENTJ,20.0,3,null,1.0,6.0,6.0,8.0,1.0,null,8.0,7.0,5.0,4.0,8.0,1.0,8.0,2.0,null,1.0,9.0,6.0,3.0,3.4000000000000000,3.5000000000000000,3.2000000000000000,3.0000000000000000,3.4000000000000000,3.2000000000000000,3.6000000000000000,3.5000000000000000,3.6000000000000000,3.4000000000000000,Ideation,Responsibility,Includer
EMP101758,Indra Kusuma,3.2500000000000000,40,IV,SMA,2,2,106.0,79,78,CD,INFJ,28.0,3,5.0,2.0,8.0,null,null,7.0,9.0,8.0,4.0,7.0,8.0,2.0,4.0,9.0,2.0,null,7.0,3.0,6.0,6.0,3.7500000000000000,2.5000000000000000,3.2000000000000000,3.6000000000000000,3.3333333333333333,4.0000000000000000,3.2000000000000000,3.2000000000000000,3.4000000000000000,4.2500000000000000,Intellection,Woo,Responsibility
EMP101759,Gita Mahardika Permadi,2.8000000000000000,32,IV,S1,2,3,null,84,59,CS,ESTP,23.0,6,null,2.0,9.0,7.0,null,7.0,2.0,1.0,8.0,8.0,7.0,9.0,7.0,1.0,4.0,9.0,8.0,2.0,7.0,3.0,3.2000000000000000,2.6000000000000000,2.6000000000000000,1.6666666666666667,3.0000000000000000,2.6666666666666667,2.2500000000000000,3.0000000000000000,3.0000000000000000,3.0000000000000000,Analytical,Responsibility,Futuristic
EMP101760,Budi Putra,3.4000000000000000,40,III,S2,1,4,95.0,96,48,CI,ISFJ,25.0,10,7.0,9.0,8.0,5.0,5.0,3.0,5.0,9.0,1.0,5.0,7.0,8.0,7.0,9.0,4.0,5.0,5.0,1.0,4.0,7.0,3.6000000000000000,3.0000000000000000,3.4000000000000000,3.2000000000000000,3.8000000000000000,3.0000000000000000,2.7500000000000000,3.0000000000000000,3.6000000000000000,3.0000000000000000,Discipline,Restorative,Deliberative
EMP101761,Yoga Hidayat,3.5000000000000000,57,III,S2,1,1,111.0,53,48,CD,ENTP,28.0,6,6.0,null,3.0,2.0,1.0,7.0,null,8.0,9.0,3.0,2.0,4.0,3.0,2.0,3.0,9.0,8.0,7.0,5.0,8.0,3.7500000000000000,3.4000000000000000,2.8000000000000000,3.2000000000000000,3.2500000000000000,3.7500000000000000,3.2000000000000000,3.8000000000000000,3.2000000000000000,4.0000000000000000,Ideation,Harmony,Context
EMP101762,Fajar Saputra,3.4000000000000000,35,IV,S2,2,1,129.0,71,73,DS,INTJ,28.0,9,2.0,null,3.0,null,5.0,1.0,7.0,1.0,9.0,8.0,6.0,1.0,2.0,2.0,8.0,6.0,8.0,6.0,4.0,1.0,4.0000000000000000,4.0000000000000000,3.7500000000000000,3.5000000000000000,3.0000000000000000,3.4000000000000000,2.8000000000000000,3.2000000000000000,3.4000000000000000,3.6000000000000000,Competition,Communication,Learner
EMP101763,Dewi Tri Halim,3.4000000000000000,43,V,D3,3,5,92.0,40,43,DS,ISFP,25.0,4,null,7.0,9.0,7.0,7.0,8.0,1.0,6.0,4.0,3.0,3.0,3.0,5.0,3.0,3.0,6.0,6.0,4.0,6.0,3.0,4.4000000000000000,4.2000000000000000,4.2500000000000000,4.0000000000000000,4.5000000000000000,4.2000000000000000,3.7500000000000000,4.2500000000000000,4.4000000000000000,4.2000000000000000,Ideation,Learner,Adaptability
EMP101764,Luthfi Jatmiko Firmansyah,4.0000000000000000,20,III,S2,1,3,133.0,58,69,null,ISTP,34.0,10,7.0,7.0,2.0,7.0,1.0,null,9.0,1.0,9.0,7.0,9.0,1.0,7.0,5.0,4.0,3.0,5.0,1.0,7.0,8.0,4.0000000000000000,3.6666666666666667,4.3333333333333333,4.2500000000000000,4.0000000000000000,3.7500000000000000,4.2500000000000000,4.0000000000000000,3.6666666666666667,4.3333333333333333,Responsibility,Strategic,Focus
EMP101765,Utami Erlangga Herlambang,4.0000000000000000,56,V,S1,3,6,null,37,79,SD,ENTP,null,6,null,9.0,4.0,5.0,9.0,3.0,2.0,4.0,1.0,5.0,null,2.0,4.0,1.0,5.0,3.0,1.0,3.0,5.0,4.0,3.0000000000000000,3.7500000000000000,2.8000000000000000,2.8000000000000000,3.4000000000000000,2.5000000000000000,3.0000000000000000,3.5000000000000000,3.2000000000000000,3.3333333333333333,Deliberative,Learner,
EMP101766,Kartika Aji Pradana,3.6000000000000000,41,IV,D3,2,5,88.0,31,28,CS,INFP,11.0,2,8.0,8.0,1.0,4.0,null,null,4.0,6.0,6.0,8.0,9.0,2.0,3.0,4.0,5.0,6.0,4.0,7.0,2.0,6.0,3.4000000000000000,3.4000000000000000,3.5000000000000000,3.6000000000000000,3.4000000000000000,3.8000000000000000,3.7500000000000000,3.8000000000000000,3.6000000000000000,3.8000000000000000,Consistency,Empathy,Communication
EMP101767,Nadia Maulida,3.0000000000000000,36,III,S2,1,3,98.0,52,34,DI,INFJ,21.0,6,null,3.0,9.0,2.0,4.0,2.0,2.0,3.0,3.0,8.0,3.0,5.0,2.0,5.0,6.0,null,8.0,4.0,5.0,3.0,3.0000000000000000,3.2000000000000000,3.5000000000000000,3.3333333333333333,3.2500000000000000,3.2000000000000000,2.4000000000000000,3.0000000000000000,3.0000000000000000,3.0000000000000000,Deliberative,Self-Assurance,Command
EMP101768,Satya Yudhistira Saputra,3.2000000000000000,79,IV,S2,2,3,87.0,55,31,CI,null,24.0,10,6.0,null,9.0,2.0,6.0,9.0,2.0,6.0,8.0,8.0,5.0,1.0,9.0,null,2.0,9.0,4.0,4.0,2.0,5.0,3.5000000000000000,3.0000000000000000,3.2000000000000000,3.4000000000000000,3.2000000000000000,2.8000000000000000,3.2000000000000000,2.7500000000000000,2.7500000000000000,3.2000000000000000,Woo,Connectedness,Ideation
EMP101769,Ayunda Saputra Rohman,3.6000000000000000,44,III,SMA,1,6,null,92,85,CI,ESFJ,null,3,9.0,9.0,null,8.0,7.0,7.0,5.0,2.0,5.0,3.0,5.0,6.0,4.0,6.0,7.0,null,null,3.0,1.0,2.0,3.4000000000000000,3.5000000000000000,3.8000000000000000,3.2000000000000000,3.8000000000000000,3.8000000000000000,4.2500000000000000,3.2500000000000000,3.6000000000000000,3.8000000000000000,Harmony,Focus,Arranger
EMP101770,Zaki Qolbi Gunawan,3.0000000000000000,19,III,S1,1,3,null,91,56,DI,INTP,null,4,8.0,2.0,2.0,9.0,5.0,9.0,1.0,4.0,9.0,3.0,3.0,2.0,1.0,9.0,3.0,7.0,6.0,null,2.0,2.0,3.5000000000000000,3.5000000000000000,3.2500000000000000,3.2500000000000000,2.3333333333333333,2.7500000000000000,3.2500000000000000,3.5000000000000000,3.6666666666666667,3.5000000000000000,Maximizer,,
EMP101771,Zahra Dharma Firmansyah,3.8000000000000000,37,IV,S2,2,4,111.0,86,73,ID,INTP,23.0,3,7.0,4.0,3.0,null,4.0,2.0,5.0,4.0,7.0,9.0,2.0,9.0,8.0,5.0,4.0,null,4.0,6.0,1.0,7.0,3.0000000000000000,3.2000000000000000,3.2000000000000000,3.2000000000000000,2.7500000000000000,3.2500000000000000,2.5000000000000000,3.6000000000000000,3.4000000000000000,3.0000000000000000,Deliberative,Intellection,Harmony
EMP101772,Tania Rachman Lestari,3.2000000000000000,75,V,S1,3,6,null,41,22,DS,ENTJ,null,8,8.0,4.0,9.0,9.0,3.0,4.0,6.0,3.0,3.0,7.0,7.0,3.0,2.0,6.0,null,2.0,1.0,3.0,null,1.0,3.6000000000000000,3.2500000000000000,3.2000000000000000,2.5000000000000000,3.2500000000000000,3.0000000000000000,3.5000000000000000,3.0000000000000000,3.4000000000000000,3.6000000000000000,Arranger,Significance,Harmony
EMP101773,Lestari Lestari Salsabila,2.6000000000000000,68,V,SMA,3,4,null,84,76,CI,ENTJ,null,6,7.0,2.0,3.0,1.0,5.0,3.0,4.0,4.0,6.0,7.0,8.0,6.0,8.0,3.0,7.0,2.0,9.0,5.0,8.0,6.0,2.6000000000000000,2.0000000000000000,2.7500000000000000,2.4000000000000000,2.2000000000000000,2.6000000000000000,2.8000000000000000,2.2000000000000000,2.2000000000000000,2.6000000000000000,Achiever,Harmony,Ideation
EMP101774,Arif Anugrah Putra,2.2000000000000000,36,III,S2,1,6,null,87,45,DC,ESFP,null,6,4.0,2.0,3.0,7.0,5.0,6.0,3.0,7.0,6.0,null,9.0,2.0,8.0,6.0,8.0,4.0,6.0,2.0,6.0,7.0,2.5000000000000000,1.8000000000000000,2.5000000000000000,2.0000000000000000,2.0000000000000000,2.4000000000000000,2.4000000000000000,2.4000000000000000,3.0000000000000000,2.7500000000000000,Positivity,Learner,Communication
EMP101775,Dimas Ginting,3.2500000000000000,102,III,D3,1,6,89.0,95,93,CI,INFP,24.0,7,8.0,1.0,null,8.0,6.0,5.0,1.0,7.0,2.0,9.0,3.0,7.0,5.0,8.0,9.0,4.0,9.0,4.0,4.0,3.0,2.7500000000000000,3.2000000000000000,3.4000000000000000,3.5000000000000000,3.4000000000000000,3.8000000000000000,3.0000000000000000,3.4000000000000000,3.2500000000000000,3.6000000000000000,Self-Assurance,Consistency,Woo
EMP101776,Dwi Wijaya,2.8000000000000000,86,IV,S2,2,1,109.0,38,83,CS,ESTP,36.0,3,9.0,9.0,4.0,7.0,7.0,6.0,6.0,8.0,7.0,6.0,1.0,2.0,null,1.0,7.0,3.0,9.0,7.0,1.0,2.0,2.8000000000000000,2.8000000000000000,2.0000000000000000,2.7500000000000000,2.6000000000000000,2.6000000000000000,2.6000000000000000,3.2000000000000000,3.0000000000000000,2.8000000000000000,Analytical,Achiever,Input
EMP101777,Sari Lukman,3.2500000000000000,14,III,S1,1,5,null,33,60,IS,ENFJ,null,10,1.0,null,3.0,1.0,1.0,9.0,9.0,7.0,1.0,9.0,9.0,null,5.0,9.0,6.0,9.0,1.0,8.0,8.0,1.0,3.0000000000000000,3.7500000000000000,3.2500000000000000,2.6666666666666667,3.3333333333333333,3.5000000000000000,3.6666666666666667,4.0000000000000000,3.2500000000000000,3.0000000000000000,Woo,Individualization,Consistency
EMP101778,Dian Wijaya Setiawan,3.2000000000000000,58,V,D3,3,4,96.0,42,57,DC,ISFJ,23.0,9,9.0,3.0,2.0,1.0,5.0,7.0,6.0,2.0,4.0,9.0,4.0,4.0,1.0,7.0,9.0,7.0,7.0,3.0,1.0,null,3.5000000000000000,3.2000000000000000,3.0000000000000000,3.5000000000000000,3.0000000000000000,3.4000000000000000,2.6000000000000000,3.5000000000000000,3.2000000000000000,3.0000000000000000,Harmony,Individualization,Deliberative
EMP101779,Rifqi Kusuma Kusuma,2.5000000000000000,8,IV,D3,2,4,121.0,99,61,DS,ESFP,30.0,10,3.0,2.0,9.0,8.0,2.0,null,6.0,4.0,2.0,3.0,4.0,7.0,3.0,2.0,5.0,9.0,3.0,8.0,2.0,9.0,2.6666666666666667,2.7500000000000000,4.0000000000000000,2.0000000000000000,2.2500000000000000,2.6666666666666667,2.5000000000000000,2.7500000000000000,2.3333333333333333,2.3333333333333333,Harmony,Discipline,Connectedness
EMP101780,Vania Utama Zulfikar,4.0000000000000000,87,IV,S2,2,3,96.0,90,96,SD,ENFJ,30.0,10,2.0,6.0,null,1.0,null,8.0,1.0,2.0,1.0,7.0,null,4.0,1.0,9.0,2.0,9.0,6.0,9.0,2.0,4.0,4.0000000000000000,4.2500000000000000,3.4000000000000000,3.2500000000000000,4.2000000000000000,3.6000000000000000,4.0000000000000000,3.8000000000000000,22.8000000000000000,3.6000000000000000,Significance,Activator,Responsibility
EMP101781,Bella Candra Zulfikar,3.7500000000000000,62,V,S1,3,3,127.0,74,53,ID,ISTP,17.0,6,9.0,6.0,7.0,1.0,3.0,2.0,7.0,9.0,8.0,2.0,3.0,7.0,4.0,8.0,7.0,5.0,5.0,3.0,3.0,3.0,2.5000000000000000,3.8000000000000000,2.7500000000000000,3.8000000000000000,3.6000000000000000,3.2000000000000000,3.2000000000000000,27.0000000000000000,4.2000000000000000,3.4000000000000000,Includer,Command,Positivity
EMP101782,Prasetyo Mahardika Herlambang,2.6666666666666667,37,IV,SMA,2,5,95.0,32,86,CI,null,28.0,1,1.0,8.0,8.0,9.0,1.0,8.0,1.0,3.0,6.0,9.0,1.0,9.0,3.0,3.0,9.0,1.0,4.0,4.0,9.0,9.0,22.6000000000000000,2.8000000000000000,2.7500000000000000,2.8000000000000000,2.8000000000000000,3.0000000000000000,3.2000000000000000,3.0000000000000000,2.8000000000000000,22.0000000000000000,Individualization,,Discipline
EMP101783,Nurlita Suharto,2.7500000000000000,11,IV,S2,2,4,132.0,63,58,SD,ISTJ,37.0,3,9.0,1.0,5.0,8.0,4.0,3.0,6.0,null,9.0,6.0,7.0,8.0,9.0,null,6.0,4.0,2.0,3.0,null,4.0,2.7500000000000000,2.5000000000000000,3.0000000000000000,2.7500000000000000,2.2500000000000000,2.7500000000000000,3.2500000000000000,2.5000000000000000,2.5000000000000000,3.0000000000000000,Command,Intellection,Arranger
EMP101784,Dwi Indrawan,2.8000000000000000,42,IV,S2,2,5,88.0,37,55,DC,ESTJ,27.0,1,4.0,null,6.0,7.0,5.0,6.0,2.0,8.0,3.0,3.0,9.0,3.0,6.0,4.0,2.0,9.0,3.0,2.0,1.0,8.0,2.5000000000000000,2.6000000000000000,2.8000000000000000,3.4000000000000000,3.0000000000000000,2.5000000000000000,2.6000000000000000,2.6000000000000000,3.2000000000000000,3.0000000000000000,Responsibility,Achiever,Consistency
EMP101785,Wulan Qolbi Yulianto,3.3333333333333333,51,IV,D3,2,6,120.0,97,66,SC,ESTP,31.0,1,6.0,2.0,9.0,2.0,6.0,null,1.0,7.0,4.0,5.0,4.0,8.0,7.0,7.0,9.0,5.0,7.0,4.0,3.0,5.0,3.6000000000000000,3.2500000000000000,3.4000000000000000,2.5000000000000000,3.6666666666666667,3.6000000000000000,3.4000000000000000,3.7500000000000000,3.4000000000000000,3.6000000000000000,Responsibility,Positivity,Empathy
EMP101786,Citra Mahardika Halim,3.0000000000000000,48,V,D3,3,2,null,99,70,SI,ENTP,25.0,4,5.0,8.0,6.0,5.0,7.0,null,1.0,1.0,5.0,1.0,6.0,7.0,7.0,9.0,6.0,6.0,4.0,2.0,6.0,7.0,2.5000000000000000,2.5000000000000000,3.0000000000000000,3.6000000000000000,3.2000000000000000,3.0000000000000000,21.8000000000000000,3.2000000000000000,2.8000000000000000,3.2500000000000000,Learner,Analytical,Competition
EMP101787,Zaki Subekti,2.6000000000000000,37,IV,S2,2,3,135.0,99,80,SD,ENTJ,21.0,4,2.0,null,2.0,6.0,6.0,4.0,3.0,6.0,4.0,6.0,3.0,5.0,9.0,null,4.0,5.0,8.0,8.0,8.0,1.0,2.6000000000000000,2.5000000000000000,2.2000000000000000,2.6000000000000000,2.8000000000000000,3.0000000000000000,2.4000000000000000,22.4000000000000000,2.8000000000000000,2.6000000000000000,Communication,Developer,Self-Assurance
EMP101788,Valdo Qolbi Utami,3.8000000000000000,56,V,S1,3,1,120.0,66,97,CD,INTP,31.0,6,2.0,5.0,4.0,3.0,2.0,3.0,6.0,1.0,6.0,8.0,5.0,null,6.0,7.0,1.0,1.0,2.0,1.0,null,5.0,4.2500000000000000,4.0000000000000000,3.5000000000000000,4.0000000000000000,4.4000000000000000,4.2000000000000000,3.7500000000000000,3.7500000000000000,3.4000000000000000,3.5000000000000000,Belief,Connectedness,Communication
EMP101789,Oktavia Siregar,2.6666666666666667,42,IV,S2,2,3,127.0,97,54,DI,ESTJ,31.0,2,4.0,8.0,3.0,6.0,2.0,1.0,9.0,5.0,2.0,8.0,3.0,null,null,9.0,8.0,7.0,6.0,1.0,6.0,3.0,2.8000000000000000,2.5000000000000000,2.8000000000000000,3.0000000000000000,2.5000000000000000,2.4000000000000000,3.0000000000000000,2.8000000000000000,2.6000000000000000,3.0000000000000000,Self-Assurance,Strategic,Includer
EMP101790,Valdo Suharto,2.8000000000000000,46,IV,SMA,2,6,null,25,61,DI,INTJ,null,8,9.0,7.0,null,8.0,2.0,5.0,3.0,6.0,5.0,null,7.0,1.0,7.0,3.0,1.0,9.0,8.0,null,9.0,5.0,2.0000000000000000,2.8000000000000000,3.2500000000000000,3.2000000000000000,2.5000000000000000,2.8000000000000000,2.8000000000000000,2.7500000000000000,3.0000000000000000,3.5000000000000000,Strategic,Includer,Harmony
EMP101791,Luthfi Salsabila,3.6000000000000000,24,V,D3,3,5,97.0,47,46,DC,ISFJ,25.0,9,3.0,6.0,7.0,2.0,9.0,4.0,3.0,5.0,1.0,7.0,5.0,9.0,8.0,2.0,7.0,6.0,7.0,4.0,3.0,7.0,3.7500000000000000,4.0000000000000000,4.0000000000000000,3.8000000000000000,2.7500000000000000,3.2000000000000000,4.0000000000000000,3.6000000000000000,3.7500000000000000,3.4000000000000000,Consistency,Harmony,Intellection
EMP101792,Nadia Kusuma,4.5000000000000000,77,V,S1,3,3,140.0,81,27,SD,ENFP,29.0,9,3.0,7.0,2.0,2.0,4.0,5.0,null,8.0,6.0,5.0,2.0,3.0,2.0,3.0,4.0,9.0,5.0,5.0,2.0,7.0,4.3333333333333333,4.6000000000000000,4.6000000000000000,4.4000000000000000,4.2000000000000000,4.4000000000000000,4.4000000000000000,4.0000000000000000,5.0000000000000000,4.2500000000000000,,,Input
EMP101793,Umar Nugroho,3.5000000000000000,41,IV,S1,2,2,130.0,76,68,IC,ENFP,22.0,6,9.0,6.0,6.0,7.0,1.0,6.0,6.0,6.0,1.0,3.0,7.0,9.0,2.0,1.0,5.0,4.0,4.0,8.0,4.0,2.0,3.4000000000000000,3.6000000000000000,3.6000000000000000,3.2000000000000000,3.4000000000000000,3.7500000000000000,3.4000000000000000,3.2000000000000000,3.0000000000000000,3.2000000000000000,Positivity,Context,Woo
EMP101794,Nadia Tamba,23.0000000000000000,45,III,D3,1,1,138.0,53,90,CS,ENFP,39.0,7,3.0,4.0,5.0,1.0,8.0,9.0,9.0,5.0,4.0,6.0,1.0,3.0,3.0,5.0,7.0,7.0,9.0,9.0,5.0,5.0,4.0000000000000000,4.3333333333333333,4.7500000000000000,3.4000000000000000,4.5000000000000000,4.4000000000000000,3.5000000000000000,4.0000000000000000,3.8000000000000000,4.2500000000000000,Ideation,,Relator
EMP101795,Ayunda Tamba,3.6000000000000000,64,V,D3,3,2,null,27,71,SC,ISFP,null,8,7.0,2.0,4.0,7.0,3.0,2.0,9.0,1.0,9.0,5.0,1.0,8.0,3.0,2.0,4.0,8.0,5.0,5.0,null,9.0,4.0000000000000000,3.6000000000000000,4.0000000000000000,3.0000000000000000,3.2500000000000000,3.2000000000000000,3.0000000000000000,3.2500000000000000,4.0000000000000000,3.6000000000000000,,Woo,Activator
EMP101796,Bayu Rahmawati,3.0000000000000000,61,III,D3,1,4,105.0,50,24,CD,INTJ,18.0,2,9.0,9.0,5.0,1.0,5.0,null,null,8.0,9.0,5.0,1.0,null,4.0,7.0,3.0,1.0,9.0,7.0,3.0,2.0,2.6000000000000000,2.8000000000000000,3.0000000000000000,3.2000000000000000,3.0000000000000000,2.5000000000000000,3.2000000000000000,2.8000000000000000,3.2000000000000000,2.8000000000000000,Maximizer,Deliberative,Input
EMP101797,Rani Ananda,2.6000000000000000,52,IV,S2,2,1,101.0,75,88,CS,INTP,19.0,3,5.0,3.0,4.0,2.0,5.0,null,2.0,9.0,8.0,9.0,null,7.0,9.0,3.0,4.0,2.0,9.0,6.0,8.0,2.0,3.0000000000000000,3.0000000000000000,2.4000000000000000,2.2500000000000000,3.0000000000000000,2.7500000000000000,3.2500000000000000,2.8000000000000000,2.4000000000000000,2.2000000000000000,,Connectedness,Harmony
EMP101798,Bayu Situmorang,1.7500000000000000,69,V,D3,3,1,139.0,56,74,IC,ENFJ,29.0,3,5.0,5.0,5.0,5.0,7.0,5.0,null,4.0,3.0,null,8.0,4.0,3.0,8.0,null,5.0,9.0,1.0,7.0,5.0,2.0000000000000000,2.0000000000000000,2.0000000000000000,2.0000000000000000,2.0000000000000000,2.0000000000000000,2.0000000000000000,2.0000000000000000,2.0000000000000000,1.8000000000000000,Individualization,Woo,Self-Assurance
EMP101799,Rani Ganesha Rohman,3.5000000000000000,116,III,D3,1,6,null,26,93,DS,ISTJ,null,7,8.0,8.0,null,4.0,8.0,5.0,3.0,9.0,7.0,2.0,4.0,9.0,7.0,9.0,7.0,4.0,1.0,4.0,null,6.0,3.6000000000000000,3.3333333333333333,3.6000000000000000,4.0000000000000000,3.2000000000000000,3.2500000000000000,3.6000000000000000,3.4000000000000000,3.8000000000000000,4.0000000000000000,Relator,Consistency,Learner
EMP101800,Eko Fadillah Halim,3.2000000000000000,42,III,D3,1,4,116.0,26,29,null,ISTJ,9.0,1,7.0,1.0,9.0,6.0,null,7.0,3.0,9.0,null,6.0,null,8.0,5.0,7.0,2.0,8.0,7.0,3.0,3.0,6.0,3.0000000000000000,2.8000000000000000,3.4000000000000000,3.0000000000000000,3.6000000000000000,3.4000000000000000,3.7500000000000000,2.8000000000000000,3.0000000000000000,3.2000000000000000,Maximizer,Analytical,
EMP101801,Cahyo Wibowo,3.2000000000000000,77,IV,SMA,2,2,null,55,74,DS,ISFP,null,4,8.0,8.0,3.0,4.0,8.0,2.0,4.0,7.0,3.0,8.0,4.0,4.0,3.0,9.0,6.0,7.0,5.0,null,6.0,null,2.6000000000000000,3.4000000000000000,3.2000000000000000,2.6000000000000000,3.5000000000000000,3.6000000000000000,3.0000000000000000,3.5000000000000000,3.2500000000000000,3.6000000000000000,Significance,Responsibility,
EMP101802,Tania Wijaya Lukman,3.8000000000000000,39,III,D3,1,4,98.0,100,74,CD,ISTP,36.0,1,2.0,3.0,9.0,2.0,1.0,null,5.0,5.0,9.0,2.0,6.0,6.0,6.0,2.0,2.0,5.0,6.0,3.0,4.0,null,3.8000000000000000,3.7500000000000000,4.0000000000000000,4.0000000000000000,3.8000000000000000,3.6000000000000000,3.8000000000000000,3.5000000000000000,3.5000000000000000,3.6000000000000000,Focus,Adaptability,Command
EMP101803,Bella Rachman Hidayat,3.0000000000000000,106,III,SMA,1,1,81.0,79,53,null,ISFP,30.0,4,3.0,2.0,4.0,null,4.0,3.0,9.0,4.0,null,3.0,9.0,6.0,4.0,9.0,1.0,4.0,9.0,3.0,1.0,8.0,2.8000000000000000,3.4000000000000000,2.7500000000000000,2.6000000000000000,3.0000000000000000,3.7500000000000000,3.0000000000000000,2.8000000000000000,3.0000000000000000,3.6000000000000000,Deliberative,Analytical,Belief
EMP101804,Nurlita Baskara Sinaga,3.2500000000000000,40,IV,S1,2,4,107.0,45,74,DI,INFJ,23.0,7,6.0,7.0,6.0,7.0,3.0,2.0,1.0,3.0,9.0,8.0,4.0,1.0,9.0,4.0,7.0,1.0,null,6.0,5.0,5.0,3.0000000000000000,3.2000000000000000,3.2500000000000000,3.2000000000000000,3.8000000000000000,3.2500000000000000,3.2500000000000000,3.2000000000000000,3.6000000000000000,3.7500000000000000,Communication,Self-Assurance,Discipline
EMP101805,Evi Putra,2.8000000000000000,34,V,S2,3,2,122.0,52,94,CI,null,17.0,10,8.0,9.0,3.0,9.0,2.0,null,2.0,2.0,7.0,2.0,9.0,1.0,1.0,7.0,5.0,5.0,3.0,9.0,5.0,9.0,3.2000000000000000,3.0000000000000000,2.6000000000000000,3.5000000000000000,3.0000000000000000,2.6000000000000000,2.6000000000000000,2.2500000000000000,3.2500000000000000,3.2500000000000000,Ideation,Focus,Discipline
EMP101806,Indra Iqbal Lukman,4.0000000000000000,33,V,SMA,3,4,123.0,55,99,IC,INTJ,34.0,1,8.0,1.0,9.0,8.0,9.0,4.0,3.0,7.0,9.0,2.0,9.0,2.0,2.0,9.0,7.0,3.0,5.0,9.0,2.0,9.0,4.0000000000000000,3.6000000000000000,3.5000000000000000,3.8000000000000000,3.4000000000000000,4.6666666666666667,3.6000000000000000,3.2500000000000000,3.6000000000000000,3.4000000000000000,Futuristic,Relator,Ideation
EMP101807,Satya Fauziah,3.0000000000000000,5,III,S2,1,5,136.0,74,80,CI,ENFJ,19.0,10,2.0,4.0,6.0,7.0,3.0,1.0,5.0,3.0,1.0,6.0,4.0,1.0,4.0,7.0,7.0,8.0,5.0,4.0,5.0,6.0,2.7500000000000000,2.6666666666666667,3.0000000000000000,2.6666666666666667,4.0000000000000000,3.0000000000000000,3.0000000000000000,3.5000000000000000,3.0000000000000000,3.2500000000000000,Deliberative,Restorative,Activator
EMP101808,Dewi Rachman Simanjuntak,2.2500000000000000,64,IV,S2,2,6,80.0,32,44,ID,ISFJ,21.0,5,null,null,4.0,3.0,6.0,8.0,3.0,8.0,7.0,1.0,6.0,1.0,1.0,5.0,2.0,1.0,8.0,null,5.0,2.0,2.4000000000000000,2.0000000000000000,2.2000000000000000,2.6000000000000000,2.7500000000000000,2.6000000000000000,2.2500000000000000,2.2000000000000000,2.7500000000000000,3.3333333333333333,Futuristic,Communication,Input
EMP101809,Dinda Suharto,4.5000000000000000,17,V,SMA,3,4,108.0,92,82,CD,ENFJ,24.0,9,null,null,1.0,8.0,2.0,null,3.0,9.0,4.0,2.0,3.0,9.0,4.0,6.0,1.0,7.0,3.0,9.0,4.0,4.0,4.2500000000000000,4.2500000000000000,4.2500000000000000,4.5000000000000000,4.5000000000000000,4.0000000000000000,3.7500000000000000,4.2500000000000000,4.5000000000000000,4.3333333333333333,Intellection,Competition,Harmony
EMP101810,Dwi Tri Hartanto,3.2000000000000000,85,III,D3,1,5,132.0,46,79,null,INTJ,18.0,7,9.0,7.0,3.0,1.0,8.0,1.0,5.0,3.0,null,4.0,5.0,8.0,9.0,2.0,9.0,3.0,6.0,null,3.0,6.0,3.3333333333333333,3.7500000000000000,3.0000000000000000,3.4000000000000000,3.2000000000000000,2.7500000000000000,3.2000000000000000,3.0000000000000000,3.4000000000000000,3.0000000000000000,Competition,Learner,Communication
EMP101811,Adit Yudhistira Putra,4.2500000000000000,8,V,S1,3,4,null,57,84,DC,INFP,38.0,5,7.0,2.0,6.0,8.0,2.0,2.0,2.0,9.0,6.0,7.0,8.0,8.0,8.0,5.0,null,5.0,8.0,1.0,2.0,5.0,4.0000000000000000,4.2500000000000000,4.0000000000000000,4.0000000000000000,3.7500000000000000,4.6666666666666667,4.2500000000000000,4.5000000000000000,4.0000000000000000,4.2500000000000000,Restorative,Analytical,Positivity
EMP101812,Prasetyo Sinaga,2.2500000000000000,38,III,SMA,1,3,106.0,22,85,CI,ENFP,21.0,10,9.0,3.0,3.0,8.0,2.0,8.0,5.0,2.0,3.0,1.0,null,4.0,6.0,1.0,7.0,6.0,3.0,3.0,9.0,5.0,2.0000000000000000,1.8000000000000000,2.2000000000000000,2.5000000000000000,2.2000000000000000,2.2500000000000000,2.0000000000000000,2.0000000000000000,2.6000000000000000,2.6666666666666667,Intellection,Discipline,
EMP101813,Julia Fauziah,3.2000000000000000,30,III,S2,1,3,104.0,29,23,CS,null,33.0,8,9.0,8.0,6.0,5.0,7.0,3.0,7.0,7.0,3.0,3.0,9.0,1.0,3.0,1.0,7.0,3.0,3.0,4.0,4.0,1.0,3.2000000000000000,2.6000000000000000,3.3333333333333333,3.2000000000000000,3.0000000000000000,3.2000000000000000,3.4000000000000000,3.0000000000000000,3.2000000000000000,3.2000000000000000,Includer,Focus,Arranger
EMP101814,Rendra Wijaya Ramadhan,3.0000000000000000,7,V,D3,3,3,102.0,21,23,SD,ESTP,20.0,8,8.0,5.0,2.0,null,6.0,2.0,2.0,6.0,8.0,3.0,3.0,8.0,7.0,1.0,null,7.0,8.0,5.0,null,null,2.7500000000000000,3.3333333333333333,3.0000000000000000,2.3333333333333333,2.7500000000000000,2.5000000000000000,2.5000000000000000,3.0000000000000000,3.0000000000000000,3.0000000000000000,Maximizer,Intellection,Achiever
EMP101815,Valdo Setiawan,3.6000000000000000,27,IV,S1,2,1,135.0,42,63,DI,null,31.0,1,3.0,6.0,9.0,null,8.0,null,9.0,2.0,3.0,5.0,8.0,1.0,1.0,3.0,6.0,6.0,6.0,6.0,null,1.0,3.2000000000000000,3.4000000000000000,4.0000000000000000,3.2500000000000000,4.0000000000000000,3.8000000000000000,4.0000000000000000,3.2500000000000000,3.0000000000000000,3.8000000000000000,Positivity,Adaptability,Command
EMP101816,Rani Anugrah Zulfikar,2.6000000000000000,62,III,SMA,1,1,89.0,73,47,CD,ENFP,21.0,4,5.0,6.0,7.0,8.0,9.0,9.0,3.0,2.0,9.0,null,8.0,9.0,5.0,null,8.0,7.0,7.0,8.0,4.0,7.0,3.0000000000000000,2.4000000000000000,2.6000000000000000,2.6000000000000000,2.5000000000000000,2.6000000000000000,2.4000000000000000,2.8000000000000000,2.8000000000000000,2.8000000000000000,Achiever,Restorative,Ideation
EMP101817,Luthfi Pramudita Pradana,3.8000000000000000,51,IV,D3,2,2,132.0,21,70,DI,ESFJ,30.0,2,5.0,8.0,8.0,null,null,8.0,9.0,3.0,null,1.0,4.0,7.0,1.0,4.0,2.0,7.0,null,null,5.0,3.0,2.6000000000000000,2.6000000000000000,2.6000000000000000,3.0000000000000000,2.8000000000000000,2.8000000000000000,2.8000000000000000,2.6000000000000000,3.0000000000000000,3.2000000000000000,Includer,Relator,Self-Assurance
EMP101818,Oka Anugrah Kusuma,3.4000000000000000,67,III,S1,1,2,122.0,44,75,CD,INFP,26.0,9,null,4.0,null,3.0,9.0,6.0,2.0,1.0,4.0,9.0,9.0,3.0,null,2.0,6.0,6.0,8.0,8.0,7.0,3.0,3.7500000000000000,3.4000000000000000,3.2000000000000000,3.6000000000000000,3.0000000000000000,3.2000000000000000,3.7500000000000000,3.5000000000000000,3.6000000000000000,3.5000000000000000,Responsibility,Command,Learner
EMP101819,Tania Ananda,3.2500000000000000,11,V,S2,3,1,140.0,99,29,SC,ESFP,33.0,10,null,3.0,9.0,5.0,7.0,7.0,7.0,1.0,6.0,9.0,1.0,1.0,3.0,8.0,5.0,3.0,7.0,3.0,6.0,3.0,3.0000000000000000,3.5000000000000000,3.2500000000000000,3.2500000000000000,3.7500000000000000,3.3333333333333333,3.0000000000000000,3.2500000000000000,2.7500000000000000,3.0000000000000000,Connectedness,Arranger,Futuristic
EMP101820,Dinda Zulfikar Rahmawati,3.6000000000000000,46,IV,S2,2,5,113.0,71,24,SI,ISTP,31.0,5,6.0,3.0,8.0,7.0,9.0,2.0,8.0,6.0,null,2.0,9.0,1.0,null,1.0,6.0,null,3.0,4.0,5.0,5.0,3.6000000000000000,4.0000000000000000,3.4000000000000000,3.4000000000000000,3.6000000000000000,4.2000000000000000,3.5000000000000000,3.8000000000000000,3.2500000000000000,4.0000000000000000,Relator,Arranger,Woo
EMP101821,Umar Halim,2.7500000000000000,59,V,S1,3,2,106.0,28,66,SI,ESTJ,39.0,2,5.0,8.0,7.0,9.0,5.0,7.0,5.0,2.0,7.0,7.0,8.0,9.0,7.0,6.0,8.0,null,4.0,3.0,7.0,6.0,2.2000000000000000,2.4000000000000000,3.0000000000000000,2.6000000000000000,2.4000000000000000,2.2000000000000000,2.4000000000000000,3.2500000000000000,2.4000000000000000,3.5000000000000000,Ideation,Empathy,Includer
EMP101822,Nadia Anugrah Lestari,2.7500000000000000,61,III,SMA,1,2,93.0,35,33,DI,ENTP,31.0,3,8.0,7.0,4.0,2.0,null,6.0,6.0,6.0,5.0,4.0,9.0,6.0,9.0,null,3.0,1.0,3.0,5.0,7.0,8.0,3.4000000000000000,3.0000000000000000,2.6666666666666667,3.5000000000000000,3.0000000000000000,2.7500000000000000,3.2500000000000000,3.0000000000000000,2.2000000000000000,2.8000000000000000,Ideation,Command,Belief
EMP101823,Prasetyo Jatmiko Rohman,3.8000000000000000,56,V,D3,3,5,86.0,62,51,CI,ENFP,36.0,8,5.0,9.0,3.0,5.0,1.0,8.0,2.0,2.0,4.0,9.0,6.0,5.0,3.0,4.0,4.0,8.0,6.0,9.0,2.0,5.0,4.0000000000000000,4.0000000000000000,3.2000000000000000,4.0000000000000000,3.4000000000000000,3.4000000000000000,3.7500000000000000,3.6000000000000000,4.3333333333333333,3.6000000000000000,Strategic,Intellection,Individualization
EMP101824,Galih Zulfikar Permadi,4.0000000000000000,45,III,S2,1,4,null,27,37,DC,INFP,null,4,8.0,5.0,7.0,1.0,8.0,9.0,1.0,null,9.0,4.0,1.0,8.0,8.0,null,4.0,4.0,8.0,2.0,4.0,5.0,4.0000000000000000,4.0000000000000000,4.2000000000000000,3.8000000000000000,4.0000000000000000,3.8000000000000000,4.2000000000000000,4.3333333333333333,4.0000000000000000,4.0000000000000000,Developer,Command,Intellection
EMP101825,Adit Iqbal Santoso,2.4000000000000000,45,V,SMA,3,5,null,67,94,SC,ESFJ,null,4,7.0,6.0,1.0,6.0,4.0,5.0,3.0,null,6.0,null,2.0,9.0,2.0,4.0,8.0,8.0,4.0,4.0,3.0,2.0,2.7500000000000000,2.2000000000000000,2.4000000000000000,2.8000000000000000,2.6000000000000000,2.5000000000000000,1.7500000000000000,3.0000000000000000,2.4000000000000000,2.4000000000000000,Input,Woo,Context
EMP101826,Yuni Situmorang,2.5000000000000000,47,III,SMA,1,5,91.0,51,78,null,ISTP,14.0,5,5.0,8.0,3.0,5.0,4.0,3.0,9.0,6.0,5.0,8.0,5.0,1.0,8.0,9.0,3.0,7.0,4.0,4.0,4.0,8.0,2.2000000000000000,2.0000000000000000,2.7500000000000000,2.5000000000000000,2.4000000000000000,2.7500000000000000,2.5000000000000000,2.6000000000000000,2.6000000000000000,3.0000000000000000,Communication,Positivity,Maximizer
EMP101827,Fajar Candra Zulfikar,3.7500000000000000,55,V,S1,3,1,81.0,36,84,CD,ENFP,28.0,9,null,8.0,4.0,2.0,1.0,8.0,5.0,9.0,9.0,5.0,1.0,9.0,1.0,6.0,9.0,2.0,9.0,6.0,6.0,9.0,4.0000000000000000,3.5000000000000000,4.0000000000000000,4.0000000000000000,3.8000000000000000,4.0000000000000000,4.2500000000000000,4.0000000000000000,4.0000000000000000,3.2500000000000000,Focus,Achiever,Relator
EMP101828,Eko Halim,3.6000000000000000,80,V,D3,3,5,null,67,53,SD,INFJ,null,7,null,null,3.0,7.0,8.0,8.0,3.0,7.0,5.0,null,6.0,9.0,9.0,7.0,6.0,3.0,7.0,1.0,6.0,5.0,3.2500000000000000,3.2500000000000000,3.6000000000000000,3.4000000000000000,3.0000000000000000,3.8000000000000000,3.0000000000000000,2.5000000000000000,3.2500000000000000,4.2000000000000000,Learner,Includer,Individualization
EMP101829,Umar Ganesha Maulida,4.0000000000000000,51,V,D3,3,1,89.0,94,36,DS,ENFP,24.0,5,1.0,null,9.0,2.0,4.0,null,7.0,4.0,3.0,4.0,1.0,1.0,7.0,3.0,null,9.0,8.0,1.0,5.0,1.0,4.0000000000000000,4.2000000000000000,4.0000000000000000,4.0000000000000000,3.6000000000000000,3.6000000000000000,4.0000000000000000,3.5000000000000000,3.4000000000000000,3.6000000000000000,Relator,Restorative,Consistency
EMP101830,Umar Setiawan,2.7500000000000000,76,IV,S1,2,5,80.0,88,28,DS,INTJ,17.0,2,6.0,8.0,8.0,4.0,8.0,4.0,2.0,4.0,3.0,null,3.0,4.0,3.0,9.0,4.0,3.0,5.0,null,8.0,5.0,2.8000000000000000,2.2000000000000000,2.6000000000000000,3.0000000000000000,2.7500000000000000,2.6000000000000000,2.2000000000000000,2.6666666666666667,3.0000000000000000,3.0000000000000000,Consistency,Command,Woo
EMP101831,Cahyo Wijaya Lukman,2.8000000000000000,100,III,SMA,1,5,107.0,65,50,IS,ISFP,33.0,2,8.0,3.0,4.0,5.0,3.0,9.0,4.0,8.0,1.0,9.0,1.0,7.0,7.0,9.0,5.0,null,6.0,1.0,8.0,2.0,2.2500000000000000,2.6666666666666667,2.7500000000000000,2.2500000000000000,2.8000000000000000,2.6000000000000000,2.8000000000000000,3.6000000000000000,3.2000000000000000,2.4000000000000000,Restorative,Responsibility,Relator
EMP101832,Eko Putra,3.4000000000000000,72,IV,S2,2,1,123.0,38,86,CS,null,25.0,10,6.0,null,2.0,7.0,5.0,8.0,7.0,9.0,null,7.0,5.0,null,1.0,3.0,7.0,5.0,4.0,7.0,8.0,8.0,3.4000000000000000,3.6000000000000000,3.5000000000000000,3.7500000000000000,3.2500000000000000,3.4000000000000000,2.8000000000000000,4.0000000000000000,3.0000000000000000,3.0000000000000000,Input,Strategic,Ideation
EMP101833,Zaki Lukman,2.8000000000000000,69,IV,SMA,2,2,140.0,91,81,DI,ISTJ,27.0,7,4.0,1.0,2.0,3.0,1.0,6.0,null,9.0,6.0,3.0,1.0,8.0,3.0,3.0,2.0,6.0,6.0,6.0,1.0,4.0,3.2000000000000000,2.6000000000000000,2.6000000000000000,2.5000000000000000,3.0000000000000000,3.0000000000000000,3.2000000000000000,2.8000000000000000,2.8000000000000000,2.5000000000000000,Command,Communication,Focus
EMP101834,Fitri Subekti,2.4000000000000000,28,III,S1,1,6,85.0,67,53,SC,INFP,31.0,4,7.0,5.0,8.0,6.0,2.0,3.0,5.0,1.0,6.0,8.0,6.0,4.0,7.0,6.0,7.0,5.0,1.0,7.0,8.0,2.0,2.2000000000000000,2.2500000000000000,2.0000000000000000,2.6000000000000000,3.0000000000000000,2.4000000000000000,2.2000000000000000,2.5000000000000000,2.4000000000000000,1.3333333333333333,Achiever,Positivity,Arranger
EMP101835,Yoga Kusuma,4.2000000000000000,55,V,D3,3,6,121.0,34,65,CI,ESFP,26.0,10,8.0,3.0,2.0,3.0,1.0,5.0,5.0,8.0,7.0,8.0,5.0,1.0,3.0,8.0,4.0,2.0,4.0,1.0,9.0,7.0,4.0000000000000000,3.8000000000000000,4.2000000000000000,4.0000000000000000,4.6000000000000000,4.0000000000000000,4.2000000000000000,4.2000000000000000,3.8000000000000000,4.4000000000000000,Futuristic,Ideation,Achiever
EMP101836,Luthfi Ramadhan,4.2000000000000000,56,V,S1,3,6,106.0,81,44,CI,null,39.0,4,2.0,5.0,5.0,1.0,2.0,4.0,8.0,6.0,7.0,1.0,2.0,7.0,4.0,8.0,9.0,1.0,2.0,5.0,4.0,9.0,4.4000000000000000,4.6000000000000000,4.4000000000000000,4.5000000000000000,4.0000000000000000,4.2000000000000000,4.0000000000000000,23.2000000000000000,4.3333333333333333,4.6000000000000000,Learner,Self-Assurance,Consistency
EMP101837,Zahra Iqbal Pradana,2.6000000000000000,37,III,S2,1,1,137.0,22,61,null,INFJ,29.0,9,9.0,8.0,null,4.0,null,4.0,null,5.0,8.0,2.0,9.0,1.0,6.0,1.0,7.0,7.0,3.0,5.0,7.0,3.0,2.6000000000000000,2.7500000000000000,2.6000000000000000,2.0000000000000000,2.6000000000000000,2.8000000000000000,3.0000000000000000,2.4000000000000000,3.0000000000000000,2.2000000000000000,Command,Restorative,Includer
EMP101838,Intan Aji Simanjuntak,3.4000000000000000,55,V,S2,3,4,null,74,98,CI,ENTP,null,4,7.0,3.0,2.0,7.0,9.0,4.0,8.0,null,7.0,4.0,9.0,5.0,2.0,8.0,4.0,8.0,null,1.0,5.0,5.0,2.8000000000000000,3.2000000000000000,3.6000000000000000,3.2500000000000000,3.2500000000000000,3.0000000000000000,3.0000000000000000,3.6000000000000000,3.4000000000000000,4.0000000000000000,,Focus,Maximizer
EMP101839,Rendra Mahendra,2.4000000000000000,53,IV,SMA,2,3,117.0,20,90,CI,ISTP,31.0,10,9.0,7.0,8.0,9.0,8.0,4.0,6.0,1.0,8.0,1.0,2.0,null,2.0,7.0,4.0,2.0,9.0,8.0,9.0,null,2.6000000000000000,2.4000000000000000,3.4000000000000000,2.8000000000000000,2.7500000000000000,2.6000000000000000,2.4000000000000000,2.2000000000000000,2.2000000000000000,2.0000000000000000,Ideation,Command,Relator
EMP101840,Rizka Erlangga Ananda,3.5000000000000000,105,III,S2,1,5,123.0,71,51,SI,ESTJ,24.0,10,1.0,4.0,2.0,9.0,7.0,5.0,3.0,7.0,5.0,null,7.0,7.0,8.0,null,6.0,9.0,3.0,2.0,6.0,8.0,3.4000000000000000,3.2000000000000000,3.6000000000000000,3.5000000000000000,3.6000000000000000,3.4000000000000000,3.0000000000000000,3.2000000000000000,3.2500000000000000,3.5000000000000000,,,Achiever
EMP101841,Bella Lukman,3.0000000000000000,25,III,D3,1,2,113.0,87,66,DC,INTP,29.0,3,5.0,9.0,7.0,8.0,2.0,2.0,2.0,9.0,4.0,7.0,4.0,7.0,5.0,1.0,8.0,4.0,5.0,2.0,8.0,7.0,3.6666666666666667,3.0000000000000000,3.0000000000000000,3.2000000000000000,2.8000000000000000,2.8000000000000000,3.2000000000000000,3.4000000000000000,3.0000000000000000,2.8000000000000000,Relator,Maximizer,Restorative
EMP101842,Luthfi Baskara Saputra,1.6666666666666667,6,IV,S2,2,3,null,48,61,CD,ISFJ,null,4,3.0,6.0,null,5.0,3.0,7.0,7.0,8.0,2.0,8.0,2.0,9.0,6.0,1.0,6.0,8.0,2.0,6.0,1.0,null,2.7500000000000000,1.3333333333333333,2.3333333333333333,1.00000000000000000000,2.2500000000000000,2.6666666666666667,2.0000000000000000,2.5000000000000000,2.0000000000000000,2.5000000000000000,Restorative,Maximizer,Belief
EMP101843,Ayunda Halim,2.8000000000000000,49,III,S2,1,2,97.0,59,69,SD,ISFJ,33.0,1,8.0,8.0,5.0,null,null,7.0,9.0,1.0,null,1.0,6.0,6.0,2.0,3.0,1.0,8.0,6.0,8.0,8.0,1.0,3.0000000000000000,3.0000000000000000,2.4000000000000000,3.4000000000000000,3.0000000000000000,3.0000000000000000,3.0000000000000000,2.8000000000000000,3.5000000000000000,2.7500000000000000,Context,Learner,Connectedness
EMP101844,Dimas Wijaya,4.0000000000000000,63,V,S1,3,1,null,32,98,DI,ENTJ,32.0,6,5.0,null,9.0,7.0,6.0,3.0,3.0,8.0,9.0,9.0,4.0,3.0,2.0,null,4.0,7.0,5.0,2.0,5.0,2.0,4.0000000000000000,3.6000000000000000,3.8000000000000000,3.8000000000000000,3.8000000000000000,3.8000000000000000,3.8000000000000000,4.0000000000000000,3.2500000000000000,4.2000000000000000,Harmony,Positivity,Belief
EMP101845,Ahmad Salsabila,4.2500000000000000,49,V,S1,3,3,114.0,52,99,DI,ISTP,18.0,3,1.0,4.0,2.0,4.0,5.0,1.0,5.0,3.0,9.0,7.0,1.0,null,1.0,1.0,5.0,2.0,1.0,3.0,5.0,7.0,4.2000000000000000,4.2500000000000000,4.0000000000000000,3.8000000000000000,4.2000000000000000,4.0000000000000000,4.2000000000000000,4.6000000000000000,3.6000000000000000,3.6000000000000000,Maximizer,Significance,
EMP101846,Arif Suharto,2.6000000000000000,53,III,D3,1,4,88.0,71,34,DS,ISTJ,16.0,10,8.0,6.0,1.0,7.0,9.0,4.0,1.0,null,3.0,9.0,5.0,1.0,8.0,9.0,1.0,8.0,5.0,8.0,2.0,4.0,3.0000000000000000,2.7500000000000000,2.8000000000000000,2.7500000000000000,2.8000000000000000,3.2500000000000000,3.0000000000000000,2.8000000000000000,2.4000000000000000,21.8000000000000000,Ideation,,Activator
EMP101847,Sari Utama Maulida,3.2500000000000000,39,IV,S1,2,1,null,23,22,SD,INTP,null,9,2.0,9.0,2.0,1.0,5.0,9.0,1.0,4.0,4.0,8.0,8.0,8.0,5.0,9.0,2.0,1.0,9.0,null,9.0,3.0,4.0000000000000000,3.4000000000000000,3.6000000000000000,3.8000000000000000,3.8000000000000000,3.6000000000000000,3.0000000000000000,3.2000000000000000,3.2000000000000000,3.6000000000000000,Woo,Strategic,Intellection
EMP101848,Yuni Pamungkas,3.3333333333333333,0,IV,S2,2,6,138.0,100,41,DI,INTJ,39.0,8,6.0,1.0,4.0,6.0,6.0,5.0,8.0,7.0,7.0,4.0,7.0,4.0,8.0,null,7.0,1.0,7.0,3.0,7.0,1.0,3.7500000000000000,2.6666666666666667,4.2500000000000000,4.0000000000000000,3.7500000000000000,3.2500000000000000,4.0000000000000000,3.2500000000000000,3.5000000000000000,2.5000000000000000,Positivity,Restorative,Significance
EMP101849,Teguh Tri Pratama,3.6000000000000000,83,IV,S1,2,3,95.0,56,35,CS,ESFP,39.0,5,8.0,9.0,1.0,null,9.0,4.0,4.0,6.0,7.0,null,6.0,5.0,6.0,4.0,3.0,5.0,null,3.0,8.0,null,4.2500000000000000,3.6000000000000000,3.8000000000000000,3.4000000000000000,3.6000000000000000,3.6000000000000000,4.0000000000000000,4.0000000000000000,4.4000000000000000,3.8000000000000000,Command,Empathy,
EMP101850,Kartika Saputra Kusuma,4.0000000000000000,34,V,D3,3,5,123.0,53,72,DC,ISFJ,23.0,4,5.0,1.0,4.0,8.0,4.0,4.0,5.0,4.0,9.0,9.0,2.0,3.0,9.0,6.0,1.0,1.0,5.0,9.0,8.0,6.0,4.2000000000000000,4.0000000000000000,4.0000000000000000,3.6666666666666667,3.7500000000000000,3.5000000000000000,3.4000000000000000,4.0000000000000000,3.6000000000000000,4.0000000000000000,Activator,Positivity,Woo
EMP101851,Yuni Aji Purnama,3.2000000000000000,38,IV,S1,2,5,null,35,57,ID,ISTJ,25.0,6,9.0,3.0,8.0,4.0,5.0,null,2.0,7.0,null,2.0,7.0,2.0,5.0,1.0,2.0,2.0,3.0,1.0,3.0,9.0,2.6000000000000000,3.5000000000000000,3.0000000000000000,3.0000000000000000,3.6666666666666667,3.4000000000000000,3.6000000000000000,3.2000000000000000,22.6000000000000000,3.2500000000000000,Adaptability,Command,Individualization
EMP101852,Nugroho Dharma Mahendra,3.0000000000000000,13,IV,S1,2,4,135.0,29,22,null,ESFJ,16.0,8,null,1.0,9.0,7.0,2.0,3.0,8.0,9.0,7.0,null,5.0,5.0,5.0,1.0,6.0,7.0,8.0,5.0,1.0,6.0,2.7500000000000000,2.7500000000000000,3.2500000000000000,3.0000000000000000,2.5000000000000000,2.7500000000000000,2.7500000000000000,3.2500000000000000,3.0000000000000000,2.7500000000000000,Includer,Achiever,Intellection
EMP101853,Kurnia Suharto,2.8000000000000000,56,V,S1,3,1,null,82,53,null,ENTP,null,8,6.0,9.0,7.0,9.0,9.0,4.0,5.0,null,5.0,7.0,8.0,2.0,3.0,2.0,8.0,8.0,4.0,6.0,null,9.0,2.8000000000000000,2.6000000000000000,2.8000000000000000,3.0000000000000000,3.2500000000000000,3.0000000000000000,2.4000000000000000,3.0000000000000000,3.2500000000000000,2.0000000000000000,Responsibility,Includer,Adaptability
EMP101854,Joko Mahendra,3.0000000000000000,40,III,S1,1,1,93.0,64,90,DC,ISFP,19.0,2,5.0,3.0,5.0,6.0,8.0,9.0,1.0,3.0,4.0,6.0,null,6.0,8.0,9.0,8.0,3.0,1.0,1.0,3.0,5.0,3.0000000000000000,3.0000000000000000,3.0000000000000000,2.7500000000000000,2.6000000000000000,3.0000000000000000,3.2000000000000000,3.7500000000000000,3.0000000000000000,3.4000000000000000,Intellection,Futuristic,Command
EMP101855,Rizki Pratama,3.6000000000000000,71,V,D3,3,2,116.0,85,58,CI,ENFP,20.0,8,3.0,2.0,2.0,null,9.0,null,1.0,6.0,3.0,7.0,3.0,3.0,8.0,5.0,9.0,6.0,4.0,5.0,6.0,2.0,3.4000000000000000,3.2500000000000000,3.6000000000000000,3.4000000000000000,3.5000000000000000,3.6000000000000000,3.4000000000000000,3.0000000000000000,3.8000000000000000,3.3333333333333333,,Focus,Developer
EMP101856,Hadi Jatmiko Subekti,2.6666666666666667,33,IV,S1,2,5,124.0,83,22,DI,ISTJ,18.0,2,8.0,9.0,2.0,3.0,null,9.0,7.0,3.0,2.0,null,1.0,3.0,6.0,4.0,6.0,3.0,1.0,1.0,4.0,6.0,3.5000000000000000,2.3333333333333333,2.8000000000000000,2.4000000000000000,2.5000000000000000,3.4000000000000000,2.5000000000000000,2.6000000000000000,3.2000000000000000,3.2000000000000000,Individualization,Self-Assurance,
EMP101857,Andi Hartanto,3.4000000000000000,92,V,D3,3,4,88.0,71,36,DI,null,17.0,7,8.0,1.0,7.0,3.0,8.0,7.0,8.0,9.0,1.0,4.0,2.0,4.0,8.0,1.0,null,1.0,null,8.0,2.0,9.0,2.7500000000000000,3.6666666666666667,3.2000000000000000,3.6000000000000000,3.5000000000000000,3.8000000000000000,3.8000000000000000,4.2500000000000000,3.0000000000000000,3.6000000000000000,Communication,Strategic,Futuristic
EMP101858,Intan Candra Siregar,3.0000000000000000,5,V,D3,3,6,127.0,59,80,DS,ENTP,30.0,6,1.0,4.0,5.0,null,7.0,9.0,6.0,6.0,2.0,2.0,3.0,2.0,3.0,9.0,6.0,5.0,6.0,5.0,1.0,9.0,2.5000000000000000,3.5000000000000000,3.3333333333333333,3.0000000000000000,2.0000000000000000,3.0000000000000000,3.3333333333333333,2.7500000000000000,3.3333333333333333,2.3333333333333333,Ideation,Deliberative,Analytical
EMP101859,Ayunda Lestari Ridwan,2.4000000000000000,56,III,D3,1,6,96.0,80,84,null,ESTP,40.0,1,null,1.0,8.0,8.0,3.0,1.0,2.0,8.0,5.0,1.0,4.0,3.0,8.0,9.0,9.0,6.0,8.0,1.0,7.0,2.0,1.5000000000000000,2.3333333333333333,2.4000000000000000,2.6000000000000000,2.7500000000000000,2.8000000000000000,2.8000000000000000,1.7500000000000000,2.8000000000000000,2.7500000000000000,Restorative,Intellection,Context
EMP101860,Putri Pamungkas,3.7500000000000000,16,III,S1,1,1,139.0,99,79,SD,ENFP,25.0,7,null,6.0,9.0,5.0,6.0,9.0,7.0,6.0,null,9.0,5.0,1.0,6.0,4.0,null,5.0,2.0,2.0,8.0,3.0,4.3333333333333333,3.5000000000000000,3.2500000000000000,4.0000000000000000,3.2500000000000000,4.0000000000000000,3.7500000000000000,3.7500000000000000,4.0000000000000000,3.7500000000000000,Positivity,Analytical,Maximizer
EMP101861,Fajar Saputra Kurniawan,2.0000000000000000,12,V,S1,3,5,88.0,62,63,DI,INFP,23.0,4,null,2.0,9.0,null,null,8.0,4.0,3.0,1.0,5.0,6.0,9.0,6.0,6.0,3.0,4.0,9.0,null,2.0,8.0,2.0000000000000000,2.2500000000000000,2.3333333333333333,2.5000000000000000,1.2500000000000000,1.7500000000000000,1.6666666666666667,2.0000000000000000,2.5000000000000000,2.0000000000000000,Adaptability,Context,Includer
EMP101862,Rendra Sinaga,3.8000000000000000,31,IV,S2,2,2,109.0,63,79,SD,ESTJ,26.0,8,3.0,null,8.0,2.0,9.0,1.0,7.0,6.0,null,7.0,8.0,3.0,9.0,1.0,9.0,8.0,8.0,3.0,null,4.0,4.0000000000000000,3.7500000000000000,3.6000000000000000,4.2000000000000000,4.2000000000000000,3.6000000000000000,4.0000000000000000,3.7500000000000000,3.6000000000000000,3.8000000000000000,Achiever,Relator,Restorative
EMP101863,Wahyu Lestari,3.3333333333333333,29,III,S2,1,4,124.0,48,22,DC,INTP,40.0,4,9.0,2.0,2.0,5.0,null,3.0,9.0,3.0,3.0,2.0,7.0,4.0,7.0,6.0,null,3.0,7.0,9.0,null,4.0,3.4000000000000000,3.5000000000000000,3.2000000000000000,3.4000000000000000,3.0000000000000000,27.2500000000000000,3.8000000000000000,3.4000000000000000,4.2500000000000000,3.2000000000000000,,,Maximizer
EMP101864,Putri Utama Siregar,3.0000000000000000,59,III,S1,1,5,106.0,21,63,IC,INTP,20.0,4,7.0,4.0,7.0,2.0,9.0,null,6.0,4.0,7.0,null,2.0,7.0,1.0,8.0,9.0,4.0,6.0,null,7.0,1.0,3.2000000000000000,2.6000000000000000,3.4000000000000000,3.2000000000000000,3.2500000000000000,2.7500000000000000,2.8000000000000000,2.6000000000000000,3.2500000000000000,3.0000000000000000,Maximizer,Discipline,Adaptability
EMP101865,Anisa Qolbi Setiawan,2.8000000000000000,27,IV,SMA,2,2,103.0,62,79,SD,INFJ,31.0,2,5.0,8.0,9.0,5.0,8.0,8.0,5.0,9.0,null,9.0,null,3.0,9.0,2.0,4.0,6.0,2.0,9.0,7.0,2.0,2.5000000000000000,3.0000000000000000,2.6000000000000000,2.8000000000000000,3.0000000000000000,3.6666666666666667,2.5000000000000000,2.8000000000000000,2.8000000000000000,2.4000000000000000,Positivity,Context,Consistency
EMP101866,Julia Tri Wibowo,3.0000000000000000,28,IV,S1,2,1,99.0,51,43,SI,ENFJ,33.0,3,7.0,2.0,6.0,3.0,9.0,6.0,1.0,4.0,9.0,4.0,8.0,3.0,8.0,2.0,2.0,7.0,4.0,5.0,5.0,null,3.2000000000000000,2.5000000000000000,22.4000000000000000,3.0000000000000000,2.8000000000000000,3.0000000000000000,2.4000000000000000,3.0000000000000000,4.5000000000000000,2.5000000000000000,Strategic,Arranger,Input
EMP101867,Rizki Rahmawati,3.2500000000000000,36,III,S2,1,4,92.0,74,58,IS,ENTJ,19.0,8,5.0,8.0,8.0,6.0,8.0,1.0,2.0,5.0,3.0,4.0,8.0,3.0,3.0,5.0,9.0,6.0,1.0,2.0,2.0,null,4.0000000000000000,3.2000000000000000,3.2000000000000000,3.6000000000000000,3.2000000000000000,3.5000000000000000,34.0000000000000000,3.2000000000000000,3.6000000000000000,3.7500000000000000,Focus,Achiever,
EMP101868,Dinda Hidayat,3.2000000000000000,45,III,SMA,1,1,100.0,21,86,null,ENTP,31.0,2,5.0,3.0,5.0,9.0,7.0,9.0,8.0,1.0,4.0,6.0,6.0,3.0,3.0,8.0,5.0,6.0,3.0,4.0,6.0,1.0,3.2000000000000000,3.4000000000000000,3.2000000000000000,3.7500000000000000,3.0000000000000000,3.8000000000000000,3.0000000000000000,3.6000000000000000,3.4000000000000000,3.2500000000000000,Belief,Positivity,Woo
EMP101869,Mahendra Nugroho,2.2500000000000000,4,III,S2,1,3,113.0,99,43,IC,null,28.0,1,5.0,5.0,6.0,4.0,1.0,4.0,5.0,1.0,2.0,6.0,null,5.0,6.0,5.0,7.0,null,8.0,6.0,7.0,9.0,2.2500000000000000,2.2500000000000000,2.7500000000000000,2.0000000000000000,2.0000000000000000,26.5000000000000000,1.7500000000000000,1.6666666666666667,2.2500000000000000,2.2500000000000000,Futuristic,Context,Consistency
EMP101870,Ayu Wijaya Putra,2.7500000000000000,53,III,S2,1,6,null,65,56,IS,ESFJ,33.0,8,2.0,8.0,1.0,4.0,3.0,8.0,3.0,9.0,9.0,4.0,1.0,8.0,null,7.0,8.0,null,8.0,8.0,3.0,6.0,2.8000000000000000,3.0000000000000000,2.8000000000000000,3.0000000000000000,3.2000000000000000,2.8000000000000000,3.2000000000000000,3.0000000000000000,3.0000000000000000,3.2000000000000000,Arranger,Includer,Harmony
EMP101871,Zaki Tamba,2.8000000000000000,78,IV,S1,2,5,98.0,82,20,CS,ENFJ,29.0,2,4.0,5.0,2.0,null,8.0,5.0,3.0,3.0,4.0,9.0,null,5.0,7.0,1.0,5.0,5.0,6.0,9.0,1.0,null,2.5000000000000000,3.0000000000000000,3.0000000000000000,2.8000000000000000,2.5000000000000000,2.6666666666666667,3.2500000000000000,3.2500000000000000,3.2000000000000000,2.0000000000000000,Responsibility,Empathy,Belief
EMP101872,Ahmad Erlangga Maulida,3.4000000000000000,71,V,S2,3,2,87.0,89,94,null,ISFP,26.0,2,9.0,2.0,2.0,3.0,2.0,8.0,7.0,2.0,null,8.0,4.0,2.0,3.0,9.0,3.0,3.0,7.0,1.0,null,5.0,3.8000000000000000,4.3333333333333333,3.0000000000000000,3.2000000000000000,3.4000000000000000,3.4000000000000000,3.5000000000000000,3.4000000000000000,3.3333333333333333,3.0000000000000000,Maximizer,Futuristic,Command
EMP101873,Ahmad Tamba,3.2500000000000000,81,IV,D3,2,4,98.0,45,86,SC,INTJ,27.0,1,3.0,7.0,2.0,2.0,6.0,2.0,7.0,2.0,8.0,6.0,1.0,5.0,3.0,4.0,6.0,3.0,6.0,9.0,null,9.0,2.2000000000000000,2.0000000000000000,2.6000000000000000,2.2500000000000000,2.2000000000000000,2.0000000000000000,1.5000000000000000,2.2000000000000000,2.2000000000000000,2.2000000000000000,Ideation,,Strategic
EMP101874,Nadia Siregar,3.2000000000000000,61,III,S1,1,5,null,48,67,DI,ENFJ,null,3,3.0,4.0,3.0,6.0,1.0,1.0,6.0,5.0,3.0,5.0,6.0,4.0,2.0,2.0,7.0,6.0,9.0,8.0,8.0,1.0,3.0000000000000000,3.4000000000000000,3.6666666666666667,3.4000000000000000,3.2000000000000000,3.0000000000000000,3.2000000000000000,3.0000000000000000,2.8000000000000000,2.8000000000000000,Strategic,Analytical,Significance
EMP101875,Rendra Santoso,3.0000000000000000,75,IV,S2,2,5,98.0,74,38,IC,ENFP,20.0,3,6.0,6.0,1.0,5.0,6.0,6.0,5.0,null,3.0,5.0,4.0,5.0,4.0,8.0,9.0,8.0,2.0,1.0,5.0,8.0,2.8000000000000000,3.2000000000000000,3.0000000000000000,2.6666666666666667,2.8000000000000000,3.0000000000000000,3.2000000000000000,2.7500000000000000,3.2000000000000000,3.2000000000000000,Intellection,Futuristic,Focus
EMP101876,Tania Saputra,2.6000000000000000,32,V,D3,3,5,95.0,25,34,IS,ISFJ,26.0,4,5.0,1.0,5.0,7.0,8.0,4.0,5.0,4.0,2.0,8.0,7.0,7.0,7.0,7.0,8.0,2.0,7.0,9.0,2.0,4.0,2.5000000000000000,2.0000000000000000,2.5000000000000000,2.2000000000000000,2.8000000000000000,2.8000000000000000,2.5000000000000000,2.2500000000000000,2.2500000000000000,3.0000000000000000,Responsibility,,Competition
EMP101877,Iman Suharto,4.0000000000000000,14,III,S1,1,3,134.0,60,47,DS,INFP,33.0,10,7.0,2.0,5.0,null,2.0,4.0,6.0,6.0,3.0,null,4.0,2.0,9.0,1.0,null,5.0,5.0,8.0,2.0,5.0,3.2500000000000000,3.7500000000000000,3.5000000000000000,4.0000000000000000,4.0000000000000000,3.5000000000000000,3.3333333333333333,3.6666666666666667,4.0000000000000000,3.7500000000000000,Futuristic,Input,Communication
EMP101878,Teguh Herlambang,3.0000000000000000,12,IV,SMA,2,3,85.0,89,80,IS,ENFP,24.0,4,1.0,2.0,6.0,1.0,5.0,1.0,4.0,9.0,3.0,3.0,1.0,5.0,9.0,4.0,9.0,null,2.0,2.0,null,2.0,3.0000000000000000,3.5000000000000000,3.0000000000000000,3.6666666666666667,3.5000000000000000,3.2500000000000000,3.5000000000000000,2.5000000000000000,3.0000000000000000,2.7500000000000000,Developer,Individualization,Context
EMP101879,Rani Handayani,4.2500000000000000,26,V,D3,3,5,89.0,50,94,DC,ISFP,35.0,10,2.0,3.0,3.0,null,4.0,5.0,4.0,9.0,null,9.0,4.0,8.0,4.0,5.0,6.0,2.0,8.0,8.0,4.0,4.0,3.6000000000000000,3.4000000000000000,3.7500000000000000,3.5000000000000000,3.7500000000000000,4.0000000000000000,3.6000000000000000,3.5000000000000000,3.7500000000000000,3.6000000000000000,Restorative,Discipline,Context
EMP101880,Nadia Nabila Pradana,3.2000000000000000,29,V,SMA,3,4,115.0,91,20,DI,ISFP,16.0,7,6.0,4.0,8.0,4.0,7.0,3.0,null,2.0,8.0,3.0,6.0,9.0,null,3.0,7.0,9.0,5.0,null,9.0,9.0,2.8000000000000000,2.7500000000000000,3.0000000000000000,3.4000000000000000,3.0000000000000000,3.4000000000000000,3.6000000000000000,3.0000000000000000,3.0000000000000000,3.2000000000000000,Learner,Consistency,Restorative
EMP101881,Dewi Dharma Ramadhan,3.0000000000000000,45,V,S1,3,1,117.0,45,56,DC,ENFP,31.0,3,9.0,3.0,4.0,8.0,8.0,null,7.0,1.0,3.0,8.0,null,4.0,null,4.0,null,2.0,3.0,9.0,5.0,8.0,3.0000000000000000,3.2000000000000000,2.4000000000000000,3.0000000000000000,3.0000000000000000,2.8000000000000000,3.5000000000000000,3.0000000000000000,3.2000000000000000,3.5000000000000000,Competition,Discipline,Belief
EMP101882,Vania Rachman Anggara,3.2000000000000000,48,III,S1,1,1,133.0,74,87,DS,ISFP,28.0,1,9.0,3.0,null,8.0,9.0,4.0,9.0,7.0,6.0,6.0,2.0,1.0,3.0,1.0,null,4.0,9.0,1.0,7.0,null,2.7500000000000000,3.0000000000000000,3.2000000000000000,3.7500000000000000,2.7500000000000000,3.2000000000000000,2.4000000000000000,3.2000000000000000,3.2000000000000000,3.2500000000000000,Self-Assurance,Belief,Relator
EMP101883,Rama Baskara Ramadhan,3.2500000000000000,42,III,D3,1,1,115.0,41,78,CI,ESTJ,26.0,1,2.0,7.0,4.0,2.0,null,8.0,null,2.0,7.0,6.0,3.0,6.0,2.0,3.0,2.0,null,3.0,5.0,null,6.0,2.0000000000000000,2.7500000000000000,3.6000000000000000,3.2000000000000000,3.4000000000000000,3.2000000000000000,3.0000000000000000,3.6000000000000000,3.4000000000000000,2.3333333333333333,Responsibility,Achiever,Consistency
EMP101884,Novi Anugrah Nugroho,4.2000000000000000,75,IV,D3,2,1,null,49,74,DI,ENFJ,null,1,7.0,8.0,3.0,9.0,5.0,9.0,9.0,8.0,6.0,7.0,6.0,9.0,3.0,3.0,7.0,null,1.0,4.0,9.0,3.0,3.7500000000000000,4.3333333333333333,4.0000000000000000,4.0000000000000000,4.2000000000000000,3.6000000000000000,4.0000000000000000,4.0000000000000000,4.0000000000000000,4.4000000000000000,Activator,Individualization,Empathy
EMP101885,Gita Utami,3.8000000000000000,111,IV,S2,2,3,92.0,67,72,CD,ENTJ,42.0,1,5.0,6.0,8.0,8.0,7.0,2.0,7.0,4.0,1.0,null,9.0,3.0,5.0,5.0,4.0,3.0,1.0,9.0,1.0,6.0,3.5000000000000000,3.2000000000000000,2.7500000000000000,3.0000000000000000,2.7500000000000000,3.2000000000000000,3.6000000000000000,3.4000000000000000,3.4000000000000000,3.4000000000000000,Deliberative,Futuristic,Empathy
EMP101886,Joko Saputra Salsabila,3.0000000000000000,23,III,SMA,1,5,null,64,48,DI,ESTJ,null,4,7.0,8.0,3.0,1.0,7.0,9.0,null,9.0,1.0,9.0,6.0,2.0,null,2.0,3.0,9.0,5.0,2.0,4.0,1.0,2.7500000000000000,3.0000000000000000,2.7500000000000000,2.5000000000000000,2.2500000000000000,2.5000000000000000,3.0000000000000000,2.7500000000000000,2.5000000000000000,2.5000000000000000,Command,Woo,Achiever
EMP101887,Bella Nabila Utami,2.8000000000000000,90,IV,D3,2,1,88.0,80,63,IS,null,28.0,3,5.0,4.0,4.0,null,1.0,2.0,3.0,null,6.0,2.0,5.0,null,6.0,8.0,7.0,8.0,9.0,5.0,8.0,null,2.5000000000000000,3.0000000000000000,3.2500000000000000,3.2500000000000000,2.7500000000000000,2.8000000000000000,3.0000000000000000,2.6000000000000000,2.8000000000000000,2.8000000000000000,Responsibility,Significance,Strategic
EMP101888,Citra Mahendra,2.4000000000000000,84,V,S1,3,4,null,23,48,ID,ENFJ,null,7,4.0,5.0,3.0,8.0,8.0,9.0,2.0,4.0,6.0,7.0,9.0,null,4.0,4.0,2.0,1.0,5.0,2.0,4.0,7.0,2.2000000000000000,2.6000000000000000,2.6000000000000000,2.6000000000000000,2.2000000000000000,2.5000000000000000,2.4000000000000000,2.0000000000000000,1.8000000000000000,2.6000000000000000,Analytical,Positivity,Discipline
EMP101889,Julia Kusuma,3.0000000000000000,20,V,D3,3,3,120.0,43,47,SD,ENTP,24.0,5,4.0,1.0,8.0,8.0,8.0,4.0,4.0,1.0,7.0,5.0,8.0,8.0,9.0,2.0,9.0,4.0,7.0,3.0,1.0,1.0,2.6666666666666667,3.0000000000000000,2.5000000000000000,3.2500000000000000,3.2500000000000000,3.0000000000000000,2.6666666666666667,3.5000000000000000,2.7500000000000000,3.2500000000000000,Strategic,Deliberative,Harmony
EMP101890,Prasetyo Qolbi Maulida,4.0000000000000000,58,V,D3,3,1,null,84,83,ID,ESFJ,null,4,5.0,5.0,8.0,9.0,1.0,4.0,1.0,5.0,null,7.0,2.0,2.0,null,5.0,3.0,2.0,6.0,8.0,5.0,2.0,3.7500000000000000,3.6000000000000000,4.0000000000000000,4.6000000000000000,3.8000000000000000,4.4000000000000000,3.8000000000000000,3.6000000000000000,3.8000000000000000,3.8000000000000000,Learner,Belief,Responsibility
EMP101891,Budi Nugroho,4.0000000000000000,15,IV,SMA,2,5,86.0,46,52,SD,INFP,31.0,4,6.0,2.0,9.0,3.0,7.0,5.0,8.0,5.0,null,5.0,9.0,1.0,7.0,5.0,5.0,7.0,2.0,8.0,3.0,5.0,2.5000000000000000,2.7500000000000000,3.0000000000000000,2.6666666666666667,2.3333333333333333,2.5000000000000000,2.2500000000000000,2.5000000000000000,2.5000000000000000,2.5000000000000000,Belief,Discipline,Communication
EMP101892,Evi Pratama,3.2000000000000000,79,V,SMA,3,1,105.0,45,76,DC,ENTP,32.0,9,4.0,7.0,6.0,4.0,3.0,4.0,2.0,3.0,2.0,5.0,null,6.0,null,4.0,4.0,6.0,2.0,6.0,2.0,8.0,3.5000000000000000,3.0000000000000000,2.6000000000000000,3.0000000000000000,3.5000000000000000,2.6666666666666667,3.2500000000000000,3.4000000000000000,3.4000000000000000,3.4000000000000000,Connectedness,,Woo
EMP101893,Julia Situmorang,3.4000000000000000,35,V,S2,3,4,null,53,49,SI,ISFP,null,10,7.0,1.0,6.0,null,6.0,9.0,2.0,null,1.0,1.0,4.0,4.0,3.0,4.0,2.0,8.0,3.0,6.0,2.0,8.0,3.6000000000000000,3.5000000000000000,3.5000000000000000,3.2000000000000000,3.7500000000000000,3.6000000000000000,3.4000000000000000,3.6000000000000000,3.2500000000000000,3.2000000000000000,Discipline,Developer,Futuristic
EMP101894,Tania Nugroho,4.6666666666666667,16,IV,D3,2,3,null,66,67,ID,ESTP,36.0,7,6.0,3.0,7.0,8.0,4.0,5.0,3.0,2.0,3.0,9.0,null,2.0,4.0,null,7.0,2.0,5.0,9.0,3.0,2.0,2.6666666666666667,3.5000000000000000,3.2500000000000000,3.7500000000000000,4.0000000000000000,3.5000000000000000,3.5000000000000000,3.7500000000000000,4.2500000000000000,3.6666666666666667,Self-Assurance,Individualization,Consistency
EMP101895,Yuni Saputra Wibowo,3.3333333333333333,86,V,D3,3,3,97.0,41,74,IC,ISFP,32.0,10,1.0,null,2.0,9.0,5.0,1.0,1.0,8.0,4.0,8.0,1.0,7.0,6.0,5.0,3.0,5.0,1.0,7.0,4.0,3.0,2.7500000000000000,3.0000000000000000,3.0000000000000000,2.8000000000000000,2.6000000000000000,3.5000000000000000,2.8000000000000000,2.6000000000000000,3.4000000000000000,3.0000000000000000,Restorative,Individualization,Significance
EMP101896,Bayu Lestari Subekti,3.0000000000000000,20,IV,SMA,2,5,null,97,95,SD,INFP,null,2,1.0,null,null,9.0,9.0,8.0,2.0,5.0,6.0,2.0,6.0,9.0,null,3.0,2.0,5.0,6.0,4.0,null,5.0,2.7500000000000000,3.0000000000000000,3.0000000000000000,3.6666666666666667,2.3333333333333333,3.0000000000000000,2.3333333333333333,2.6666666666666667,3.5000000000000000,3.0000000000000000,Self-Assurance,Command,Adaptability
EMP101897,Vania Utama Lestari,2.8000000000000000,62,V,D3,3,3,null,65,90,DC,INTP,23.0,4,6.0,4.0,2.0,7.0,9.0,null,4.0,4.0,4.0,3.0,8.0,8.0,8.0,3.0,7.0,6.0,7.0,3.0,3.0,7.0,2.8000000000000000,2.5000000000000000,2.4000000000000000,3.0000000000000000,2.8000000000000000,2.7500000000000000,3.2000000000000000,2.7500000000000000,2.8000000000000000,3.0000000000000000,Achiever,Discipline,
EMP101898,Joko Candra Purnama,2.7500000000000000,52,IV,SMA,2,2,null,51,64,SI,ENFJ,null,7,8.0,2.0,6.0,6.0,7.0,4.0,9.0,8.0,3.0,1.0,9.0,4.0,5.0,1.0,5.0,8.0,7.0,2.0,9.0,8.0,2.7500000000000000,2.6000000000000000,2.6000000000000000,2.7500000000000000,2.8000000000000000,2.6000000000000000,3.2000000000000000,3.2000000000000000,2.8000000000000000,3.2000000000000000,Connectedness,Empathy,Consistency
EMP101899,Hana Aji Maulana,3.2500000000000000,54,IV,S1,2,3,103.0,47,90,SD,ISTJ,15.0,2,1.0,null,null,5.0,9.0,9.0,7.0,5.0,1.0,1.0,7.0,9.0,1.0,4.0,2.0,2.0,2.0,4.0,9.0,2.0,3.0000000000000000,2.6666666666666667,3.0000000000000000,3.2500000000000000,2.7500000000000000,3.2000000000000000,3.3333333333333333,2.7500000000000000,3.3333333333333333,2.8000000000000000,Competition,Ideation,Connectedness
EMP101900,Bella Lestari Simanjuntak,2.7500000000000000,39,V,S2,3,6,111.0,57,70,SD,ISFJ,33.0,6,4.0,9.0,2.0,3.0,3.0,3.0,null,4.0,6.0,null,9.0,9.0,5.0,1.0,7.0,4.0,9.0,3.0,8.0,8.0,2.7500000000000000,3.2000000000000000,2.2500000000000000,3.0000000000000000,2.6000000000000000,2.5000000000000000,3.0000000000000000,22.2000000000000000,2.3333333333333333,3.0000000000000000,Harmony,Achiever,Developer
EMP101901,Julia Putra,2.8000000000000000,77,IV,S1,2,3,94.0,81,84,null,ENTP,30.0,6,2.0,5.0,7.0,6.0,7.0,8.0,6.0,7.0,9.0,1.0,7.0,1.0,4.0,5.0,6.0,2.0,null,4.0,9.0,null,2.6666666666666667,3.0000000000000000,2.6000000000000000,3.4000000000000000,2.8000000000000000,3.0000000000000000,3.0000000000000000,2.4000000000000000,2.6000000000000000,2.6000000000000000,Learner,Includer,Ideation
EMP101902,Citra Anugrah Purnama,2.4000000000000000,54,V,S1,3,6,115.0,60,34,CD,INTJ,35.0,8,8.0,3.0,1.0,1.0,3.0,null,null,5.0,2.0,4.0,9.0,2.0,2.0,5.0,5.0,4.0,7.0,null,9.0,3.0,3.3333333333333333,2.2000000000000000,2.2500000000000000,3.0000000000000000,3.0000000000000000,3.0000000000000000,2.6666666666666667,2.7500000000000000,2.5000000000000000,3.2500000000000000,Futuristic,Includer,Arranger
EMP101903,Kartika Fadillah Yulianto,3.7500000000000000,28,IV,S2,2,3,null,34,80,SD,ENFP,null,6,9.0,1.0,6.0,8.0,1.0,9.0,2.0,4.0,2.0,2.0,1.0,1.0,6.0,6.0,7.0,4.0,8.0,7.0,3.0,5.0,3.0000000000000000,2.8000000000000000,4.0000000000000000,3.4000000000000000,3.8000000000000000,3.8000000000000000,3.2000000000000000,3.2000000000000000,3.4000000000000000,3.0000000000000000,Developer,Maximizer,Connectedness
EMP101904,Eko Subekti,3.0000000000000000,52,IV,SMA,2,4,null,22,21,CI,ISTJ,null,6,5.0,7.0,4.0,null,7.0,8.0,9.0,7.0,5.0,null,4.0,null,9.0,9.0,3.0,1.0,6.0,7.0,5.0,null,3.4000000000000000,2.2500000000000000,2.6000000000000000,2.8000000000000000,3.0000000000000000,2.3333333333333333,3.2000000000000000,3.0000000000000000,3.2000000000000000,3.2000000000000000,Relator,Restorative,Context
EMP101905,Wulan Utama Wibowo,3.7500000000000000,61,IV,D3,2,6,100.0,82,73,SD,INFJ,23.0,1,7.0,3.0,4.0,3.0,3.0,4.0,5.0,5.0,9.0,7.0,3.0,5.0,6.0,4.0,8.0,1.0,4.0,null,9.0,5.0,2.2500000000000000,3.6000000000000000,3.8000000000000000,3.4000000000000000,3.8000000000000000,3.8000000000000000,4.0000000000000000,4.2000000000000000,4.5000000000000000,4.0000000000000000,Focus,Belief,Developer
EMP101906,Arif Saputra,3.4000000000000000,108,III,S1,1,2,null,54,73,CD,ENFJ,null,8,7.0,6.0,2.0,6.0,7.0,2.0,2.0,6.0,8.0,2.0,2.0,9.0,2.0,3.0,5.0,8.0,7.0,5.0,1.0,9.0,3.0000000000000000,3.5000000000000000,3.8000000000000000,4.0000000000000000,3.7500000000000000,2.6666666666666667,2.8000000000000000,3.5000000000000000,3.2000000000000000,3.2000000000000000,Context,Individualization,Positivity
EMP101907,Fitri Fauziah,3.8000000000000000,36,V,S2,3,3,null,43,69,ID,ISTJ,null,6,null,null,5.0,3.0,3.0,3.0,7.0,1.0,7.0,7.0,3.0,2.0,6.0,5.0,1.0,2.0,5.0,7.0,8.0,null,3.8000000000000000,3.8000000000000000,3.8000000000000000,3.8000000000000000,4.0000000000000000,3.8000000000000000,4.0000000000000000,3.6000000000000000,3.8000000000000000,3.7500000000000000,Harmony,,Communication
EMP101908,Adi Candra Indrawan,3.2000000000000000,66,IV,D3,2,4,117.0,79,87,DS,ESTJ,22.0,6,1.0,3.0,4.0,4.0,1.0,4.0,null,7.0,9.0,7.0,null,null,2.0,7.0,9.0,9.0,1.0,6.0,7.0,9.0,3.6000000000000000,3.0000000000000000,2.8000000000000000,3.0000000000000000,3.4000000000000000,2.2500000000000000,3.2000000000000000,2.8000000000000000,3.2000000000000000,3.6000000000000000,Relator,,Ideation
EMP101909,Kurnia Kusuma,2.2000000000000000,59,IV,D3,2,3,104.0,77,21,SC,ISTP,37.0,5,null,2.0,7.0,6.0,1.0,4.0,2.0,8.0,2.0,8.0,null,1.0,9.0,6.0,null,3.0,1.0,7.0,7.0,5.0,2.0000000000000000,1.8000000000000000,2.2000000000000000,2.2500000000000000,2.2000000000000000,2.4000000000000000,2.3333333333333333,2.7500000000000000,2.2500000000000000,2.4000000000000000,,Woo,Harmony
EMP101910,Fitri Saputra Firmansyah,2.4000000000000000,36,III,D3,1,6,null,39,82,CS,ENTJ,null,6,9.0,4.0,9.0,5.0,6.0,2.0,9.0,3.0,3.0,7.0,8.0,9.0,3.0,6.0,4.0,8.0,null,1.0,3.0,6.0,2.0000000000000000,2.6666666666666667,2.6000000000000000,2.2000000000000000,1.7500000000000000,2.6000000000000000,3.0000000000000000,2.6000000000000000,2.4000000000000000,2.2000000000000000,,Arranger,Woo
EMP101911,Lestari Ganesha Zulfikar,3.8000000000000000,68,IV,S1,2,1,96.0,49,56,SD,ENTP,23.0,9,9.0,4.0,5.0,1.0,1.0,1.0,1.0,5.0,6.0,8.0,2.0,null,8.0,2.0,6.0,5.0,7.0,1.0,5.0,5.0,3.8000000000000000,3.8000000000000000,3.2500000000000000,4.0000000000000000,3.2000000000000000,3.8000000000000000,3.6000000000000000,4.2000000000000000,4.0000000000000000,3.8000000000000000,Communication,Activator,Connectedness
EMP101912,Umar Ramadhan,3.6000000000000000,40,III,SMA,1,4,null,97,73,null,INFJ,null,6,null,7.0,5.0,9.0,6.0,6.0,3.0,4.0,3.0,7.0,4.0,1.0,null,9.0,4.0,4.0,1.0,5.0,7.0,2.0,3.6000000000000000,3.4000000000000000,3.2000000000000000,3.6000000000000000,3.3333333333333333,3.2000000000000000,3.6000000000000000,3.4000000000000000,4.6000000000000000,3.4000000000000000,,Adaptability,Context
EMP101913,Anisa Baskara Maulida,3.0000000000000000,25,IV,D3,2,6,91.0,27,60,ID,ENTJ,37.0,6,3.0,8.0,7.0,6.0,1.0,5.0,8.0,null,5.0,5.0,3.0,8.0,7.0,1.0,6.0,3.0,3.0,5.0,null,8.0,2.8000000000000000,2.6000000000000000,2.8000000000000000,2.4000000000000000,3.0000000000000000,2.8000000000000000,2.8000000000000000,3.0000000000000000,3.0000000000000000,2.6000000000000000,,Includer,Intellection
EMP101914,Wulan Ramadhan,3.0000000000000000,31,III,SMA,1,2,null,85,52,DC,ENFP,29.0,7,7.0,4.0,null,8.0,3.0,6.0,4.0,7.0,4.0,9.0,2.0,9.0,null,3.0,7.0,null,3.0,4.0,7.0,8.0,2.6000000000000000,3.4000000000000000,2.7500000000000000,2.5000000000000000,3.2500000000000000,3.2000000000000000,3.0000000000000000,3.6000000000000000,4.2500000000000000,3.2000000000000000,Arranger,Harmony,Deliberative
EMP101915,Dewi Candra Lukman,3.0000000000000000,62,V,SMA,3,2,116.0,24,85,IC,ISFP,16.0,7,5.0,1.0,4.0,6.0,4.0,7.0,4.0,4.0,7.0,4.0,4.0,4.0,6.0,1.0,5.0,6.0,4.0,2.0,5.0,3.0,3.0000000000000000,3.2000000000000000,2.6666666666666667,3.5000000000000000,2.7500000000000000,3.4000000000000000,3.0000000000000000,3.0000000000000000,2.7500000000000000,3.4000000000000000,Self-Assurance,,Includer
EMP101916,Adit Zulfikar Siregar,3.4000000000000000,91,III,S1,1,3,139.0,91,71,SI,INTP,28.0,4,2.0,9.0,9.0,8.0,5.0,1.0,4.0,2.0,4.0,2.0,1.0,8.0,5.0,1.0,5.0,1.0,3.0,2.0,9.0,6.0,2.6666666666666667,3.4000000000000000,3.0000000000000000,26.7500000000000000,3.7500000000000000,4.0000000000000000,3.2500000000000000,3.6000000000000000,3.2500000000000000,3.6000000000000000,Includer,,Harmony
EMP101917,Bella Ginting,3.8000000000000000,82,IV,S2,2,4,100.0,91,20,IC,ENFJ,22.0,9,5.0,8.0,1.0,7.0,6.0,6.0,7.0,8.0,2.0,null,6.0,8.0,2.0,null,4.0,4.0,7.0,null,1.0,2.0,3.8000000000000000,3.6000000000000000,3.2000000000000000,3.7500000000000000,3.5000000000000000,4.2000000000000000,3.8000000000000000,4.0000000000000000,3.6000000000000000,3.8000000000000000,Harmony,Achiever,Focus
EMP101918,Nabila Yudhistira Pradana,2.8000000000000000,66,IV,D3,2,5,110.0,39,82,DS,ISTP,31.0,10,3.0,7.0,7.0,1.0,9.0,9.0,2.0,9.0,5.0,3.0,2.0,9.0,3.0,9.0,7.0,9.0,4.0,6.0,7.0,8.0,3.0000000000000000,2.3333333333333333,2.7500000000000000,2.6000000000000000,2.7500000000000000,2.8000000000000000,2.5000000000000000,3.0000000000000000,2.6000000000000000,3.0000000000000000,Relator,Adaptability,Self-Assurance
EMP101919,Wulan Rachman Ginting,3.2500000000000000,58,V,D3,3,4,137.0,74,70,IS,INFJ,40.0,4,7.0,7.0,4.0,8.0,1.0,6.0,2.0,2.0,4.0,5.0,7.0,8.0,4.0,3.0,5.0,6.0,2.0,5.0,7.0,7.0,3.2500000000000000,3.0000000000000000,3.3333333333333333,4.0000000000000000,2.8000000000000000,3.6000000000000000,3.2000000000000000,2.7500000000000000,2.7500000000000000,3.2500000000000000,Learner,Restorative,Belief
EMP101920,Nurlita Sinaga,2.0000000000000000,88,III,D3,1,6,107.0,69,25,DC,ENFJ,26.0,10,3.0,6.0,9.0,6.0,5.0,6.0,8.0,6.0,5.0,1.0,9.0,7.0,6.0,9.0,7.0,9.0,6.0,6.0,null,3.0,3.0000000000000000,2.2500000000000000,3.2500000000000000,2.7500000000000000,3.0000000000000000,3.2000000000000000,27.0000000000000000,2.5000000000000000,2.7500000000000000,3.0000000000000000,Restorative,Activator,Positivity
EMP101921,Dian Adi Tamba,2.0000000000000000,13,IV,S1,2,6,128.0,41,62,SD,ISFP,25.0,8,3.0,8.0,1.0,9.0,1.0,null,4.0,2.0,3.0,6.0,1.0,1.0,2.0,9.0,2.0,9.0,7.0,7.0,1.0,5.0,2.2500000000000000,2.0000000000000000,2.7500000000000000,2.0000000000000000,2.2500000000000000,1.6666666666666667,2.0000000000000000,2.0000000000000000,2.0000000000000000,2.2500000000000000,Adaptability,Responsibility,Command
EMP101922,Bayu Mahardika Handayani,3.0000000000000000,71,V,D3,3,2,96.0,34,41,IS,ISFP,27.0,7,5.0,3.0,2.0,null,5.0,2.0,null,5.0,6.0,null,4.0,4.0,6.0,1.0,1.0,4.0,4.0,9.0,6.0,7.0,4.0000000000000000,3.6000000000000000,3.4000000000000000,3.8000000000000000,3.2000000000000000,3.4000000000000000,3.6000000000000000,3.7500000000000000,3.2000000000000000,3.2000000000000000,,,Activator
EMP101923,Vania Fadillah Mahendra,3.2500000000000000,14,V,S1,3,4,123.0,53,44,IS,INTP,20.0,1,7.0,5.0,3.0,6.0,6.0,2.0,4.0,6.0,8.0,3.0,5.0,3.0,null,8.0,3.0,7.0,8.0,5.0,6.0,3.0,3.5000000000000000,3.0000000000000000,3.6666666666666667,2.7500000000000000,2.7500000000000000,3.0000000000000000,3.2500000000000000,3.0000000000000000,3.2500000000000000,3.2500000000000000,Competition,Connectedness,Woo
EMP101924,Dian Anggara,3.0000000000000000,52,III,S2,1,2,130.0,21,59,SI,ESFJ,29.0,9,9.0,8.0,3.0,6.0,5.0,2.0,2.0,8.0,2.0,null,1.0,4.0,null,4.0,1.0,3.0,7.0,null,9.0,7.0,2.6000000000000000,2.8000000000000000,2.7500000000000000,3.0000000000000000,3.8000000000000000,2.8000000000000000,2.6000000000000000,3.0000000000000000,3.4000000000000000,3.7500000000000000,Self-Assurance,Individualization,
EMP101925,Rizka Iqbal Nugroho,3.3333333333333333,3,IV,S2,2,1,89.0,91,90,IS,ISFJ,37.0,7,2.0,3.0,9.0,9.0,9.0,6.0,5.0,3.0,null,7.0,null,3.0,6.0,3.0,4.0,6.0,4.0,4.0,null,2.0,3.0000000000000000,2.7500000000000000,3.0000000000000000,3.3333333333333333,3.2500000000000000,2.7500000000000000,3.0000000000000000,3.5000000000000000,3.0000000000000000,3.0000000000000000,Futuristic,Restorative,
EMP101926,Zahra Maulida,3.2000000000000000,47,V,S1,3,5,84.0,34,90,DS,ESTJ,21.0,6,3.0,7.0,7.0,1.0,4.0,1.0,4.0,4.0,8.0,7.0,8.0,null,1.0,1.0,3.0,1.0,1.0,6.0,1.0,5.0,3.4000000000000000,3.4000000000000000,3.0000000000000000,3.2000000000000000,3.2000000000000000,3.0000000000000000,3.4000000000000000,3.0000000000000000,2.8000000000000000,3.0000000000000000,Competition,Responsibility,Activator
EMP101927,Eko Ganesha Handayani,3.8000000000000000,102,III,S1,1,4,null,33,56,DI,ENTP,24.0,1,null,5.0,2.0,6.0,6.0,6.0,5.0,9.0,null,6.0,2.0,4.0,4.0,6.0,null,null,6.0,8.0,null,8.0,3.2000000000000000,3.4000000000000000,4.0000000000000000,4.0000000000000000,3.8000000000000000,3.4000000000000000,3.6000000000000000,3.4000000000000000,4.0000000000000000,3.8000000000000000,Responsibility,Ideation,Arranger
EMP101928,Mahendra Pratomo,3.0000000000000000,3,V,S1,3,5,99.0,71,39,CS,ENFJ,24.0,4,5.0,4.0,1.0,7.0,5.0,4.0,5.0,5.0,null,8.0,null,4.0,8.0,4.0,8.0,null,4.0,2.0,9.0,2.0,3.2500000000000000,3.3333333333333333,2.6666666666666667,2.0000000000000000,2.7500000000000000,4.3333333333333333,2.6666666666666667,3.2500000000000000,3.5000000000000000,3.6666666666666667,Communication,Ideation,Empathy
EMP101929,Ayunda Pratomo,3.0000000000000000,53,IV,SMA,2,5,89.0,22,65,SI,ISTP,27.0,1,7.0,8.0,6.0,9.0,9.0,4.0,2.0,5.0,9.0,1.0,null,4.0,9.0,4.0,4.0,3.0,8.0,2.0,4.0,7.0,3.6000000000000000,2.8000000000000000,2.8000000000000000,3.0000000000000000,3.2500000000000000,2.7500000000000000,3.2500000000000000,2.8000000000000000,2.4000000000000000,3.7500000000000000,Analytical,Discipline,Connectedness
EMP101930,Budi Ramadhan,3.8000000000000000,47,III,S2,1,5,null,66,38,CS,ENTP,null,10,1.0,1.0,3.0,4.0,7.0,null,2.0,4.0,2.0,4.0,9.0,9.0,1.0,9.0,7.0,7.0,7.0,7.0,5.0,9.0,3.6666666666666667,4.4000000000000000,3.7500000000000000,3.8000000000000000,3.8000000000000000,3.8000000000000000,3.0000000000000000,3.8000000000000000,3.4000000000000000,3.6000000000000000,Belief,,Maximizer
EMP101931,Ayu Sinaga,3.6000000000000000,34,IV,SMA,2,4,null,92,69,IS,ESFJ,28.0,9,null,7.0,3.0,4.0,8.0,null,null,2.0,1.0,4.0,7.0,2.0,4.0,1.0,1.0,6.0,2.0,1.0,9.0,7.0,2.0000000000000000,2.4000000000000000,2.2500000000000000,1.8000000000000000,2.6000000000000000,2.2000000000000000,2.4000000000000000,2.6000000000000000,2.5000000000000000,2.6000000000000000,Relator,Harmony,Adaptability
EMP101932,Wahyu Saputra Fauziah,3.0000000000000000,84,V,S2,3,5,null,28,74,SC,ESFP,null,1,7.0,6.0,4.0,9.0,7.0,6.0,3.0,7.0,8.0,8.0,4.0,1.0,7.0,null,8.0,null,4.0,8.0,2.0,null,2.8000000000000000,2.8000000000000000,3.2000000000000000,3.6000000000000000,3.0000000000000000,2.6000000000000000,2.6666666666666667,3.6666666666666667,3.2000000000000000,2.8000000000000000,Command,,Futuristic
EMP101933,Dwi Lestari Lestari,2.2500000000000000,50,IV,SMA,2,5,136.0,43,33,DC,ESFP,26.0,10,3.0,1.0,6.0,6.0,6.0,1.0,5.0,5.0,5.0,4.0,8.0,5.0,5.0,1.0,null,6.0,5.0,2.0,null,6.0,2.8000000000000000,3.0000000000000000,2.8000000000000000,3.2500000000000000,3.0000000000000000,2.0000000000000000,2.0000000000000000,3.0000000000000000,2.0000000000000000,2.5000000000000000,Context,Significance,
EMP101934,Yoga Halim Syahputra,3.6000000000000000,63,III,S1,1,4,118.0,25,58,SI,ENFP,25.0,8,7.0,6.0,5.0,4.0,7.0,3.0,2.0,5.0,7.0,4.0,5.0,4.0,5.0,7.0,7.0,3.0,5.0,9.0,7.0,1.0,3.6000000000000000,4.0000000000000000,3.7500000000000000,3.8000000000000000,3.6000000000000000,3.8000000000000000,3.2000000000000000,3.5000000000000000,3.4000000000000000,3.4000000000000000,Maximizer,Intellection,Adaptability
EMP101935,Hadi Maulida,2.7500000000000000,83,III,D3,1,5,84.0,24,71,IS,ESFP,17.0,7,6.0,6.0,2.0,2.0,4.0,4.0,null,8.0,5.0,7.0,1.0,7.0,1.0,4.0,8.0,3.0,8.0,7.0,null,6.0,3.4000000000000000,3.2000000000000000,3.2000000000000000,2.5000000000000000,3.4000000000000000,2.8000000000000000,2.2000000000000000,3.0000000000000000,4.0000000000000000,3.0000000000000000,Connectedness,Individualization,Command
EMP101936,Dwi Syahputra,3.2500000000000000,5,IV,S1,2,2,100.0,87,62,IS,ISFP,29.0,1,8.0,9.0,7.0,1.0,7.0,3.0,4.0,null,2.0,9.0,7.0,9.0,3.0,4.0,9.0,7.0,7.0,null,3.0,2.0,3.6666666666666667,2.3333333333333333,2.6666666666666667,3.5000000000000000,3.5000000000000000,3.0000000000000000,3.5000000000000000,3.7500000000000000,27.0000000000000000,3.2500000000000000,Discipline,Command,Futuristic
EMP101937,Joko Anugrah Suharto,3.0000000000000000,84,V,S1,3,5,99.0,92,65,DC,ENTJ,30.0,1,5.0,2.0,null,2.0,1.0,1.0,4.0,5.0,6.0,6.0,8.0,5.0,4.0,1.0,6.0,1.0,9.0,null,7.0,3.0,3.0000000000000000,2.5000000000000000,2.4000000000000000,2.4000000000000000,3.2500000000000000,2.8000000000000000,3.2500000000000000,2.4000000000000000,3.0000000000000000,3.2000000000000000,Empathy,Arranger,Communication
EMP101938,Oka Halim Purnama,2.2500000000000000,66,IV,D3,2,1,81.0,74,62,ID,ISTP,34.0,4,7.0,1.0,1.0,6.0,6.0,4.0,3.0,8.0,3.0,5.0,7.0,7.0,1.0,7.0,7.0,null,3.0,4.0,5.0,5.0,3.8000000000000000,3.5000000000000000,4.0000000000000000,3.6000000000000000,4.2000000000000000,3.5000000000000000,3.5000000000000000,3.6000000000000000,3.8000000000000000,3.4000000000000000,Analytical,Focus,Futuristic
EMP101939,Rafa Syahputra,3.7500000000000000,108,V,SMA,3,3,86.0,24,84,ID,ESFP,23.0,8,2.0,5.0,6.0,9.0,6.0,7.0,7.0,9.0,7.0,4.0,null,6.0,6.0,2.0,5.0,7.0,2.0,2.0,5.0,4.0,3.6000000000000000,3.2000000000000000,2.8000000000000000,3.2500000000000000,4.2500000000000000,3.2500000000000000,3.6000000000000000,3.6000000000000000,3.6000000000000000,3.2500000000000000,Relator,Analytical,Positivity
EMP101940,Rani Sinaga,3.2500000000000000,109,V,S2,3,3,null,94,71,DS,ESTP,null,4,3.0,9.0,9.0,1.0,2.0,1.0,4.0,7.0,4.0,3.0,9.0,6.0,4.0,3.0,9.0,5.0,4.0,9.0,9.0,9.0,3.5000000000000000,3.0000000000000000,4.0000000000000000,3.2000000000000000,3.4000000000000000,3.0000000000000000,3.8000000000000000,3.5000000000000000,3.2000000000000000,3.8000000000000000,Belief,Maximizer,Strategic
EMP101941,Hana Halim Wijaya,2.3333333333333333,5,IV,SMA,2,2,103.0,31,89,IC,ESTJ,32.0,2,8.0,5.0,null,2.0,8.0,1.0,8.0,8.0,5.0,9.0,7.0,5.0,4.0,4.0,7.0,3.0,null,2.0,7.0,5.0,3.0000000000000000,2.7500000000000000,4.0000000000000000,3.3333333333333333,2.0000000000000000,2.2500000000000000,2.7500000000000000,2.5000000000000000,2.5000000000000000,3.0000000000000000,Relator,Consistency,Adaptability
EMP101942,Evi Rachman Pamungkas,1.6000000000000000,42,III,S1,1,6,125.0,27,23,SC,ISTJ,30.0,7,3.0,6.0,8.0,3.0,4.0,5.0,8.0,9.0,1.0,6.0,8.0,4.0,1.0,2.0,4.0,3.0,null,7.0,7.0,5.0,1.8000000000000000,1.7500000000000000,2.2000000000000000,1.4000000000000000,1.8000000000000000,1.8000000000000000,1.8000000000000000,1.6666666666666667,2.0000000000000000,1.6666666666666667,Positivity,Woo,Harmony
EMP101943,Rama Rachman Ginting,3.2000000000000000,71,V,S2,3,4,null,61,88,CI,INTP,null,2,6.0,1.0,3.0,4.0,4.0,8.0,2.0,5.0,7.0,2.0,6.0,8.0,2.0,8.0,5.0,7.0,4.0,null,5.0,null,3.7500000000000000,3.4000000000000000,3.4000000000000000,3.0000000000000000,3.2500000000000000,3.2000000000000000,3.0000000000000000,3.5000000000000000,3.2000000000000000,3.0000000000000000,,Activator,
EMP101944,Dewi Utami,3.3333333333333333,4,III,S2,1,4,99.0,52,57,SC,ESFJ,30.0,9,9.0,7.0,5.0,9.0,9.0,null,null,7.0,6.0,7.0,6.0,1.0,3.0,4.0,2.0,7.0,9.0,8.0,9.0,2.0,3.0000000000000000,3.0000000000000000,3.2500000000000000,3.3333333333333333,3.0000000000000000,3.2500000000000000,3.5000000000000000,3.0000000000000000,2.7500000000000000,4.0000000000000000,Command,Focus,Belief
EMP101945,Mahendra Wibowo,3.0000000000000000,96,V,S2,3,6,128.0,35,49,CD,ISTP,29.0,8,7.0,9.0,6.0,2.0,9.0,5.0,3.0,5.0,null,7.0,8.0,2.0,2.0,1.0,6.0,7.0,4.0,7.0,4.0,8.0,4.2000000000000000,3.2000000000000000,3.4000000000000000,3.8000000000000000,3.4000000000000000,4.2500000000000000,3.4000000000000000,3.4000000000000000,3.2000000000000000,4.0000000000000000,Harmony,Activator,Adaptability
EMP101946,Putri Maulida,2.8000000000000000,61,V,S2,3,5,null,55,20,null,ISFP,null,6,1.0,6.0,null,9.0,3.0,3.0,7.0,7.0,4.0,5.0,4.0,1.0,3.0,6.0,null,3.0,1.0,1.0,4.0,4.0,2.6000000000000000,2.2000000000000000,2.6666666666666667,3.0000000000000000,3.0000000000000000,2.8000000000000000,2.6000000000000000,3.2000000000000000,3.2000000000000000,2.6666666666666667,Communication,,Individualization
EMP101947,Gita Lukman,3.2000000000000000,58,III,SMA,1,4,122.0,26,26,CI,ENFJ,22.0,8,9.0,4.0,5.0,9.0,9.0,1.0,null,1.0,4.0,5.0,7.0,5.0,4.0,7.0,1.0,4.0,9.0,7.0,3.0,9.0,3.2000000000000000,3.0000000000000000,3.4000000000000000,3.2500000000000000,2.5000000000000000,3.2000000000000000,3.4000000000000000,3.2500000000000000,3.2500000000000000,2.5000000000000000,Harmony,Individualization,Analytical
EMP101948,Utami Lestari Indrawan,3.2000000000000000,36,IV,SMA,2,5,108.0,75,54,ID,ENTP,26.0,4,5.0,2.0,8.0,5.0,4.0,6.0,2.0,6.0,null,7.0,6.0,7.0,3.0,null,8.0,1.0,null,5.0,2.0,1.0,3.0000000000000000,3.2000000000000000,3.2000000000000000,3.2000000000000000,3.2500000000000000,3.0000000000000000,3.3333333333333333,3.4000000000000000,3.7500000000000000,3.7500000000000000,Analytical,Context,Arranger
EMP101949,Nugroho Dharma Indrawan,2.6000000000000000,47,V,S1,3,6,86.0,92,89,DC,INFJ,27.0,1,4.0,7.0,7.0,9.0,1.0,1.0,2.0,5.0,6.0,3.0,2.0,8.0,7.0,4.0,8.0,7.0,4.0,6.0,null,3.0,2.0000000000000000,2.2500000000000000,2.6000000000000000,1.8000000000000000,2.0000000000000000,2.8000000000000000,2.4000000000000000,2.8000000000000000,2.4000000000000000,2.7500000000000000,Focus,Consistency,Includer
EMP101950,Teguh Rachman Salsabila,3.4000000000000000,49,IV,S1,2,3,84.0,98,76,DS,INTP,31.0,5,5.0,2.0,4.0,null,3.0,null,null,8.0,8.0,9.0,8.0,4.0,4.0,5.0,6.0,3.0,3.0,2.0,8.0,9.0,3.2000000000000000,3.4000000000000000,3.3333333333333333,3.2500000000000000,3.6000000000000000,3.7500000000000000,3.2500000000000000,3.2500000000000000,3.4000000000000000,3.0000000000000000,Woo,Adaptability,
EMP101951,Putri Firmansyah,2.6666666666666667,52,III,S1,1,5,125.0,75,28,DC,ESTP,22.0,1,null,2.0,8.0,7.0,6.0,6.0,2.0,7.0,2.0,9.0,7.0,8.0,8.0,1.0,1.0,null,1.0,7.0,8.0,3.0,3.0000000000000000,3.5000000000000000,3.0000000000000000,3.2000000000000000,3.2000000000000000,3.2000000000000000,3.0000000000000000,3.5000000000000000,3.0000000000000000,3.0000000000000000,Context,,Competition
EMP101952,Bayu Setiawan,2.6000000000000000,70,IV,D3,2,2,116.0,44,35,null,INTJ,17.0,3,1.0,5.0,2.0,8.0,3.0,1.0,9.0,9.0,2.0,2.0,null,8.0,2.0,3.0,2.0,6.0,5.0,null,4.0,7.0,3.2000000000000000,2.6666666666666667,2.8000000000000000,2.4000000000000000,2.6000000000000000,2.6000000000000000,3.0000000000000000,2.8000000000000000,2.6000000000000000,2.4000000000000000,Positivity,Achiever,Arranger
EMP101953,Wulan Wijaya Ginting,2.2500000000000000,11,IV,S2,2,6,128.0,60,60,CD,ENFJ,33.0,2,6.0,1.0,1.0,4.0,7.0,5.0,7.0,9.0,8.0,2.0,4.0,4.0,2.0,1.0,2.0,3.0,9.0,5.0,1.0,5.0,2.3333333333333333,2.6666666666666667,2.5000000000000000,2.3333333333333333,2.0000000000000000,2.0000000000000000,2.0000000000000000,2.5000000000000000,2.2500000000000000,2.5000000000000000,Developer,Includer,
EMP101954,Rizki Indrawan,2.7500000000000000,37,IV,S1,2,6,108.0,43,88,IS,INTJ,25.0,1,7.0,7.0,8.0,4.0,5.0,2.0,2.0,6.0,2.0,5.0,2.0,8.0,5.0,7.0,8.0,6.0,3.0,2.0,7.0,2.0,2.8000000000000000,2.6000000000000000,2.5000000000000000,2.8000000000000000,2.8000000000000000,3.4000000000000000,3.0000000000000000,2.6666666666666667,3.2000000000000000,3.0000000000000000,Communication,Achiever,Includer
EMP101955,Budi Salsabila,3.8000000000000000,57,III,S2,1,2,113.0,79,82,CS,ESFJ,27.0,7,9.0,7.0,3.0,2.0,7.0,3.0,6.0,1.0,2.0,1.0,4.0,1.0,5.0,2.0,2.0,6.0,1.0,3.0,8.0,7.0,4.2000000000000000,3.8000000000000000,3.6000000000000000,3.7500000000000000,4.0000000000000000,3.6000000000000000,3.6000000000000000,3.5000000000000000,3.8000000000000000,3.5000000000000000,Adaptability,Command,Futuristic
EMP101956,Julia Ridwan,2.8000000000000000,35,III,S1,1,5,121.0,46,62,SI,INFJ,21.0,4,6.0,9.0,5.0,4.0,3.0,7.0,1.0,1.0,4.0,null,9.0,8.0,1.0,7.0,1.0,3.0,3.0,3.0,5.0,2.0,2.6000000000000000,3.2500000000000000,2.6000000000000000,2.5000000000000000,3.0000000000000000,3.2500000000000000,2.6000000000000000,3.0000000000000000,2.7500000000000000,2.6000000000000000,Activator,Ideation,Intellection
EMP101957,Hadi Jatmiko Zulfikar,4.2500000000000000,74,V,S2,3,6,139.0,95,35,DS,INFP,16.0,2,3.0,3.0,6.0,3.0,9.0,6.0,1.0,6.0,1.0,7.0,8.0,1.0,4.0,9.0,3.0,2.0,2.0,1.0,7.0,2.0,4.5000000000000000,4.0000000000000000,3.6000000000000000,4.0000000000000000,4.5000000000000000,4.0000000000000000,4.5000000000000000,4.2500000000000000,4.4000000000000000,4.2000000000000000,Competition,Self-Assurance,Restorative
EMP101958,Hadi Utama Hidayat,2.4000000000000000,31,III,SMA,1,3,null,24,70,IC,ESFJ,24.0,4,8.0,2.0,3.0,null,2.0,9.0,5.0,1.0,9.0,2.0,4.0,8.0,3.0,7.0,9.0,7.0,5.0,8.0,8.0,1.0,2.0000000000000000,2.3333333333333333,2.6000000000000000,2.0000000000000000,2.4000000000000000,2.4000000000000000,2.5000000000000000,2.8000000000000000,2.7500000000000000,2.5000000000000000,Restorative,,
EMP101959,Anisa Qolbi Fauziah,3.0000000000000000,88,V,S1,3,6,101.0,92,72,IS,INFP,24.0,3,5.0,1.0,4.0,1.0,4.0,9.0,8.0,8.0,7.0,5.0,7.0,9.0,7.0,6.0,2.0,8.0,7.0,2.0,9.0,3.0,2.2500000000000000,3.2000000000000000,3.0000000000000000,3.2000000000000000,3.2500000000000000,3.2000000000000000,3.0000000000000000,3.4000000000000000,3.0000000000000000,3.2000000000000000,Responsibility,Futuristic,Ideation
EMP101960,Kurnia Sinaga,2.6666666666666667,18,IV,S1,2,5,82.0,78,46,SC,null,19.0,7,2.0,6.0,null,5.0,4.0,1.0,null,6.0,null,4.0,5.0,4.0,1.0,2.0,9.0,null,7.0,2.0,5.0,7.0,2.2500000000000000,3.0000000000000000,3.3333333333333333,3.0000000000000000,2.5000000000000000,2.7500000000000000,3.0000000000000000,4.0000000000000000,3.2500000000000000,3.5000000000000000,Individualization,,Developer
EMP101961,Indra Kusuma Purnama,3.4000000000000000,55,III,S2,1,6,95.0,75,57,IS,null,25.0,2,null,8.0,1.0,5.0,1.0,9.0,3.0,7.0,9.0,8.0,6.0,7.0,1.0,1.0,null,3.0,6.0,5.0,1.0,1.0,3.0000000000000000,3.2000000000000000,3.2000000000000000,3.4000000000000000,3.6000000000000000,3.8000000000000000,3.7500000000000000,3.2000000000000000,3.6000000000000000,3.0000000000000000,Intellection,,Ideation
EMP101962,Rani Yudhistira Anggara,3.2000000000000000,61,IV,SMA,2,2,99.0,23,96,null,ENTP,30.0,9,3.0,6.0,3.0,null,4.0,8.0,2.0,1.0,8.0,6.0,8.0,9.0,3.0,2.0,6.0,1.0,5.0,3.0,7.0,8.0,3.0000000000000000,3.3333333333333333,3.7500000000000000,3.4000000000000000,2.8000000000000000,3.0000000000000000,3.2000000000000000,3.8000000000000000,3.0000000000000000,3.6000000000000000,,Consistency,Empathy
EMP101963,Zahra Mahendra,3.4000000000000000,52,V,SMA,3,1,105.0,51,92,SI,ESFP,31.0,4,2.0,4.0,3.0,2.0,8.0,6.0,1.0,2.0,4.0,7.0,6.0,1.0,1.0,4.0,8.0,3.0,9.0,6.0,7.0,5.0,3.6000000000000000,3.2500000000000000,3.5000000000000000,3.2000000000000000,3.2000000000000000,3.4000000000000000,3.2000000000000000,3.2500000000000000,3.2000000000000000,3.5000000000000000,Relator,Command,
EMP101964,Joko Handayani,3.2000000000000000,58,IV,S2,2,1,118.0,91,87,CI,INTP,27.0,10,7.0,5.0,7.0,6.0,1.0,5.0,6.0,6.0,1.0,3.0,5.0,null,4.0,null,3.0,5.0,7.0,8.0,2.0,5.0,3.0000000000000000,3.4000000000000000,3.0000000000000000,3.2500000000000000,3.2000000000000000,22.2000000000000000,3.2000000000000000,3.0000000000000000,3.0000000000000000,3.2000000000000000,Context,Belief,Positivity
EMP101965,Dimas Candra Ramadhan,2.5000000000000000,52,III,SMA,1,2,113.0,43,40,SI,INFP,17.0,6,1.0,4.0,8.0,5.0,8.0,7.0,8.0,8.0,6.0,1.0,9.0,1.0,3.0,null,7.0,9.0,8.0,2.0,3.0,3.0,2.2000000000000000,2.8000000000000000,2.5000000000000000,2.2000000000000000,2.3333333333333333,2.0000000000000000,2.2000000000000000,2.0000000000000000,2.2000000000000000,2.8000000000000000,Command,Futuristic,Activator
EMP101966,Dewi Wijaya,2.8000000000000000,88,V,SMA,3,1,115.0,67,24,IC,null,38.0,6,9.0,2.0,4.0,8.0,9.0,2.0,1.0,1.0,6.0,6.0,3.0,5.0,7.0,4.0,7.0,null,4.0,null,6.0,5.0,2.8000000000000000,3.3333333333333333,3.0000000000000000,2.6000000000000000,3.0000000000000000,3.0000000000000000,2.6000000000000000,3.2500000000000000,3.0000000000000000,3.2000000000000000,Positivity,Activator,Discipline
EMP101967,Tania Halim Zulfikar,2.6000000000000000,26,III,S1,1,1,null,20,74,CI,ISTP,null,7,9.0,2.0,5.0,7.0,9.0,6.0,4.0,7.0,2.0,4.0,8.0,9.0,9.0,6.0,3.0,null,9.0,2.0,4.0,7.0,2.2500000000000000,2.0000000000000000,2.6000000000000000,3.0000000000000000,3.2000000000000000,2.6000000000000000,2.6000000000000000,2.5000000000000000,2.5000000000000000,2.7500000000000000,Consistency,Deliberative,Positivity
EMP101968,Lestari Siregar,2.2000000000000000,24,III,S1,1,5,98.0,37,61,SC,INFJ,26.0,9,2.0,3.0,4.0,5.0,3.0,1.0,2.0,6.0,9.0,null,2.0,7.0,null,7.0,8.0,6.0,4.0,9.0,6.0,2.0,2.6000000000000000,3.0000000000000000,2.7500000000000000,2.4000000000000000,2.0000000000000000,2.0000000000000000,1.8000000000000000,2.6000000000000000,1.8000000000000000,2.2000000000000000,Positivity,Learner,Competition
EMP101969,Budi Aji Simanjuntak,2.7500000000000000,44,III,D3,1,5,null,73,21,SC,INTP,null,1,1.0,9.0,1.0,9.0,2.0,6.0,9.0,2.0,4.0,6.0,4.0,3.0,7.0,3.0,8.0,8.0,8.0,6.0,7.0,2.0,1.7500000000000000,1.7500000000000000,2.0000000000000000,2.2000000000000000,2.6000000000000000,2.4000000000000000,2.8000000000000000,34.6666666666666667,2.4000000000000000,2.4000000000000000,Self-Assurance,Woo,Context
EMP101970,Rizky Hidayat,4.4000000000000000,87,IV,S1,2,2,90.0,88,53,SC,ENFJ,21.0,1,7.0,8.0,8.0,1.0,2.0,7.0,7.0,8.0,3.0,8.0,1.0,2.0,1.0,8.0,5.0,5.0,3.0,null,9.0,7.0,3.6000000000000000,3.0000000000000000,3.2000000000000000,4.2000000000000000,3.6000000000000000,3.2000000000000000,3.4000000000000000,3.2000000000000000,2.6000000000000000,3.2000000000000000,Empathy,Deliberative,
EMP101971,Utami Hasibuan,2.8000000000000000,48,IV,D3,2,2,97.0,41,96,SC,ENFJ,26.0,5,5.0,5.0,5.0,4.0,8.0,4.0,8.0,8.0,2.0,1.0,5.0,7.0,6.0,6.0,2.0,1.0,6.0,7.0,9.0,3.0,2.5000000000000000,2.7500000000000000,4.5000000000000000,2.8000000000000000,2.7500000000000000,3.0000000000000000,2.4000000000000000,2.6666666666666667,2.6000000000000000,2.7500000000000000,Individualization,Futuristic,Deliberative
EMP101972,Evi Wijaya,2.2000000000000000,38,IV,S1,2,6,120.0,94,51,IC,ISFP,20.0,3,5.0,1.0,7.0,8.0,1.0,1.0,3.0,2.0,4.0,9.0,2.0,7.0,9.0,2.0,1.0,6.0,7.0,7.0,6.0,7.0,2.5000000000000000,2.4000000000000000,2.5000000000000000,2.4000000000000000,2.4000000000000000,2.4000000000000000,2.2500000000000000,2.2000000000000000,2.5000000000000000,2.5000000000000000,Relator,Includer,Communication
EMP101973,Putri Siregar,3.0000000000000000,29,V,S2,3,2,109.0,61,32,CI,ENTP,30.0,2,6.0,null,7.0,3.0,7.0,3.0,7.0,4.0,3.0,7.0,1.0,7.0,5.0,7.0,9.0,2.0,2.0,8.0,1.0,6.0,2.8000000000000000,3.6000000000000000,2.8000000000000000,3.2500000000000000,3.0000000000000000,3.0000000000000000,3.0000000000000000,2.8000000000000000,2.7500000000000000,3.0000000000000000,Competition,Learner,Empathy
EMP101974,Yoga Dharma Salsabila,4.2000000000000000,40,IV,S1,2,2,null,81,23,CS,ISFP,null,8,6.0,1.0,2.0,7.0,2.0,9.0,null,null,3.0,2.0,4.0,3.0,7.0,9.0,9.0,7.0,8.0,4.0,6.0,6.0,4.5000000000000000,4.2500000000000000,4.2000000000000000,4.4000000000000000,4.2500000000000000,3.7500000000000000,4.2000000000000000,4.0000000000000000,4.4000000000000000,3.8000000000000000,Woo,Significance,Futuristic
EMP101975,Fajar Nugroho,3.4000000000000000,67,V,SMA,3,5,106.0,60,55,IC,ISTJ,30.0,4,8.0,2.0,2.0,1.0,null,2.0,4.0,8.0,null,6.0,7.0,3.0,7.0,null,2.0,4.0,5.0,7.0,1.0,7.0,3.6000000000000000,3.5000000000000000,3.0000000000000000,3.7500000000000000,3.2000000000000000,3.5000000000000000,4.0000000000000000,3.7500000000000000,3.2000000000000000,2.8000000000000000,Strategic,Learner,Harmony
EMP101976,Prasetyo Utami,2.0000000000000000,118,V,S2,3,4,null,25,80,SI,ESFJ,null,2,9.0,5.0,7.0,9.0,2.0,5.0,5.0,9.0,4.0,6.0,4.0,3.0,6.0,5.0,4.0,9.0,1.0,4.0,3.0,5.0,2.4000000000000000,3.0000000000000000,3.2000000000000000,3.0000000000000000,3.0000000000000000,2.7500000000000000,2.5000000000000000,2.8000000000000000,26.2500000000000000,2.8000000000000000,Positivity,Futuristic,Woo
EMP101977,Teguh Zulfikar,3.5000000000000000,50,V,S1,3,6,135.0,42,64,CS,ISFJ,25.0,9,9.0,9.0,5.0,9.0,3.0,6.0,1.0,null,1.0,7.0,3.0,4.0,6.0,7.0,1.0,8.0,4.0,1.0,4.0,4.0,2.8000000000000000,2.6000000000000000,3.2000000000000000,3.2500000000000000,3.0000000000000000,4.0000000000000000,3.4000000000000000,2.8000000000000000,3.0000000000000000,3.5000000000000000,Analytical,Context,Activator
EMP101978,Yuni Erlangga Pratama,3.0000000000000000,9,III,S2,1,2,139.0,37,37,SI,null,35.0,2,4.0,8.0,null,8.0,1.0,7.0,2.0,4.0,3.0,7.0,6.0,1.0,2.0,2.0,7.0,9.0,9.0,8.0,6.0,7.0,2.5000000000000000,3.0000000000000000,3.0000000000000000,3.0000000000000000,2.7500000000000000,3.0000000000000000,1.6666666666666667,2.7500000000000000,3.2500000000000000,2.7500000000000000,,Communication,Individualization
EMP101979,Prasetyo Pramudita Saputra,3.8000000000000000,37,III,S2,1,5,98.0,34,74,SD,INFP,39.0,1,3.0,4.0,9.0,5.0,4.0,2.0,3.0,4.0,8.0,3.0,8.0,5.0,5.0,3.0,6.0,6.0,5.0,1.0,9.0,2.0,3.6000000000000000,3.6000000000000000,3.4000000000000000,3.6666666666666667,4.2500000000000000,4.0000000000000000,4.0000000000000000,3.7500000000000000,3.6666666666666667,3.6000000000000000,Competition,Harmony,Intellection
EMP101980,Valdo Ganesha Handayani,2.0000000000000000,81,III,D3,1,2,139.0,32,65,IC,ESFJ,19.0,9,6.0,3.0,6.0,7.0,3.0,4.0,6.0,5.0,7.0,2.0,8.0,3.0,5.0,null,null,2.0,9.0,9.0,8.0,4.0,2.0000000000000000,2.0000000000000000,3.0000000000000000,2.2500000000000000,2.4000000000000000,1.7500000000000000,2.2000000000000000,2.2500000000000000,2.2500000000000000,2.4000000000000000,Connectedness,Responsibility,Command
EMP101981,Novi Aji Suharto,3.2500000000000000,89,III,SMA,1,6,null,70,48,IS,null,null,5,3.0,null,2.0,6.0,7.0,7.0,7.0,2.0,5.0,1.0,6.0,1.0,1.0,9.0,8.0,1.0,1.0,9.0,8.0,1.0,3.4000000000000000,4.0000000000000000,3.2000000000000000,3.7500000000000000,3.3333333333333333,3.0000000000000000,3.6000000000000000,3.4000000000000000,3.2000000000000000,4.2000000000000000,Context,Analytical,Learner
EMP101982,Joko Santoso,22.2000000000000000,53,V,SMA,3,6,108.0,41,41,SC,INFJ,35.0,5,2.0,4.0,3.0,null,1.0,6.0,2.0,7.0,8.0,3.0,9.0,9.0,null,4.0,5.0,9.0,6.0,7.0,9.0,7.0,3.0000000000000000,3.0000000000000000,3.2500000000000000,3.0000000000000000,3.0000000000000000,3.0000000000000000,3.0000000000000000,3.0000000000000000,3.0000000000000000,3.4000000000000000,Intellection,,Analytical
EMP101983,Dinda Qolbi Fauziah,4.0000000000000000,86,III,S2,1,6,119.0,89,25,DI,ISFP,27.0,1,6.0,1.0,8.0,1.0,5.0,null,5.0,8.0,8.0,5.0,6.0,7.0,9.0,9.0,9.0,5.0,4.0,8.0,3.0,8.0,23.2000000000000000,4.4000000000000000,3.8000000000000000,3.7500000000000000,4.2500000000000000,4.0000000000000000,4.0000000000000000,4.6000000000000000,4.0000000000000000,4.0000000000000000,Context,Individualization,Achiever
EMP101984,Putri Utami,4.0000000000000000,57,V,SMA,3,2,125.0,20,35,CD,ENFP,27.0,1,4.0,9.0,3.0,8.0,8.0,9.0,4.0,4.0,6.0,8.0,8.0,7.0,1.0,7.0,2.0,3.0,null,9.0,5.0,2.0,4.2000000000000000,3.4000000000000000,3.4000000000000000,3.5000000000000000,3.2000000000000000,3.8000000000000000,4.2000000000000000,4.0000000000000000,4.2500000000000000,3.7500000000000000,Futuristic,Activator,Adaptability
EMP101985,Dwi Kusuma,2.8000000000000000,31,III,SMA,1,2,98.0,43,62,null,null,16.0,7,7.0,7.0,8.0,4.0,2.0,7.0,2.0,6.0,null,1.0,3.0,7.0,null,2.0,8.0,5.0,7.0,8.0,3.0,1.0,2.8000000000000000,2.2000000000000000,3.7500000000000000,2.8000000000000000,3.0000000000000000,2.5000000000000000,2.8000000000000000,2.6000000000000000,2.2000000000000000,3.0000000000000000,Empathy,Communication,
EMP101986,Wahyu Pratomo,4.0000000000000000,7,III,S1,1,3,131.0,37,64,SC,ISTJ,28.0,7,2.0,9.0,1.0,null,5.0,6.0,9.0,9.0,7.0,1.0,3.0,9.0,4.0,7.0,6.0,1.0,8.0,5.0,2.0,null,3.5000000000000000,3.2500000000000000,3.5000000000000000,3.2500000000000000,3.6666666666666667,3.6666666666666667,3.5000000000000000,3.2500000000000000,3.2500000000000000,3.2500000000000000,,Responsibility,Communication
EMP101987,Ahmad Herlambang,2.3333333333333333,77,V,S2,3,6,119.0,100,48,ID,INFJ,32.0,4,5.0,3.0,3.0,4.0,6.0,5.0,5.0,6.0,8.0,9.0,1.0,8.0,7.0,4.0,7.0,7.0,8.0,null,9.0,1.0,3.0000000000000000,3.0000000000000000,3.4000000000000000,3.0000000000000000,3.2000000000000000,3.0000000000000000,2.5000000000000000,3.2000000000000000,2.7500000000000000,3.0000000000000000,Analytical,Consistency,Self-Assurance
EMP101988,Wulan Tri Pratama,3.0000000000000000,33,V,S2,3,3,109.0,43,51,ID,INFJ,41.0,5,4.0,2.0,6.0,8.0,5.0,8.0,4.0,5.0,3.0,3.0,9.0,8.0,9.0,null,7.0,8.0,6.0,3.0,3.0,6.0,3.4000000000000000,2.5000000000000000,3.0000000000000000,2.8000000000000000,2.8000000000000000,3.7500000000000000,3.2000000000000000,2.4000000000000000,3.5000000000000000,4.0000000000000000,Discipline,,Ideation
EMP101989,Gita Tri Gunawan,2.7500000000000000,27,III,S1,1,4,91.0,76,34,DS,null,18.0,4,6.0,8.0,2.0,7.0,6.0,3.0,6.0,2.0,7.0,1.0,6.0,5.0,3.0,6.0,3.0,5.0,1.0,8.0,null,3.0,3.0000000000000000,2.8000000000000000,2.5000000000000000,3.2500000000000000,2.8000000000000000,3.0000000000000000,2.6000000000000000,2.8000000000000000,22.6000000000000000,2.6000000000000000,Futuristic,Individualization,Empathy
EMP101990,Adi Subekti,3.0000000000000000,53,IV,S2,2,3,null,88,45,SI,ENTJ,null,5,5.0,9.0,9.0,9.0,2.0,6.0,7.0,1.0,9.0,3.0,7.0,2.0,5.0,7.0,8.0,null,3.0,7.0,2.0,7.0,2.8000000000000000,2.7500000000000000,3.2500000000000000,2.8000000000000000,3.4000000000000000,2.6666666666666667,2.4000000000000000,2.8000000000000000,2.6666666666666667,3.4000000000000000,Woo,Ideation,Intellection
EMP101991,Dian Erlangga Yulianto,3.7500000000000000,37,IV,D3,2,6,132.0,84,69,CD,ISFJ,25.0,4,7.0,null,5.0,7.0,null,null,6.0,5.0,7.0,3.0,9.0,2.0,1.0,3.0,8.0,4.0,1.0,3.0,3.0,null,3.2500000000000000,3.8000000000000000,4.2500000000000000,3.6000000000000000,4.0000000000000000,3.4000000000000000,3.4000000000000000,3.4000000000000000,3.6000000000000000,3.2500000000000000,Self-Assurance,,Arranger
EMP101992,Maya Anugrah Hasibuan,3.0000000000000000,42,III,S2,1,6,110.0,49,67,IC,null,30.0,5,2.0,2.0,5.0,8.0,3.0,3.0,2.0,null,7.0,9.0,2.0,4.0,8.0,2.0,5.0,5.0,6.0,5.0,9.0,3.0,2.8000000000000000,3.0000000000000000,3.4000000000000000,3.2500000000000000,2.7500000000000000,3.0000000000000000,3.2500000000000000,2.8000000000000000,3.0000000000000000,2.3333333333333333,Consistency,Strategic,Relator
EMP101993,Rani Utama Simanjuntak,3.8000000000000000,24,III,S1,1,6,135.0,20,37,SC,ESFP,45.0,8,6.0,9.0,8.0,6.0,7.0,3.0,1.0,3.0,7.0,5.0,3.0,4.0,4.0,5.0,8.0,8.0,4.0,1.0,8.0,4.0,4.0000000000000000,4.0000000000000000,3.8000000000000000,4.0000000000000000,3.8000000000000000,3.7500000000000000,3.7500000000000000,3.7500000000000000,3.8000000000000000,3.5000000000000000,Empathy,Focus,Communication
EMP101994,Rani Indrawan,3.6666666666666667,14,IV,D3,2,6,90.0,96,55,SI,ENFJ,20.0,4,8.0,2.0,3.0,2.0,7.0,5.0,9.0,null,3.0,7.0,1.0,2.0,6.0,8.0,8.0,7.0,2.0,1.0,2.0,1.0,4.0000000000000000,4.3333333333333333,3.7500000000000000,3.5000000000000000,3.3333333333333333,3.5000000000000000,3.6666666666666667,3.5000000000000000,3.2500000000000000,3.5000000000000000,Woo,Restorative,Competition
EMP101995,Utami Kusuma Hidayat,3.4000000000000000,50,IV,S2,2,5,134.0,26,42,SC,ENTP,41.0,8,4.0,4.0,6.0,null,6.0,9.0,5.0,1.0,4.0,8.0,1.0,8.0,6.0,1.0,4.0,5.0,4.0,7.0,8.0,8.0,3.6000000000000000,3.6000000000000000,3.4000000000000000,3.7500000000000000,3.2500000000000000,3.8000000000000000,3.4000000000000000,3.8000000000000000,4.0000000000000000,3.4000000000000000,Belief,Relator,
EMP101996,Adit Maulana,3.4000000000000000,53,V,S1,3,2,null,52,78,DS,INTP,24.0,6,8.0,8.0,8.0,7.0,null,7.0,1.0,2.0,5.0,4.0,7.0,5.0,5.0,null,3.0,2.0,5.0,4.0,7.0,7.0,2.3333333333333333,3.6000000000000000,4.0000000000000000,3.6000000000000000,3.2500000000000000,3.6000000000000000,3.6000000000000000,3.7500000000000000,3.2000000000000000,3.2000000000000000,Positivity,Achiever,Woo
EMP101997,Satya Halim Putra,3.0000000000000000,16,IV,SMA,2,1,null,23,44,DC,ISTP,null,1,3.0,5.0,9.0,1.0,5.0,7.0,null,4.0,null,3.0,5.0,4.0,4.0,6.0,6.0,1.0,null,3.0,null,7.0,3.6666666666666667,2.7500000000000000,3.2500000000000000,2.5000000000000000,3.0000000000000000,3.0000000000000000,3.0000000000000000,3.0000000000000000,3.0000000000000000,3.0000000000000000,Positivity,,Empathy
EMP101998,Kurnia Subekti,3.4000000000000000,64,III,D3,1,5,null,42,21,CS,null,19.0,2,4.0,5.0,5.0,4.0,9.0,1.0,1.0,7.0,null,7.0,4.0,2.0,1.0,null,4.0,null,2.0,2.0,5.0,9.0,3.0000000000000000,4.3333333333333333,3.0000000000000000,3.5000000000000000,3.6000000000000000,3.7500000000000000,3.4000000000000000,4.0000000000000000,3.2000000000000000,3.6000000000000000,Achiever,Command,Connectedness
EMP101999,Adit Mahendra,3.0000000000000000,58,III,S1,1,2,90.0,76,68,DC,INFP,25.0,8,6.0,2.0,8.0,7.0,8.0,1.0,8.0,4.0,9.0,6.0,2.0,8.0,1.0,3.0,8.0,3.0,1.0,7.0,9.0,9.0,3.0000000000000000,3.2500000000000000,2.7500000000000000,3.0000000000000000,3.0000000000000000,2.6000000000000000,2.2500000000000000,3.2000000000000000,2.7500000000000000,2.8000000000000000,Ideation,Input,Positivity